Allocating 8 bytes for mem_19762 in space 'device' (currently allocated: 160164 bytes).
Received block of 8 bytes; now allocated: 160172 bytes.
Allocating 8 bytes for mem_19763 in space 'device' (currently allocated: 160172 bytes).
Received block of 8 bytes; now allocated: 160180 bytes.
Allocating 8 bytes for mem_19764 in space 'device' (currently allocated: 160180 bytes).
Received block of 8 bytes; now allocated: 160188 bytes.
Allocating 8 bytes for mem_19765 in space 'device' (currently allocated: 160188 bytes).
Received block of 8 bytes; now allocated: 160196 bytes.
Allocating 26664 bytes for mem_19767 in space 'device' (currently allocated: 160196 bytes).
Received block of 26664 bytes; now allocated: 186860 bytes.
Allocating 26664 bytes for mem_19769 in space 'device' (currently allocated: 186860 bytes).
Received block of 26664 bytes; now allocated: 213524 bytes.
Allocating 26664 bytes for mem_19771 in space 'device' (currently allocated: 213524 bytes).
Received block of 26664 bytes; now allocated: 240188 bytes.
Allocating 26664 bytes for mem_19773 in space 'device' (currently allocated: 240188 bytes).
Received block of 26664 bytes; now allocated: 266852 bytes.
Allocating 112 bytes for segred_tmp_mem_19944 in space 'device' (currently allocated: 266852 bytes).
Received block of 112 bytes; now allocated: 266964 bytes.
Allocating 112 bytes for segred_tmp_mem_19946 in space 'device' (currently allocated: 266964 bytes).
Received block of 112 bytes; now allocated: 267076 bytes.
Allocating 112 bytes for segred_tmp_mem_19948 in space 'device' (currently allocated: 267076 bytes).
Received block of 112 bytes; now allocated: 267188 bytes.
Allocating 112 bytes for segred_tmp_mem_19950 in space 'device' (currently allocated: 267188 bytes).
Received block of 112 bytes; now allocated: 267300 bytes.
Event: main.segred_nonseg_19092
Kernel main.segred_nonseg_19092 with
  grid=(14,1,1)
  block=(256,1,1)
  shared memory=8200

Allocating 26656 bytes for mem_19775 in space 'device' (currently allocated: 267300 bytes).
Received block of 26656 bytes; now allocated: 293956 bytes.
Event: builtin#replicate_f64.replicate_20034
Kernel builtin#replicate_f64.replicate_20034 with
  grid=(14,1,1)
  block=(256,1,1)
  shared memory=0

Allocating 26664 bytes for mem_19777 in space 'device' (currently allocated: 293956 bytes).
Received block of 26664 bytes; now allocated: 320620 bytes.
Event: builtin#iota_i64.iota_i64_20054
Kernel builtin#iota_i64.iota_i64_20054 with
  grid=(14,1,1)
  block=(256,1,1)
  shared memory=0

Allocating 13328 bytes for mem_19779 in space 'device' (currently allocated: 320620 bytes).
Received block of 13328 bytes; now allocated: 333948 bytes.
Event: builtin#replicate_i32.replicate_19929
Kernel builtin#replicate_i32.replicate_19929 with
  grid=(14,1,1)
  block=(256,1,1)
  shared memory=0

Allocating 8 bytes for mem_19780 in space 'device' (currently allocated: 333948 bytes).
Received block of 8 bytes; now allocated: 333956 bytes.
Allocating 8 bytes for mem_19781 in space 'device' (currently allocated: 333956 bytes).
Received block of 8 bytes; now allocated: 333964 bytes.
Allocating 8 bytes for mem_19782 in space 'device' (currently allocated: 333964 bytes).
Received block of 8 bytes; now allocated: 333972 bytes.
Allocating 8 bytes for mem_19783 in space 'device' (currently allocated: 333972 bytes).
Received block of 8 bytes; now allocated: 333980 bytes.
Event: main.gpuseq_20070
Kernel main.gpuseq_20070 with
  grid=(1,1,1)
  block=(1,1,1)
  shared memory=0

Unreferencing block mem_19762 (allocated as mem_19762) in space 'device': 0 references remaining.
8 bytes freed (now allocated: 333972 bytes)
Unreferencing block mem_19763 (allocated as mem_19763) in space 'device': 0 references remaining.
8 bytes freed (now allocated: 333964 bytes)
Unreferencing block mem_19764 (allocated as mem_19764) in space 'device': 0 references remaining.
8 bytes freed (now allocated: 333956 bytes)
Unreferencing block mem_19765 (allocated as mem_19765) in space 'device': 0 references remaining.
8 bytes freed (now allocated: 333948 bytes)
Allocating 26664 bytes for mem_19786 in space 'device' (currently allocated: 333948 bytes).
Received block of 26664 bytes; now allocated: 360612 bytes.
Event: main.segmap_19119
Kernel main.segmap_19119 with
  grid=(14,1,1)
  block=(256,1,1)
  shared memory=0

Allocating 26664 bytes for mem_19795 in space 'device' (currently allocated: 360612 bytes).
Received block of 26664 bytes; now allocated: 387276 bytes.
Allocating 26664 bytes for mem_19797 in space 'device' (currently allocated: 387276 bytes).
Received block of 26664 bytes; now allocated: 413940 bytes.
Allocating 26664 bytes for mem_19799 in space 'device' (currently allocated: 413940 bytes).
Received block of 26664 bytes; now allocated: 440604 bytes.
Allocating 26664 bytes for mem_19801 in space 'device' (currently allocated: 440604 bytes).
Received block of 26664 bytes; now allocated: 467268 bytes.
Allocating 13332 bytes for mem_19803 in space 'device' (currently allocated: 467268 bytes).
Received block of 13332 bytes; now allocated: 480600 bytes.
Allocating 8 bytes for mem_19808 in space 'device' (currently allocated: 480600 bytes).
Received block of 8 bytes; now allocated: 480608 bytes.
Allocating 8 bytes for mem_19809 in space 'device' (currently allocated: 480608 bytes).
Received block of 8 bytes; now allocated: 480616 bytes.
Allocating 8 bytes for mem_19810 in space 'device' (currently allocated: 480616 bytes).
Received block of 8 bytes; now allocated: 480624 bytes.
Allocating 5 bytes for status_flags_mem_20096 in space 'device' (currently allocated: 480624 bytes).
Received block of 8 bytes; now allocated: 480632 bytes.
Event: builtin#replicate_i8.replicate_20103
Kernel builtin#replicate_i8.replicate_20103 with
  grid=(1,1,1)
  block=(256,1,1)
  shared memory=0

Allocating 40 bytes for aggregates_mem_20118 in space 'device' (currently allocated: 480632 bytes).
Received block of 40 bytes; now allocated: 480672 bytes.
Allocating 40 bytes for incprefixes_mem_20120 in space 'device' (currently allocated: 480672 bytes).
Received block of 40 bytes; now allocated: 480712 bytes.
Allocating 40 bytes for aggregates_mem_20122 in space 'device' (currently allocated: 480712 bytes).
Received block of 40 bytes; now allocated: 480752 bytes.
Allocating 40 bytes for incprefixes_mem_20124 in space 'device' (currently allocated: 480752 bytes).
Received block of 40 bytes; now allocated: 480792 bytes.
Allocating 40 bytes for aggregates_mem_20126 in space 'device' (currently allocated: 480792 bytes).
Received block of 40 bytes; now allocated: 480832 bytes.
Allocating 40 bytes for incprefixes_mem_20128 in space 'device' (currently allocated: 480832 bytes).
Received block of 40 bytes; now allocated: 480872 bytes.
Allocating 40 bytes for aggregates_mem_20130 in space 'device' (currently allocated: 480872 bytes).
Received block of 40 bytes; now allocated: 480912 bytes.
Allocating 40 bytes for incprefixes_mem_20132 in space 'device' (currently allocated: 480912 bytes).
Received block of 40 bytes; now allocated: 480952 bytes.
Event: main.segscan_19140
Kernel main.segscan_19140 with
  grid=(14,1,1)
  block=(256,1,1)
  shared memory=8192

Allocating 26664 bytes for mem_19805 in space 'device' (currently allocated: 480952 bytes).
Received block of 26664 bytes; now allocated: 507616 bytes.

# Copy GPU to GPU
Shape: [3333]
Dst offset: 0
Dst strides: 1
Src offset: 0
Src strides: 1
## Flat copy

Event: copy_dev_to_dev

Allocating 26664 bytes for mem_19807 in space 'device' (currently allocated: 507616 bytes).
Received block of 26664 bytes; now allocated: 534280 bytes.

# Copy GPU to GPU
Shape: [3333]
Dst offset: 0
Dst strides: 1
Src offset: 0
Src strides: 1
## Flat copy

Event: copy_dev_to_dev

Event: main.gpuseq_20361
Kernel main.gpuseq_20361 with
  grid=(1,1,1)
  block=(1,1,1)
  shared memory=0

Event: main.segmap_19142
Kernel main.segmap_19142 with
  grid=(14,1,1)
  block=(256,1,1)
  shared memory=0

Unreferencing block mem_param_tmp_20085 (allocated as mem_19786) in space 'device': 1 references remaining.
Unreferencing block mem_param_tmp_20086 (allocated as mem_19777) in space 'device': 1 references remaining.
Unreferencing block status_flags_mem_20096 (allocated as status_flags_mem_20096) in space 'device': 0 references remaining.
8 bytes freed (now allocated: 534272 bytes)
Allocating 5 bytes for status_flags_mem_20096 in space 'device' (currently allocated: 534272 bytes).
Received block of 8 bytes; now allocated: 534280 bytes.
Event: builtin#replicate_i8.replicate_20103
Kernel builtin#replicate_i8.replicate_20103 with
  grid=(1,1,1)
  block=(256,1,1)
  shared memory=0

Unreferencing block aggregates_mem_20118 (allocated as aggregates_mem_20118) in space 'device': 0 references remaining.
40 bytes freed (now allocated: 534240 bytes)
Allocating 40 bytes for aggregates_mem_20118 in space 'device' (currently allocated: 534240 bytes).
Received block of 40 bytes; now allocated: 534280 bytes.
Unreferencing block incprefixes_mem_20120 (allocated as incprefixes_mem_20120) in space 'device': 0 references remaining.
40 bytes freed (now allocated: 534240 bytes)
Allocating 40 bytes for incprefixes_mem_20120 in space 'device' (currently allocated: 534240 bytes).
Received block of 40 bytes; now allocated: 534280 bytes.
Unreferencing block aggregates_mem_20122 (allocated as aggregates_mem_20122) in space 'device': 0 references remaining.
40 bytes freed (now allocated: 534240 bytes)
Allocating 40 bytes for aggregates_mem_20122 in space 'device' (currently allocated: 534240 bytes).
Received block of 40 bytes; now allocated: 534280 bytes.
Unreferencing block incprefixes_mem_20124 (allocated as incprefixes_mem_20124) in space 'device': 0 references remaining.
40 bytes freed (now allocated: 534240 bytes)
Allocating 40 bytes for incprefixes_mem_20124 in space 'device' (currently allocated: 534240 bytes).
Received block of 40 bytes; now allocated: 534280 bytes.
Unreferencing block aggregates_mem_20126 (allocated as aggregates_mem_20126) in space 'device': 0 references remaining.
40 bytes freed (now allocated: 534240 bytes)
Allocating 40 bytes for aggregates_mem_20126 in space 'device' (currently allocated: 534240 bytes).
Received block of 40 bytes; now allocated: 534280 bytes.
Unreferencing block incprefixes_mem_20128 (allocated as incprefixes_mem_20128) in space 'device': 0 references remaining.
40 bytes freed (now allocated: 534240 bytes)
Allocating 40 bytes for incprefixes_mem_20128 in space 'device' (currently allocated: 534240 bytes).
Received block of 40 bytes; now allocated: 534280 bytes.
Unreferencing block aggregates_mem_20130 (allocated as aggregates_mem_20130) in space 'device': 0 references remaining.
40 bytes freed (now allocated: 534240 bytes)
Allocating 40 bytes for aggregates_mem_20130 in space 'device' (currently allocated: 534240 bytes).
Received block of 40 bytes; now allocated: 534280 bytes.
Unreferencing block incprefixes_mem_20132 (allocated as incprefixes_mem_20132) in space 'device': 0 references remaining.
40 bytes freed (now allocated: 534240 bytes)
Allocating 40 bytes for incprefixes_mem_20132 in space 'device' (currently allocated: 534240 bytes).
Received block of 40 bytes; now allocated: 534280 bytes.
Event: main.segscan_19140
Kernel main.segscan_19140 with
  grid=(14,1,1)
  block=(256,1,1)
  shared memory=8192

Unreferencing block mem_19805 (allocated as mem_19805) in space 'device': 2 references remaining.
Allocating 26664 bytes for mem_19805 in space 'device' (currently allocated: 534280 bytes).
Received block of 26664 bytes; now allocated: 560944 bytes.

# Copy GPU to GPU
Shape: [3333]
Dst offset: 0
Dst strides: 1
Src offset: 0
Src strides: 1
## Flat copy

Event: copy_dev_to_dev

Unreferencing block mem_19807 (allocated as mem_19807) in space 'device': 2 references remaining.
Allocating 26664 bytes for mem_19807 in space 'device' (currently allocated: 560944 bytes).
Received block of 26664 bytes; now allocated: 587608 bytes.

# Copy GPU to GPU
Shape: [3333]
Dst offset: 0
Dst strides: 1
Src offset: 0
Src strides: 1
## Flat copy

Event: copy_dev_to_dev

Event: main.gpuseq_20361
Kernel main.gpuseq_20361 with
  grid=(1,1,1)
  block=(1,1,1)
  shared memory=0

Event: main.segmap_19142
Kernel main.segmap_19142 with
  grid=(14,1,1)
  block=(256,1,1)
  shared memory=0

Unreferencing block mem_19807 (allocated as mem_19807) in space 'device': 1 references remaining.
Unreferencing block mem_19805 (allocated as mem_19805) in space 'device': 1 references remaining.
Unreferencing block mem_param_tmp_20085 (allocated as mem_19807) in space 'device': 0 references remaining.
26664 bytes freed (now allocated: 560944 bytes)
Unreferencing block mem_param_tmp_20086 (allocated as mem_19805) in space 'device': 0 references remaining.
26664 bytes freed (now allocated: 534280 bytes)
Unreferencing block status_flags_mem_20096 (allocated as status_flags_mem_20096) in space 'device': 0 references remaining.
8 bytes freed (now allocated: 534272 bytes)
Allocating 5 bytes for status_flags_mem_20096 in space 'device' (currently allocated: 534272 bytes).
Received block of 8 bytes; now allocated: 534280 bytes.
Event: builtin#replicate_i8.replicate_20103
Kernel builtin#replicate_i8.replicate_20103 with
  grid=(1,1,1)
  block=(256,1,1)
  shared memory=0

Unreferencing block aggregates_mem_20118 (allocated as aggregates_mem_20118) in space 'device': 0 references remaining.
40 bytes freed (now allocated: 534240 bytes)
Allocating 40 bytes for aggregates_mem_20118 in space 'device' (currently allocated: 534240 bytes).
Received block of 40 bytes; now allocated: 534280 bytes.
Unreferencing block incprefixes_mem_20120 (allocated as incprefixes_mem_20120) in space 'device': 0 references remaining.
40 bytes freed (now allocated: 534240 bytes)
Allocating 40 bytes for incprefixes_mem_20120 in space 'device' (currently allocated: 534240 bytes).
Received block of 40 bytes; now allocated: 534280 bytes.
Unreferencing block aggregates_mem_20122 (allocated as aggregates_mem_20122) in space 'device': 0 references remaining.
40 bytes freed (now allocated: 534240 bytes)
Allocating 40 bytes for aggregates_mem_20122 in space 'device' (currently allocated: 534240 bytes).
Received block of 40 bytes; now allocated: 534280 bytes.
Unreferencing block incprefixes_mem_20124 (allocated as incprefixes_mem_20124) in space 'device': 0 references remaining.
40 bytes freed (now allocated: 534240 bytes)
Allocating 40 bytes for incprefixes_mem_20124 in space 'device' (currently allocated: 534240 bytes).
Received block of 40 bytes; now allocated: 534280 bytes.
Unreferencing block aggregates_mem_20126 (allocated as aggregates_mem_20126) in space 'device': 0 references remaining.
40 bytes freed (now allocated: 534240 bytes)
Allocating 40 bytes for aggregates_mem_20126 in space 'device' (currently allocated: 534240 bytes).
Received block of 40 bytes; now allocated: 534280 bytes.
Unreferencing block incprefixes_mem_20128 (allocated as incprefixes_mem_20128) in space 'device': 0 references remaining.
40 bytes freed (now allocated: 534240 bytes)
Allocating 40 bytes for incprefixes_mem_20128 in space 'device' (currently allocated: 534240 bytes).
Received block of 40 bytes; now allocated: 534280 bytes.
Unreferencing block aggregates_mem_20130 (allocated as aggregates_mem_20130) in space 'device': 0 references remaining.
40 bytes freed (now allocated: 534240 bytes)
Allocating 40 bytes for aggregates_mem_20130 in space 'device' (currently allocated: 534240 bytes).
Received block of 40 bytes; now allocated: 534280 bytes.
Unreferencing block incprefixes_mem_20132 (allocated as incprefixes_mem_20132) in space 'device': 0 references remaining.
40 bytes freed (now allocated: 534240 bytes)
Allocating 40 bytes for incprefixes_mem_20132 in space 'device' (currently allocated: 534240 bytes).
Received block of 40 bytes; now allocated: 534280 bytes.
Event: main.segscan_19140
Kernel main.segscan_19140 with
  grid=(14,1,1)
  block=(256,1,1)
  shared memory=8192

Unreferencing block mem_19805 (allocated as mem_19805) in space 'device': 2 references remaining.
Allocating 26664 bytes for mem_19805 in space 'device' (currently allocated: 534280 bytes).
Received block of 26664 bytes; now allocated: 560944 bytes.

# Copy GPU to GPU
Shape: [3333]
Dst offset: 0
Dst strides: 1
Src offset: 0
Src strides: 1
## Flat copy

Event: copy_dev_to_dev

Unreferencing block mem_19807 (allocated as mem_19807) in space 'device': 2 references remaining.
Allocating 26664 bytes for mem_19807 in space 'device' (currently allocated: 560944 bytes).
Received block of 26664 bytes; now allocated: 587608 bytes.

# Copy GPU to GPU
Shape: [3333]
Dst offset: 0
Dst strides: 1
Src offset: 0
Src strides: 1
## Flat copy

Event: copy_dev_to_dev

Event: main.gpuseq_20361
Kernel main.gpuseq_20361 with
  grid=(1,1,1)
  block=(1,1,1)
  shared memory=0

Event: main.segmap_19142
Kernel main.segmap_19142 with
  grid=(14,1,1)
  block=(256,1,1)
  shared memory=0

Unreferencing block mem_19807 (allocated as mem_19807) in space 'device': 1 references remaining.
Unreferencing block mem_19805 (allocated as mem_19805) in space 'device': 1 references remaining.
Unreferencing block mem_param_tmp_20085 (allocated as mem_19807) in space 'device': 0 references remaining.
26664 bytes freed (now allocated: 560944 bytes)
Unreferencing block mem_param_tmp_20086 (allocated as mem_19805) in space 'device': 0 references remaining.
26664 bytes freed (now allocated: 534280 bytes)
Unreferencing block status_flags_mem_20096 (allocated as status_flags_mem_20096) in space 'device': 0 references remaining.
8 bytes freed (now allocated: 534272 bytes)
Allocating 5 bytes for status_flags_mem_20096 in space 'device' (currently allocated: 534272 bytes).
Received block of 8 bytes; now allocated: 534280 bytes.
Event: builtin#replicate_i8.replicate_20103
Kernel builtin#replicate_i8.replicate_20103 with
  grid=(1,1,1)
  block=(256,1,1)
  shared memory=0

Unreferencing block aggregates_mem_20118 (allocated as aggregates_mem_20118) in space 'device': 0 references remaining.
40 bytes freed (now allocated: 534240 bytes)
Allocating 40 bytes for aggregates_mem_20118 in space 'device' (currently allocated: 534240 bytes).
Received block of 40 bytes; now allocated: 534280 bytes.
Unreferencing block incprefixes_mem_20120 (allocated as incprefixes_mem_20120) in space 'device': 0 references remaining.
40 bytes freed (now allocated: 534240 bytes)
Allocating 40 bytes for incprefixes_mem_20120 in space 'device' (currently allocated: 534240 bytes).
Received block of 40 bytes; now allocated: 534280 bytes.
Unreferencing block aggregates_mem_20122 (allocated as aggregates_mem_20122) in space 'device': 0 references remaining.
40 bytes freed (now allocated: 534240 bytes)
Allocating 40 bytes for aggregates_mem_20122 in space 'device' (currently allocated: 534240 bytes).
Received block of 40 bytes; now allocated: 534280 bytes.
Unreferencing block incprefixes_mem_20124 (allocated as incprefixes_mem_20124) in space 'device': 0 references remaining.
40 bytes freed (now allocated: 534240 bytes)
Allocating 40 bytes for incprefixes_mem_20124 in space 'device' (currently allocated: 534240 bytes).
Received block of 40 bytes; now allocated: 534280 bytes.
Unreferencing block aggregates_mem_20126 (allocated as aggregates_mem_20126) in space 'device': 0 references remaining.
40 bytes freed (now allocated: 534240 bytes)
Allocating 40 bytes for aggregates_mem_20126 in space 'device' (currently allocated: 534240 bytes).
Received block of 40 bytes; now allocated: 534280 bytes.
Unreferencing block incprefixes_mem_20128 (allocated as incprefixes_mem_20128) in space 'device': 0 references remaining.
40 bytes freed (now allocated: 534240 bytes)
Allocating 40 bytes for incprefixes_mem_20128 in space 'device' (currently allocated: 534240 bytes).
Received block of 40 bytes; now allocated: 534280 bytes.
Unreferencing block aggregates_mem_20130 (allocated as aggregates_mem_20130) in space 'device': 0 references remaining.
40 bytes freed (now allocated: 534240 bytes)
Allocating 40 bytes for aggregates_mem_20130 in space 'device' (currently allocated: 534240 bytes).
Received block of 40 bytes; now allocated: 534280 bytes.
Unreferencing block incprefixes_mem_20132 (allocated as incprefixes_mem_20132) in space 'device': 0 references remaining.
40 bytes freed (now allocated: 534240 bytes)
Allocating 40 bytes for incprefixes_mem_20132 in space 'device' (currently allocated: 534240 bytes).
Received block of 40 bytes; now allocated: 534280 bytes.
Event: main.segscan_19140
Kernel main.segscan_19140 with
  grid=(14,1,1)
  block=(256,1,1)
  shared memory=8192

Unreferencing block mem_19805 (allocated as mem_19805) in space 'device': 2 references remaining.
Allocating 26664 bytes for mem_19805 in space 'device' (currently allocated: 534280 bytes).
Received block of 26664 bytes; now allocated: 560944 bytes.

# Copy GPU to GPU
Shape: [3333]
Dst offset: 0
Dst strides: 1
Src offset: 0
Src strides: 1
## Flat copy

Event: copy_dev_to_dev

Unreferencing block mem_19807 (allocated as mem_19807) in space 'device': 2 references remaining.
Allocating 26664 bytes for mem_19807 in space 'device' (currently allocated: 560944 bytes).
Received block of 26664 bytes; now allocated: 587608 bytes.

# Copy GPU to GPU
Shape: [3333]
Dst offset: 0
Dst strides: 1
Src offset: 0
Src strides: 1
## Flat copy

Event: copy_dev_to_dev

Event: main.gpuseq_20361
Kernel main.gpuseq_20361 with
  grid=(1,1,1)
  block=(1,1,1)
  shared memory=0

Event: main.segmap_19142
Kernel main.segmap_19142 with
  grid=(14,1,1)
  block=(256,1,1)
  shared memory=0

Unreferencing block mem_19807 (allocated as mem_19807) in space 'device': 1 references remaining.
Unreferencing block mem_19805 (allocated as mem_19805) in space 'device': 1 references remaining.
Unreferencing block mem_param_tmp_20085 (allocated as mem_19807) in space 'device': 0 references remaining.
26664 bytes freed (now allocated: 560944 bytes)
Unreferencing block mem_param_tmp_20086 (allocated as mem_19805) in space 'device': 0 references remaining.
26664 bytes freed (now allocated: 534280 bytes)
Unreferencing block status_flags_mem_20096 (allocated as status_flags_mem_20096) in space 'device': 0 references remaining.
8 bytes freed (now allocated: 534272 bytes)
Allocating 5 bytes for status_flags_mem_20096 in space 'device' (currently allocated: 534272 bytes).
Received block of 8 bytes; now allocated: 534280 bytes.
Event: builtin#replicate_i8.replicate_20103
Kernel builtin#replicate_i8.replicate_20103 with
  grid=(1,1,1)
  block=(256,1,1)
  shared memory=0

Unreferencing block aggregates_mem_20118 (allocated as aggregates_mem_20118) in space 'device': 0 references remaining.
40 bytes freed (now allocated: 534240 bytes)
Allocating 40 bytes for aggregates_mem_20118 in space 'device' (currently allocated: 534240 bytes).
Received block of 40 bytes; now allocated: 534280 bytes.
Unreferencing block incprefixes_mem_20120 (allocated as incprefixes_mem_20120) in space 'device': 0 references remaining.
40 bytes freed (now allocated: 534240 bytes)
Allocating 40 bytes for incprefixes_mem_20120 in space 'device' (currently allocated: 534240 bytes).
Received block of 40 bytes; now allocated: 534280 bytes.
Unreferencing block aggregates_mem_20122 (allocated as aggregates_mem_20122) in space 'device': 0 references remaining.
40 bytes freed (now allocated: 534240 bytes)
Allocating 40 bytes for aggregates_mem_20122 in space 'device' (currently allocated: 534240 bytes).
Received block of 40 bytes; now allocated: 534280 bytes.
Unreferencing block incprefixes_mem_20124 (allocated as incprefixes_mem_20124) in space 'device': 0 references remaining.
40 bytes freed (now allocated: 534240 bytes)
Allocating 40 bytes for incprefixes_mem_20124 in space 'device' (currently allocated: 534240 bytes).
Received block of 40 bytes; now allocated: 534280 bytes.
Unreferencing block aggregates_mem_20126 (allocated as aggregates_mem_20126) in space 'device': 0 references remaining.
40 bytes freed (now allocated: 534240 bytes)
Allocating 40 bytes for aggregates_mem_20126 in space 'device' (currently allocated: 534240 bytes).
Received block of 40 bytes; now allocated: 534280 bytes.
Unreferencing block incprefixes_mem_20128 (allocated as incprefixes_mem_20128) in space 'device': 0 references remaining.
40 bytes freed (now allocated: 534240 bytes)
Allocating 40 bytes for incprefixes_mem_20128 in space 'device' (currently allocated: 534240 bytes).
Received block of 40 bytes; now allocated: 534280 bytes.
Unreferencing block aggregates_mem_20130 (allocated as aggregates_mem_20130) in space 'device': 0 references remaining.
40 bytes freed (now allocated: 534240 bytes)
Allocating 40 bytes for aggregates_mem_20130 in space 'device' (currently allocated: 534240 bytes).
Received block of 40 bytes; now allocated: 534280 bytes.
Unreferencing block incprefixes_mem_20132 (allocated as incprefixes_mem_20132) in space 'device': 0 references remaining.
40 bytes freed (now allocated: 534240 bytes)
Allocating 40 bytes for incprefixes_mem_20132 in space 'device' (currently allocated: 534240 bytes).
Received block of 40 bytes; now allocated: 534280 bytes.
Event: main.segscan_19140
Kernel main.segscan_19140 with
  grid=(14,1,1)
  block=(256,1,1)
  shared memory=8192

Unreferencing block mem_19805 (allocated as mem_19805) in space 'device': 2 references remaining.
Allocating 26664 bytes for mem_19805 in space 'device' (currently allocated: 534280 bytes).
Received block of 26664 bytes; now allocated: 560944 bytes.

# Copy GPU to GPU
Shape: [3333]
Dst offset: 0
Dst strides: 1
Src offset: 0
Src strides: 1
## Flat copy

Event: copy_dev_to_dev

Unreferencing block mem_19807 (allocated as mem_19807) in space 'device': 2 references remaining.
Allocating 26664 bytes for mem_19807 in space 'device' (currently allocated: 560944 bytes).
Received block of 26664 bytes; now allocated: 587608 bytes.

# Copy GPU to GPU
Shape: [3333]
Dst offset: 0
Dst strides: 1
Src offset: 0
Src strides: 1
## Flat copy

Event: copy_dev_to_dev

Event: main.gpuseq_20361
Kernel main.gpuseq_20361 with
  grid=(1,1,1)
  block=(1,1,1)
  shared memory=0

Event: main.segmap_19142
Kernel main.segmap_19142 with
  grid=(14,1,1)
  block=(256,1,1)
  shared memory=0

Unreferencing block mem_19807 (allocated as mem_19807) in space 'device': 1 references remaining.
Unreferencing block mem_19805 (allocated as mem_19805) in space 'device': 1 references remaining.
Unreferencing block mem_param_tmp_20085 (allocated as mem_19807) in space 'device': 0 references remaining.
26664 bytes freed (now allocated: 560944 bytes)
Unreferencing block mem_param_tmp_20086 (allocated as mem_19805) in space 'device': 0 references remaining.
26664 bytes freed (now allocated: 534280 bytes)
Unreferencing block status_flags_mem_20096 (allocated as status_flags_mem_20096) in space 'device': 0 references remaining.
8 bytes freed (now allocated: 534272 bytes)
Allocating 5 bytes for status_flags_mem_20096 in space 'device' (currently allocated: 534272 bytes).
Received block of 8 bytes; now allocated: 534280 bytes.
Event: builtin#replicate_i8.replicate_20103
Kernel builtin#replicate_i8.replicate_20103 with
  grid=(1,1,1)
  block=(256,1,1)
  shared memory=0

Unreferencing block aggregates_mem_20118 (allocated as aggregates_mem_20118) in space 'device': 0 references remaining.
40 bytes freed (now allocated: 534240 bytes)
Allocating 40 bytes for aggregates_mem_20118 in space 'device' (currently allocated: 534240 bytes).
Received block of 40 bytes; now allocated: 534280 bytes.
Unreferencing block incprefixes_mem_20120 (allocated as incprefixes_mem_20120) in space 'device': 0 references remaining.
40 bytes freed (now allocated: 534240 bytes)
Allocating 40 bytes for incprefixes_mem_20120 in space 'device' (currently allocated: 534240 bytes).
Received block of 40 bytes; now allocated: 534280 bytes.
Unreferencing block aggregates_mem_20122 (allocated as aggregates_mem_20122) in space 'device': 0 references remaining.
40 bytes freed (now allocated: 534240 bytes)
Allocating 40 bytes for aggregates_mem_20122 in space 'device' (currently allocated: 534240 bytes).
Received block of 40 bytes; now allocated: 534280 bytes.
Unreferencing block incprefixes_mem_20124 (allocated as incprefixes_mem_20124) in space 'device': 0 references remaining.
40 bytes freed (now allocated: 534240 bytes)
Allocating 40 bytes for incprefixes_mem_20124 in space 'device' (currently allocated: 534240 bytes).
Received block of 40 bytes; now allocated: 534280 bytes.
Unreferencing block aggregates_mem_20126 (allocated as aggregates_mem_20126) in space 'device': 0 references remaining.
40 bytes freed (now allocated: 534240 bytes)
Allocating 40 bytes for aggregates_mem_20126 in space 'device' (currently allocated: 534240 bytes).
Received block of 40 bytes; now allocated: 534280 bytes.
Unreferencing block incprefixes_mem_20128 (allocated as incprefixes_mem_20128) in space 'device': 0 references remaining.
40 bytes freed (now allocated: 534240 bytes)
Allocating 40 bytes for incprefixes_mem_20128 in space 'device' (currently allocated: 534240 bytes).
Received block of 40 bytes; now allocated: 534280 bytes.
Unreferencing block aggregates_mem_20130 (allocated as aggregates_mem_20130) in space 'device': 0 references remaining.
40 bytes freed (now allocated: 534240 bytes)
Allocating 40 bytes for aggregates_mem_20130 in space 'device' (currently allocated: 534240 bytes).
Received block of 40 bytes; now allocated: 534280 bytes.
Unreferencing block incprefixes_mem_20132 (allocated as incprefixes_mem_20132) in space 'device': 0 references remaining.
40 bytes freed (now allocated: 534240 bytes)
Allocating 40 bytes for incprefixes_mem_20132 in space 'device' (currently allocated: 534240 bytes).
Received block of 40 bytes; now allocated: 534280 bytes.
Event: main.segscan_19140
Kernel main.segscan_19140 with
  grid=(14,1,1)
  block=(256,1,1)
  shared memory=8192

Unreferencing block mem_19805 (allocated as mem_19805) in space 'device': 2 references remaining.
Allocating 26664 bytes for mem_19805 in space 'device' (currently allocated: 534280 bytes).
Received block of 26664 bytes; now allocated: 560944 bytes.

# Copy GPU to GPU
Shape: [3333]
Dst offset: 0
Dst strides: 1
Src offset: 0
Src strides: 1
## Flat copy

Event: copy_dev_to_dev

Unreferencing block mem_19807 (allocated as mem_19807) in space 'device': 2 references remaining.
Allocating 26664 bytes for mem_19807 in space 'device' (currently allocated: 560944 bytes).
Received block of 26664 bytes; now allocated: 587608 bytes.

# Copy GPU to GPU
Shape: [3333]
Dst offset: 0
Dst strides: 1
Src offset: 0
Src strides: 1
## Flat copy

Event: copy_dev_to_dev

Event: main.gpuseq_20361
Kernel main.gpuseq_20361 with
  grid=(1,1,1)
  block=(1,1,1)
  shared memory=0

Event: main.segmap_19142
Kernel main.segmap_19142 with
  grid=(14,1,1)
  block=(256,1,1)
  shared memory=0

Unreferencing block mem_19807 (allocated as mem_19807) in space 'device': 1 references remaining.
Unreferencing block mem_19805 (allocated as mem_19805) in space 'device': 1 references remaining.
Unreferencing block mem_param_tmp_20085 (allocated as mem_19807) in space 'device': 0 references remaining.
26664 bytes freed (now allocated: 560944 bytes)
Unreferencing block mem_param_tmp_20086 (allocated as mem_19805) in space 'device': 0 references remaining.
26664 bytes freed (now allocated: 534280 bytes)
Unreferencing block status_flags_mem_20096 (allocated as status_flags_mem_20096) in space 'device': 0 references remaining.
8 bytes freed (now allocated: 534272 bytes)
Allocating 5 bytes for status_flags_mem_20096 in space 'device' (currently allocated: 534272 bytes).
Received block of 8 bytes; now allocated: 534280 bytes.
Event: builtin#replicate_i8.replicate_20103
Kernel builtin#replicate_i8.replicate_20103 with
  grid=(1,1,1)
  block=(256,1,1)
  shared memory=0

Unreferencing block aggregates_mem_20118 (allocated as aggregates_mem_20118) in space 'device': 0 references remaining.
40 bytes freed (now allocated: 534240 bytes)
Allocating 40 bytes for aggregates_mem_20118 in space 'device' (currently allocated: 534240 bytes).
Received block of 40 bytes; now allocated: 534280 bytes.
Unreferencing block incprefixes_mem_20120 (allocated as incprefixes_mem_20120) in space 'device': 0 references remaining.
40 bytes freed (now allocated: 534240 bytes)
Allocating 40 bytes for incprefixes_mem_20120 in space 'device' (currently allocated: 534240 bytes).
Received block of 40 bytes; now allocated: 534280 bytes.
Unreferencing block aggregates_mem_20122 (allocated as aggregates_mem_20122) in space 'device': 0 references remaining.
40 bytes freed (now allocated: 534240 bytes)
Allocating 40 bytes for aggregates_mem_20122 in space 'device' (currently allocated: 534240 bytes).
Received block of 40 bytes; now allocated: 534280 bytes.
Unreferencing block incprefixes_mem_20124 (allocated as incprefixes_mem_20124) in space 'device': 0 references remaining.
40 bytes freed (now allocated: 534240 bytes)
Allocating 40 bytes for incprefixes_mem_20124 in space 'device' (currently allocated: 534240 bytes).
Received block of 40 bytes; now allocated: 534280 bytes.
Unreferencing block aggregates_mem_20126 (allocated as aggregates_mem_20126) in space 'device': 0 references remaining.
40 bytes freed (now allocated: 534240 bytes)
Allocating 40 bytes for aggregates_mem_20126 in space 'device' (currently allocated: 534240 bytes).
Received block of 40 bytes; now allocated: 534280 bytes.
Unreferencing block incprefixes_mem_20128 (allocated as incprefixes_mem_20128) in space 'device': 0 references remaining.
40 bytes freed (now allocated: 534240 bytes)
Allocating 40 bytes for incprefixes_mem_20128 in space 'device' (currently allocated: 534240 bytes).
Received block of 40 bytes; now allocated: 534280 bytes.
Unreferencing block aggregates_mem_20130 (allocated as aggregates_mem_20130) in space 'device': 0 references remaining.
40 bytes freed (now allocated: 534240 bytes)
Allocating 40 bytes for aggregates_mem_20130 in space 'device' (currently allocated: 534240 bytes).
Received block of 40 bytes; now allocated: 534280 bytes.
Unreferencing block incprefixes_mem_20132 (allocated as incprefixes_mem_20132) in space 'device': 0 references remaining.
40 bytes freed (now allocated: 534240 bytes)
Allocating 40 bytes for incprefixes_mem_20132 in space 'device' (currently allocated: 534240 bytes).
Received block of 40 bytes; now allocated: 534280 bytes.
Event: main.segscan_19140
Kernel main.segscan_19140 with
  grid=(14,1,1)
  block=(256,1,1)
  shared memory=8192

Unreferencing block mem_19805 (allocated as mem_19805) in space 'device': 2 references remaining.
Allocating 26664 bytes for mem_19805 in space 'device' (currently allocated: 534280 bytes).
Received block of 26664 bytes; now allocated: 560944 bytes.

# Copy GPU to GPU
Shape: [3333]
Dst offset: 0
Dst strides: 1
Src offset: 0
Src strides: 1
## Flat copy

Event: copy_dev_to_dev

Unreferencing block mem_19807 (allocated as mem_19807) in space 'device': 2 references remaining.
Allocating 26664 bytes for mem_19807 in space 'device' (currently allocated: 560944 bytes).
Received block of 26664 bytes; now allocated: 587608 bytes.

# Copy GPU to GPU
Shape: [3333]
Dst offset: 0
Dst strides: 1
Src offset: 0
Src strides: 1
## Flat copy

Event: copy_dev_to_dev

Event: main.gpuseq_20361
Kernel main.gpuseq_20361 with
  grid=(1,1,1)
  block=(1,1,1)
  shared memory=0

Event: main.segmap_19142
Kernel main.segmap_19142 with
  grid=(14,1,1)
  block=(256,1,1)
  shared memory=0

Unreferencing block mem_19807 (allocated as mem_19807) in space 'device': 1 references remaining.
Unreferencing block mem_19805 (allocated as mem_19805) in space 'device': 1 references remaining.
Unreferencing block mem_param_tmp_20085 (allocated as mem_19807) in space 'device': 0 references remaining.
26664 bytes freed (now allocated: 560944 bytes)
Unreferencing block mem_param_tmp_20086 (allocated as mem_19805) in space 'device': 0 references remaining.
26664 bytes freed (now allocated: 534280 bytes)
Unreferencing block status_flags_mem_20096 (allocated as status_flags_mem_20096) in space 'device': 0 references remaining.
8 bytes freed (now allocated: 534272 bytes)
Allocating 5 bytes for status_flags_mem_20096 in space 'device' (currently allocated: 534272 bytes).
Received block of 8 bytes; now allocated: 534280 bytes.
Event: builtin#replicate_i8.replicate_20103
Kernel builtin#replicate_i8.replicate_20103 with
  grid=(1,1,1)
  block=(256,1,1)
  shared memory=0

Unreferencing block aggregates_mem_20118 (allocated as aggregates_mem_20118) in space 'device': 0 references remaining.
40 bytes freed (now allocated: 534240 bytes)
Allocating 40 bytes for aggregates_mem_20118 in space 'device' (currently allocated: 534240 bytes).
Received block of 40 bytes; now allocated: 534280 bytes.
Unreferencing block incprefixes_mem_20120 (allocated as incprefixes_mem_20120) in space 'device': 0 references remaining.
40 bytes freed (now allocated: 534240 bytes)
Allocating 40 bytes for incprefixes_mem_20120 in space 'device' (currently allocated: 534240 bytes).
Received block of 40 bytes; now allocated: 534280 bytes.
Unreferencing block aggregates_mem_20122 (allocated as aggregates_mem_20122) in space 'device': 0 references remaining.
40 bytes freed (now allocated: 534240 bytes)
Allocating 40 bytes for aggregates_mem_20122 in space 'device' (currently allocated: 534240 bytes).
Received block of 40 bytes; now allocated: 534280 bytes.
Unreferencing block incprefixes_mem_20124 (allocated as incprefixes_mem_20124) in space 'device': 0 references remaining.
40 bytes freed (now allocated: 534240 bytes)
Allocating 40 bytes for incprefixes_mem_20124 in space 'device' (currently allocated: 534240 bytes).
Received block of 40 bytes; now allocated: 534280 bytes.
Unreferencing block aggregates_mem_20126 (allocated as aggregates_mem_20126) in space 'device': 0 references remaining.
40 bytes freed (now allocated: 534240 bytes)
Allocating 40 bytes for aggregates_mem_20126 in space 'device' (currently allocated: 534240 bytes).
Received block of 40 bytes; now allocated: 534280 bytes.
Unreferencing block incprefixes_mem_20128 (allocated as incprefixes_mem_20128) in space 'device': 0 references remaining.
40 bytes freed (now allocated: 534240 bytes)
Allocating 40 bytes for incprefixes_mem_20128 in space 'device' (currently allocated: 534240 bytes).
Received block of 40 bytes; now allocated: 534280 bytes.
Unreferencing block aggregates_mem_20130 (allocated as aggregates_mem_20130) in space 'device': 0 references remaining.
40 bytes freed (now allocated: 534240 bytes)
Allocating 40 bytes for aggregates_mem_20130 in space 'device' (currently allocated: 534240 bytes).
Received block of 40 bytes; now allocated: 534280 bytes.
Unreferencing block incprefixes_mem_20132 (allocated as incprefixes_mem_20132) in space 'device': 0 references remaining.
40 bytes freed (now allocated: 534240 bytes)
Allocating 40 bytes for incprefixes_mem_20132 in space 'device' (currently allocated: 534240 bytes).
Received block of 40 bytes; now allocated: 534280 bytes.
Event: main.segscan_19140
Kernel main.segscan_19140 with
  grid=(14,1,1)
  block=(256,1,1)
  shared memory=8192

Unreferencing block mem_19805 (allocated as mem_19805) in space 'device': 2 references remaining.
Allocating 26664 bytes for mem_19805 in space 'device' (currently allocated: 534280 bytes).
Received block of 26664 bytes; now allocated: 560944 bytes.

# Copy GPU to GPU
Shape: [3333]
Dst offset: 0
Dst strides: 1
Src offset: 0
Src strides: 1
## Flat copy

Event: copy_dev_to_dev

Unreferencing block mem_19807 (allocated as mem_19807) in space 'device': 2 references remaining.
Allocating 26664 bytes for mem_19807 in space 'device' (currently allocated: 560944 bytes).
Received block of 26664 bytes; now allocated: 587608 bytes.

# Copy GPU to GPU
Shape: [3333]
Dst offset: 0
Dst strides: 1
Src offset: 0
Src strides: 1
## Flat copy

Event: copy_dev_to_dev

Event: main.gpuseq_20361
Kernel main.gpuseq_20361 with
  grid=(1,1,1)
  block=(1,1,1)
  shared memory=0

Event: main.segmap_19142
Kernel main.segmap_19142 with
  grid=(14,1,1)
  block=(256,1,1)
  shared memory=0

Unreferencing block mem_19807 (allocated as mem_19807) in space 'device': 1 references remaining.
Unreferencing block mem_19805 (allocated as mem_19805) in space 'device': 1 references remaining.
Unreferencing block mem_param_tmp_20085 (allocated as mem_19807) in space 'device': 0 references remaining.
26664 bytes freed (now allocated: 560944 bytes)
Unreferencing block mem_param_tmp_20086 (allocated as mem_19805) in space 'device': 0 references remaining.
26664 bytes freed (now allocated: 534280 bytes)
Unreferencing block status_flags_mem_20096 (allocated as status_flags_mem_20096) in space 'device': 0 references remaining.
8 bytes freed (now allocated: 534272 bytes)
Allocating 5 bytes for status_flags_mem_20096 in space 'device' (currently allocated: 534272 bytes).
Received block of 8 bytes; now allocated: 534280 bytes.
Event: builtin#replicate_i8.replicate_20103
Kernel builtin#replicate_i8.replicate_20103 with
  grid=(1,1,1)
  block=(256,1,1)
  shared memory=0

Unreferencing block aggregates_mem_20118 (allocated as aggregates_mem_20118) in space 'device': 0 references remaining.
40 bytes freed (now allocated: 534240 bytes)
Allocating 40 bytes for aggregates_mem_20118 in space 'device' (currently allocated: 534240 bytes).
Received block of 40 bytes; now allocated: 534280 bytes.
Unreferencing block incprefixes_mem_20120 (allocated as incprefixes_mem_20120) in space 'device': 0 references remaining.
40 bytes freed (now allocated: 534240 bytes)
Allocating 40 bytes for incprefixes_mem_20120 in space 'device' (currently allocated: 534240 bytes).
Received block of 40 bytes; now allocated: 534280 bytes.
Unreferencing block aggregates_mem_20122 (allocated as aggregates_mem_20122) in space 'device': 0 references remaining.
40 bytes freed (now allocated: 534240 bytes)
Allocating 40 bytes for aggregates_mem_20122 in space 'device' (currently allocated: 534240 bytes).
Received block of 40 bytes; now allocated: 534280 bytes.
Unreferencing block incprefixes_mem_20124 (allocated as incprefixes_mem_20124) in space 'device': 0 references remaining.
40 bytes freed (now allocated: 534240 bytes)
Allocating 40 bytes for incprefixes_mem_20124 in space 'device' (currently allocated: 534240 bytes).
Received block of 40 bytes; now allocated: 534280 bytes.
Unreferencing block aggregates_mem_20126 (allocated as aggregates_mem_20126) in space 'device': 0 references remaining.
40 bytes freed (now allocated: 534240 bytes)
Allocating 40 bytes for aggregates_mem_20126 in space 'device' (currently allocated: 534240 bytes).
Received block of 40 bytes; now allocated: 534280 bytes.
Unreferencing block incprefixes_mem_20128 (allocated as incprefixes_mem_20128) in space 'device': 0 references remaining.
40 bytes freed (now allocated: 534240 bytes)
Allocating 40 bytes for incprefixes_mem_20128 in space 'device' (currently allocated: 534240 bytes).
Received block of 40 bytes; now allocated: 534280 bytes.
Unreferencing block aggregates_mem_20130 (allocated as aggregates_mem_20130) in space 'device': 0 references remaining.
40 bytes freed (now allocated: 534240 bytes)
Allocating 40 bytes for aggregates_mem_20130 in space 'device' (currently allocated: 534240 bytes).
Received block of 40 bytes; now allocated: 534280 bytes.
Unreferencing block incprefixes_mem_20132 (allocated as incprefixes_mem_20132) in space 'device': 0 references remaining.
40 bytes freed (now allocated: 534240 bytes)
Allocating 40 bytes for incprefixes_mem_20132 in space 'device' (currently allocated: 534240 bytes).
Received block of 40 bytes; now allocated: 534280 bytes.
Event: main.segscan_19140
Kernel main.segscan_19140 with
  grid=(14,1,1)
  block=(256,1,1)
  shared memory=8192

Unreferencing block mem_19805 (allocated as mem_19805) in space 'device': 2 references remaining.
Allocating 26664 bytes for mem_19805 in space 'device' (currently allocated: 534280 bytes).
Received block of 26664 bytes; now allocated: 560944 bytes.

# Copy GPU to GPU
Shape: [3333]
Dst offset: 0
Dst strides: 1
Src offset: 0
Src strides: 1
## Flat copy

Event: copy_dev_to_dev

Unreferencing block mem_19807 (allocated as mem_19807) in space 'device': 2 references remaining.
Allocating 26664 bytes for mem_19807 in space 'device' (currently allocated: 560944 bytes).
Received block of 26664 bytes; now allocated: 587608 bytes.

# Copy GPU to GPU
Shape: [3333]
Dst offset: 0
Dst strides: 1
Src offset: 0
Src strides: 1
## Flat copy

Event: copy_dev_to_dev

Event: main.gpuseq_20361
Kernel main.gpuseq_20361 with
  grid=(1,1,1)
  block=(1,1,1)
  shared memory=0

Event: main.segmap_19142
Kernel main.segmap_19142 with
  grid=(14,1,1)
  block=(256,1,1)
  shared memory=0

Unreferencing block mem_19807 (allocated as mem_19807) in space 'device': 1 references remaining.
Unreferencing block mem_19805 (allocated as mem_19805) in space 'device': 1 references remaining.
Unreferencing block mem_param_tmp_20085 (allocated as mem_19807) in space 'device': 0 references remaining.
26664 bytes freed (now allocated: 560944 bytes)
Unreferencing block mem_param_tmp_20086 (allocated as mem_19805) in space 'device': 0 references remaining.
26664 bytes freed (now allocated: 534280 bytes)
Unreferencing block status_flags_mem_20096 (allocated as status_flags_mem_20096) in space 'device': 0 references remaining.
8 bytes freed (now allocated: 534272 bytes)
Allocating 5 bytes for status_flags_mem_20096 in space 'device' (currently allocated: 534272 bytes).
Received block of 8 bytes; now allocated: 534280 bytes.
Event: builtin#replicate_i8.replicate_20103
Kernel builtin#replicate_i8.replicate_20103 with
  grid=(1,1,1)
  block=(256,1,1)
  shared memory=0

Unreferencing block aggregates_mem_20118 (allocated as aggregates_mem_20118) in space 'device': 0 references remaining.
40 bytes freed (now allocated: 534240 bytes)
Allocating 40 bytes for aggregates_mem_20118 in space 'device' (currently allocated: 534240 bytes).
Received block of 40 bytes; now allocated: 534280 bytes.
Unreferencing block incprefixes_mem_20120 (allocated as incprefixes_mem_20120) in space 'device': 0 references remaining.
40 bytes freed (now allocated: 534240 bytes)
Allocating 40 bytes for incprefixes_mem_20120 in space 'device' (currently allocated: 534240 bytes).
Received block of 40 bytes; now allocated: 534280 bytes.
Unreferencing block aggregates_mem_20122 (allocated as aggregates_mem_20122) in space 'device': 0 references remaining.
40 bytes freed (now allocated: 534240 bytes)
Allocating 40 bytes for aggregates_mem_20122 in space 'device' (currently allocated: 534240 bytes).
Received block of 40 bytes; now allocated: 534280 bytes.
Unreferencing block incprefixes_mem_20124 (allocated as incprefixes_mem_20124) in space 'device': 0 references remaining.
40 bytes freed (now allocated: 534240 bytes)
Allocating 40 bytes for incprefixes_mem_20124 in space 'device' (currently allocated: 534240 bytes).
Received block of 40 bytes; now allocated: 534280 bytes.
Unreferencing block aggregates_mem_20126 (allocated as aggregates_mem_20126) in space 'device': 0 references remaining.
40 bytes freed (now allocated: 534240 bytes)
Allocating 40 bytes for aggregates_mem_20126 in space 'device' (currently allocated: 534240 bytes).
Received block of 40 bytes; now allocated: 534280 bytes.
Unreferencing block incprefixes_mem_20128 (allocated as incprefixes_mem_20128) in space 'device': 0 references remaining.
40 bytes freed (now allocated: 534240 bytes)
Allocating 40 bytes for incprefixes_mem_20128 in space 'device' (currently allocated: 534240 bytes).
Received block of 40 bytes; now allocated: 534280 bytes.
Unreferencing block aggregates_mem_20130 (allocated as aggregates_mem_20130) in space 'device': 0 references remaining.
40 bytes freed (now allocated: 534240 bytes)
Allocating 40 bytes for aggregates_mem_20130 in space 'device' (currently allocated: 534240 bytes).
Received block of 40 bytes; now allocated: 534280 bytes.
Unreferencing block incprefixes_mem_20132 (allocated as incprefixes_mem_20132) in space 'device': 0 references remaining.
40 bytes freed (now allocated: 534240 bytes)
Allocating 40 bytes for incprefixes_mem_20132 in space 'device' (currently allocated: 534240 bytes).
Received block of 40 bytes; now allocated: 534280 bytes.
Event: main.segscan_19140
Kernel main.segscan_19140 with
  grid=(14,1,1)
  block=(256,1,1)
  shared memory=8192

Unreferencing block mem_19805 (allocated as mem_19805) in space 'device': 2 references remaining.
Allocating 26664 bytes for mem_19805 in space 'device' (currently allocated: 534280 bytes).
Received block of 26664 bytes; now allocated: 560944 bytes.

# Copy GPU to GPU
Shape: [3333]
Dst offset: 0
Dst strides: 1
Src offset: 0
Src strides: 1
## Flat copy

Event: copy_dev_to_dev

Unreferencing block mem_19807 (allocated as mem_19807) in space 'device': 2 references remaining.
Allocating 26664 bytes for mem_19807 in space 'device' (currently allocated: 560944 bytes).
Received block of 26664 bytes; now allocated: 587608 bytes.

# Copy GPU to GPU
Shape: [3333]
Dst offset: 0
Dst strides: 1
Src offset: 0
Src strides: 1
## Flat copy

Event: copy_dev_to_dev

Event: main.gpuseq_20361
Kernel main.gpuseq_20361 with
  grid=(1,1,1)
  block=(1,1,1)
  shared memory=0

Event: main.segmap_19142
Kernel main.segmap_19142 with
  grid=(14,1,1)
  block=(256,1,1)
  shared memory=0

Unreferencing block mem_19807 (allocated as mem_19807) in space 'device': 1 references remaining.
Unreferencing block mem_19805 (allocated as mem_19805) in space 'device': 1 references remaining.
Unreferencing block mem_param_tmp_20085 (allocated as mem_19807) in space 'device': 0 references remaining.
26664 bytes freed (now allocated: 560944 bytes)
Unreferencing block mem_param_tmp_20086 (allocated as mem_19805) in space 'device': 0 references remaining.
26664 bytes freed (now allocated: 534280 bytes)
Unreferencing block status_flags_mem_20096 (allocated as status_flags_mem_20096) in space 'device': 0 references remaining.
8 bytes freed (now allocated: 534272 bytes)
Allocating 5 bytes for status_flags_mem_20096 in space 'device' (currently allocated: 534272 bytes).
Received block of 8 bytes; now allocated: 534280 bytes.
Event: builtin#replicate_i8.replicate_20103
Kernel builtin#replicate_i8.replicate_20103 with
  grid=(1,1,1)
  block=(256,1,1)
  shared memory=0

Unreferencing block aggregates_mem_20118 (allocated as aggregates_mem_20118) in space 'device': 0 references remaining.
40 bytes freed (now allocated: 534240 bytes)
Allocating 40 bytes for aggregates_mem_20118 in space 'device' (currently allocated: 534240 bytes).
Received block of 40 bytes; now allocated: 534280 bytes.
Unreferencing block incprefixes_mem_20120 (allocated as incprefixes_mem_20120) in space 'device': 0 references remaining.
40 bytes freed (now allocated: 534240 bytes)
Allocating 40 bytes for incprefixes_mem_20120 in space 'device' (currently allocated: 534240 bytes).
Received block of 40 bytes; now allocated: 534280 bytes.
Unreferencing block aggregates_mem_20122 (allocated as aggregates_mem_20122) in space 'device': 0 references remaining.
40 bytes freed (now allocated: 534240 bytes)
Allocating 40 bytes for aggregates_mem_20122 in space 'device' (currently allocated: 534240 bytes).
Received block of 40 bytes; now allocated: 534280 bytes.
Unreferencing block incprefixes_mem_20124 (allocated as incprefixes_mem_20124) in space 'device': 0 references remaining.
40 bytes freed (now allocated: 534240 bytes)
Allocating 40 bytes for incprefixes_mem_20124 in space 'device' (currently allocated: 534240 bytes).
Received block of 40 bytes; now allocated: 534280 bytes.
Unreferencing block aggregates_mem_20126 (allocated as aggregates_mem_20126) in space 'device': 0 references remaining.
40 bytes freed (now allocated: 534240 bytes)
Allocating 40 bytes for aggregates_mem_20126 in space 'device' (currently allocated: 534240 bytes).
Received block of 40 bytes; now allocated: 534280 bytes.
Unreferencing block incprefixes_mem_20128 (allocated as incprefixes_mem_20128) in space 'device': 0 references remaining.
40 bytes freed (now allocated: 534240 bytes)
Allocating 40 bytes for incprefixes_mem_20128 in space 'device' (currently allocated: 534240 bytes).
Received block of 40 bytes; now allocated: 534280 bytes.
Unreferencing block aggregates_mem_20130 (allocated as aggregates_mem_20130) in space 'device': 0 references remaining.
40 bytes freed (now allocated: 534240 bytes)
Allocating 40 bytes for aggregates_mem_20130 in space 'device' (currently allocated: 534240 bytes).
Received block of 40 bytes; now allocated: 534280 bytes.
Unreferencing block incprefixes_mem_20132 (allocated as incprefixes_mem_20132) in space 'device': 0 references remaining.
40 bytes freed (now allocated: 534240 bytes)
Allocating 40 bytes for incprefixes_mem_20132 in space 'device' (currently allocated: 534240 bytes).
Received block of 40 bytes; now allocated: 534280 bytes.
Event: main.segscan_19140
Kernel main.segscan_19140 with
  grid=(14,1,1)
  block=(256,1,1)
  shared memory=8192

Unreferencing block mem_19805 (allocated as mem_19805) in space 'device': 2 references remaining.
Allocating 26664 bytes for mem_19805 in space 'device' (currently allocated: 534280 bytes).
Received block of 26664 bytes; now allocated: 560944 bytes.

# Copy GPU to GPU
Shape: [3333]
Dst offset: 0
Dst strides: 1
Src offset: 0
Src strides: 1
## Flat copy

Event: copy_dev_to_dev

Unreferencing block mem_19807 (allocated as mem_19807) in space 'device': 2 references remaining.
Allocating 26664 bytes for mem_19807 in space 'device' (currently allocated: 560944 bytes).
Received block of 26664 bytes; now allocated: 587608 bytes.

# Copy GPU to GPU
Shape: [3333]
Dst offset: 0
Dst strides: 1
Src offset: 0
Src strides: 1
## Flat copy

Event: copy_dev_to_dev

Event: main.gpuseq_20361
Kernel main.gpuseq_20361 with
  grid=(1,1,1)
  block=(1,1,1)
  shared memory=0

Event: main.segmap_19142
Kernel main.segmap_19142 with
  grid=(14,1,1)
  block=(256,1,1)
  shared memory=0

Unreferencing block mem_19807 (allocated as mem_19807) in space 'device': 1 references remaining.
Unreferencing block mem_19805 (allocated as mem_19805) in space 'device': 1 references remaining.
Unreferencing block mem_param_tmp_20085 (allocated as mem_19807) in space 'device': 0 references remaining.
26664 bytes freed (now allocated: 560944 bytes)
Unreferencing block mem_param_tmp_20086 (allocated as mem_19805) in space 'device': 0 references remaining.
26664 bytes freed (now allocated: 534280 bytes)
Unreferencing block status_flags_mem_20096 (allocated as status_flags_mem_20096) in space 'device': 0 references remaining.
8 bytes freed (now allocated: 534272 bytes)
Allocating 5 bytes for status_flags_mem_20096 in space 'device' (currently allocated: 534272 bytes).
Received block of 8 bytes; now allocated: 534280 bytes.
Event: builtin#replicate_i8.replicate_20103
Kernel builtin#replicate_i8.replicate_20103 with
  grid=(1,1,1)
  block=(256,1,1)
  shared memory=0

Unreferencing block aggregates_mem_20118 (allocated as aggregates_mem_20118) in space 'device': 0 references remaining.
40 bytes freed (now allocated: 534240 bytes)
Allocating 40 bytes for aggregates_mem_20118 in space 'device' (currently allocated: 534240 bytes).
Received block of 40 bytes; now allocated: 534280 bytes.
Unreferencing block incprefixes_mem_20120 (allocated as incprefixes_mem_20120) in space 'device': 0 references remaining.
40 bytes freed (now allocated: 534240 bytes)
Allocating 40 bytes for incprefixes_mem_20120 in space 'device' (currently allocated: 534240 bytes).
Received block of 40 bytes; now allocated: 534280 bytes.
Unreferencing block aggregates_mem_20122 (allocated as aggregates_mem_20122) in space 'device': 0 references remaining.
40 bytes freed (now allocated: 534240 bytes)
Allocating 40 bytes for aggregates_mem_20122 in space 'device' (currently allocated: 534240 bytes).
Received block of 40 bytes; now allocated: 534280 bytes.
Unreferencing block incprefixes_mem_20124 (allocated as incprefixes_mem_20124) in space 'device': 0 references remaining.
40 bytes freed (now allocated: 534240 bytes)
Allocating 40 bytes for incprefixes_mem_20124 in space 'device' (currently allocated: 534240 bytes).
Received block of 40 bytes; now allocated: 534280 bytes.
Unreferencing block aggregates_mem_20126 (allocated as aggregates_mem_20126) in space 'device': 0 references remaining.
40 bytes freed (now allocated: 534240 bytes)
Allocating 40 bytes for aggregates_mem_20126 in space 'device' (currently allocated: 534240 bytes).
Received block of 40 bytes; now allocated: 534280 bytes.
Unreferencing block incprefixes_mem_20128 (allocated as incprefixes_mem_20128) in space 'device': 0 references remaining.
40 bytes freed (now allocated: 534240 bytes)
Allocating 40 bytes for incprefixes_mem_20128 in space 'device' (currently allocated: 534240 bytes).
Received block of 40 bytes; now allocated: 534280 bytes.
Unreferencing block aggregates_mem_20130 (allocated as aggregates_mem_20130) in space 'device': 0 references remaining.
40 bytes freed (now allocated: 534240 bytes)
Allocating 40 bytes for aggregates_mem_20130 in space 'device' (currently allocated: 534240 bytes).
Received block of 40 bytes; now allocated: 534280 bytes.
Unreferencing block incprefixes_mem_20132 (allocated as incprefixes_mem_20132) in space 'device': 0 references remaining.
40 bytes freed (now allocated: 534240 bytes)
Allocating 40 bytes for incprefixes_mem_20132 in space 'device' (currently allocated: 534240 bytes).
Received block of 40 bytes; now allocated: 534280 bytes.
Event: main.segscan_19140
Kernel main.segscan_19140 with
  grid=(14,1,1)
  block=(256,1,1)
  shared memory=8192

Unreferencing block mem_19805 (allocated as mem_19805) in space 'device': 2 references remaining.
Allocating 26664 bytes for mem_19805 in space 'device' (currently allocated: 534280 bytes).
Received block of 26664 bytes; now allocated: 560944 bytes.

# Copy GPU to GPU
Shape: [3333]
Dst offset: 0
Dst strides: 1
Src offset: 0
Src strides: 1
## Flat copy

Event: copy_dev_to_dev

Unreferencing block mem_19807 (allocated as mem_19807) in space 'device': 2 references remaining.
Allocating 26664 bytes for mem_19807 in space 'device' (currently allocated: 560944 bytes).
Received block of 26664 bytes; now allocated: 587608 bytes.

# Copy GPU to GPU
Shape: [3333]
Dst offset: 0
Dst strides: 1
Src offset: 0
Src strides: 1
## Flat copy

Event: copy_dev_to_dev

Event: main.gpuseq_20361
Kernel main.gpuseq_20361 with
  grid=(1,1,1)
  block=(1,1,1)
  shared memory=0

Event: main.segmap_19142
Kernel main.segmap_19142 with
  grid=(14,1,1)
  block=(256,1,1)
  shared memory=0

Unreferencing block mem_19807 (allocated as mem_19807) in space 'device': 1 references remaining.
Unreferencing block mem_19805 (allocated as mem_19805) in space 'device': 1 references remaining.
Unreferencing block mem_param_tmp_20085 (allocated as mem_19807) in space 'device': 0 references remaining.
26664 bytes freed (now allocated: 560944 bytes)
Unreferencing block mem_param_tmp_20086 (allocated as mem_19805) in space 'device': 0 references remaining.
26664 bytes freed (now allocated: 534280 bytes)
Unreferencing block status_flags_mem_20096 (allocated as status_flags_mem_20096) in space 'device': 0 references remaining.
8 bytes freed (now allocated: 534272 bytes)
Allocating 5 bytes for status_flags_mem_20096 in space 'device' (currently allocated: 534272 bytes).
Received block of 8 bytes; now allocated: 534280 bytes.
Event: builtin#replicate_i8.replicate_20103
Kernel builtin#replicate_i8.replicate_20103 with
  grid=(1,1,1)
  block=(256,1,1)
  shared memory=0

Unreferencing block aggregates_mem_20118 (allocated as aggregates_mem_20118) in space 'device': 0 references remaining.
40 bytes freed (now allocated: 534240 bytes)
Allocating 40 bytes for aggregates_mem_20118 in space 'device' (currently allocated: 534240 bytes).
Received block of 40 bytes; now allocated: 534280 bytes.
Unreferencing block incprefixes_mem_20120 (allocated as incprefixes_mem_20120) in space 'device': 0 references remaining.
40 bytes freed (now allocated: 534240 bytes)
Allocating 40 bytes for incprefixes_mem_20120 in space 'device' (currently allocated: 534240 bytes).
Received block of 40 bytes; now allocated: 534280 bytes.
Unreferencing block aggregates_mem_20122 (allocated as aggregates_mem_20122) in space 'device': 0 references remaining.
40 bytes freed (now allocated: 534240 bytes)
Allocating 40 bytes for aggregates_mem_20122 in space 'device' (currently allocated: 534240 bytes).
Received block of 40 bytes; now allocated: 534280 bytes.
Unreferencing block incprefixes_mem_20124 (allocated as incprefixes_mem_20124) in space 'device': 0 references remaining.
40 bytes freed (now allocated: 534240 bytes)
Allocating 40 bytes for incprefixes_mem_20124 in space 'device' (currently allocated: 534240 bytes).
Received block of 40 bytes; now allocated: 534280 bytes.
Unreferencing block aggregates_mem_20126 (allocated as aggregates_mem_20126) in space 'device': 0 references remaining.
40 bytes freed (now allocated: 534240 bytes)
Allocating 40 bytes for aggregates_mem_20126 in space 'device' (currently allocated: 534240 bytes).
Received block of 40 bytes; now allocated: 534280 bytes.
Unreferencing block incprefixes_mem_20128 (allocated as incprefixes_mem_20128) in space 'device': 0 references remaining.
40 bytes freed (now allocated: 534240 bytes)
Allocating 40 bytes for incprefixes_mem_20128 in space 'device' (currently allocated: 534240 bytes).
Received block of 40 bytes; now allocated: 534280 bytes.
Unreferencing block aggregates_mem_20130 (allocated as aggregates_mem_20130) in space 'device': 0 references remaining.
40 bytes freed (now allocated: 534240 bytes)
Allocating 40 bytes for aggregates_mem_20130 in space 'device' (currently allocated: 534240 bytes).
Received block of 40 bytes; now allocated: 534280 bytes.
Unreferencing block incprefixes_mem_20132 (allocated as incprefixes_mem_20132) in space 'device': 0 references remaining.
40 bytes freed (now allocated: 534240 bytes)
Allocating 40 bytes for incprefixes_mem_20132 in space 'device' (currently allocated: 534240 bytes).
Received block of 40 bytes; now allocated: 534280 bytes.
Event: main.segscan_19140
Kernel main.segscan_19140 with
  grid=(14,1,1)
  block=(256,1,1)
  shared memory=8192

Unreferencing block mem_19805 (allocated as mem_19805) in space 'device': 2 references remaining.
Allocating 26664 bytes for mem_19805 in space 'device' (currently allocated: 534280 bytes).
Received block of 26664 bytes; now allocated: 560944 bytes.

# Copy GPU to GPU
Shape: [3333]
Dst offset: 0
Dst strides: 1
Src offset: 0
Src strides: 1
## Flat copy

Event: copy_dev_to_dev

Unreferencing block mem_19807 (allocated as mem_19807) in space 'device': 2 references remaining.
Allocating 26664 bytes for mem_19807 in space 'device' (currently allocated: 560944 bytes).
Received block of 26664 bytes; now allocated: 587608 bytes.

# Copy GPU to GPU
Shape: [3333]
Dst offset: 0
Dst strides: 1
Src offset: 0
Src strides: 1
## Flat copy

Event: copy_dev_to_dev

Event: main.gpuseq_20361
Kernel main.gpuseq_20361 with
  grid=(1,1,1)
  block=(1,1,1)
  shared memory=0

Event: main.segmap_19142
Kernel main.segmap_19142 with
  grid=(14,1,1)
  block=(256,1,1)
  shared memory=0

Unreferencing block mem_19807 (allocated as mem_19807) in space 'device': 1 references remaining.
Unreferencing block mem_19805 (allocated as mem_19805) in space 'device': 1 references remaining.
Unreferencing block mem_param_tmp_20085 (allocated as mem_19807) in space 'device': 0 references remaining.
26664 bytes freed (now allocated: 560944 bytes)
Unreferencing block mem_param_tmp_20086 (allocated as mem_19805) in space 'device': 0 references remaining.
26664 bytes freed (now allocated: 534280 bytes)
Unreferencing block status_flags_mem_20096 (allocated as status_flags_mem_20096) in space 'device': 0 references remaining.
8 bytes freed (now allocated: 534272 bytes)
Allocating 5 bytes for status_flags_mem_20096 in space 'device' (currently allocated: 534272 bytes).
Received block of 8 bytes; now allocated: 534280 bytes.
Event: builtin#replicate_i8.replicate_20103
Kernel builtin#replicate_i8.replicate_20103 with
  grid=(1,1,1)
  block=(256,1,1)
  shared memory=0

Unreferencing block aggregates_mem_20118 (allocated as aggregates_mem_20118) in space 'device': 0 references remaining.
40 bytes freed (now allocated: 534240 bytes)
Allocating 40 bytes for aggregates_mem_20118 in space 'device' (currently allocated: 534240 bytes).
Received block of 40 bytes; now allocated: 534280 bytes.
Unreferencing block incprefixes_mem_20120 (allocated as incprefixes_mem_20120) in space 'device': 0 references remaining.
40 bytes freed (now allocated: 534240 bytes)
Allocating 40 bytes for incprefixes_mem_20120 in space 'device' (currently allocated: 534240 bytes).
Received block of 40 bytes; now allocated: 534280 bytes.
Unreferencing block aggregates_mem_20122 (allocated as aggregates_mem_20122) in space 'device': 0 references remaining.
40 bytes freed (now allocated: 534240 bytes)
Allocating 40 bytes for aggregates_mem_20122 in space 'device' (currently allocated: 534240 bytes).
Received block of 40 bytes; now allocated: 534280 bytes.
Unreferencing block incprefixes_mem_20124 (allocated as incprefixes_mem_20124) in space 'device': 0 references remaining.
40 bytes freed (now allocated: 534240 bytes)
Allocating 40 bytes for incprefixes_mem_20124 in space 'device' (currently allocated: 534240 bytes).
Received block of 40 bytes; now allocated: 534280 bytes.
Unreferencing block aggregates_mem_20126 (allocated as aggregates_mem_20126) in space 'device': 0 references remaining.
40 bytes freed (now allocated: 534240 bytes)
Allocating 40 bytes for aggregates_mem_20126 in space 'device' (currently allocated: 534240 bytes).
Received block of 40 bytes; now allocated: 534280 bytes.
Unreferencing block incprefixes_mem_20128 (allocated as incprefixes_mem_20128) in space 'device': 0 references remaining.
40 bytes freed (now allocated: 534240 bytes)
Allocating 40 bytes for incprefixes_mem_20128 in space 'device' (currently allocated: 534240 bytes).
Received block of 40 bytes; now allocated: 534280 bytes.
Unreferencing block aggregates_mem_20130 (allocated as aggregates_mem_20130) in space 'device': 0 references remaining.
40 bytes freed (now allocated: 534240 bytes)
Allocating 40 bytes for aggregates_mem_20130 in space 'device' (currently allocated: 534240 bytes).
Received block of 40 bytes; now allocated: 534280 bytes.
Unreferencing block incprefixes_mem_20132 (allocated as incprefixes_mem_20132) in space 'device': 0 references remaining.
40 bytes freed (now allocated: 534240 bytes)
Allocating 40 bytes for incprefixes_mem_20132 in space 'device' (currently allocated: 534240 bytes).
Received block of 40 bytes; now allocated: 534280 bytes.
Event: main.segscan_19140
Kernel main.segscan_19140 with
  grid=(14,1,1)
  block=(256,1,1)
  shared memory=8192

Unreferencing block mem_19805 (allocated as mem_19805) in space 'device': 2 references remaining.
Allocating 26664 bytes for mem_19805 in space 'device' (currently allocated: 534280 bytes).
Received block of 26664 bytes; now allocated: 560944 bytes.

# Copy GPU to GPU
Shape: [3333]
Dst offset: 0
Dst strides: 1
Src offset: 0
Src strides: 1
## Flat copy

Event: copy_dev_to_dev

Unreferencing block mem_19807 (allocated as mem_19807) in space 'device': 2 references remaining.
Allocating 26664 bytes for mem_19807 in space 'device' (currently allocated: 560944 bytes).
Received block of 26664 bytes; now allocated: 587608 bytes.

# Copy GPU to GPU
Shape: [3333]
Dst offset: 0
Dst strides: 1
Src offset: 0
Src strides: 1
## Flat copy

Event: copy_dev_to_dev

Event: main.gpuseq_20361
Kernel main.gpuseq_20361 with
  grid=(1,1,1)
  block=(1,1,1)
  shared memory=0

Event: main.segmap_19142
Kernel main.segmap_19142 with
  grid=(14,1,1)
  block=(256,1,1)
  shared memory=0

Unreferencing block mem_19807 (allocated as mem_19807) in space 'device': 1 references remaining.
Unreferencing block mem_19805 (allocated as mem_19805) in space 'device': 1 references remaining.
Unreferencing block mem_param_tmp_20085 (allocated as mem_19807) in space 'device': 0 references remaining.
26664 bytes freed (now allocated: 560944 bytes)
Unreferencing block mem_param_tmp_20086 (allocated as mem_19805) in space 'device': 0 references remaining.
26664 bytes freed (now allocated: 534280 bytes)
Unreferencing block status_flags_mem_20096 (allocated as status_flags_mem_20096) in space 'device': 0 references remaining.
8 bytes freed (now allocated: 534272 bytes)
Allocating 5 bytes for status_flags_mem_20096 in space 'device' (currently allocated: 534272 bytes).
Received block of 8 bytes; now allocated: 534280 bytes.
Event: builtin#replicate_i8.replicate_20103
Kernel builtin#replicate_i8.replicate_20103 with
  grid=(1,1,1)
  block=(256,1,1)
  shared memory=0

Unreferencing block aggregates_mem_20118 (allocated as aggregates_mem_20118) in space 'device': 0 references remaining.
40 bytes freed (now allocated: 534240 bytes)
Allocating 40 bytes for aggregates_mem_20118 in space 'device' (currently allocated: 534240 bytes).
Received block of 40 bytes; now allocated: 534280 bytes.
Unreferencing block incprefixes_mem_20120 (allocated as incprefixes_mem_20120) in space 'device': 0 references remaining.
40 bytes freed (now allocated: 534240 bytes)
Allocating 40 bytes for incprefixes_mem_20120 in space 'device' (currently allocated: 534240 bytes).
Received block of 40 bytes; now allocated: 534280 bytes.
Unreferencing block aggregates_mem_20122 (allocated as aggregates_mem_20122) in space 'device': 0 references remaining.
40 bytes freed (now allocated: 534240 bytes)
Allocating 40 bytes for aggregates_mem_20122 in space 'device' (currently allocated: 534240 bytes).
Received block of 40 bytes; now allocated: 534280 bytes.
Unreferencing block incprefixes_mem_20124 (allocated as incprefixes_mem_20124) in space 'device': 0 references remaining.
40 bytes freed (now allocated: 534240 bytes)
Allocating 40 bytes for incprefixes_mem_20124 in space 'device' (currently allocated: 534240 bytes).
Received block of 40 bytes; now allocated: 534280 bytes.
Unreferencing block aggregates_mem_20126 (allocated as aggregates_mem_20126) in space 'device': 0 references remaining.
40 bytes freed (now allocated: 534240 bytes)
Allocating 40 bytes for aggregates_mem_20126 in space 'device' (currently allocated: 534240 bytes).
Received block of 40 bytes; now allocated: 534280 bytes.
Unreferencing block incprefixes_mem_20128 (allocated as incprefixes_mem_20128) in space 'device': 0 references remaining.
40 bytes freed (now allocated: 534240 bytes)
Allocating 40 bytes for incprefixes_mem_20128 in space 'device' (currently allocated: 534240 bytes).
Received block of 40 bytes; now allocated: 534280 bytes.
Unreferencing block aggregates_mem_20130 (allocated as aggregates_mem_20130) in space 'device': 0 references remaining.
40 bytes freed (now allocated: 534240 bytes)
Allocating 40 bytes for aggregates_mem_20130 in space 'device' (currently allocated: 534240 bytes).
Received block of 40 bytes; now allocated: 534280 bytes.
Unreferencing block incprefixes_mem_20132 (allocated as incprefixes_mem_20132) in space 'device': 0 references remaining.
40 bytes freed (now allocated: 534240 bytes)
Allocating 40 bytes for incprefixes_mem_20132 in space 'device' (currently allocated: 534240 bytes).
Received block of 40 bytes; now allocated: 534280 bytes.
Event: main.segscan_19140
Kernel main.segscan_19140 with
  grid=(14,1,1)
  block=(256,1,1)
  shared memory=8192

Unreferencing block mem_19805 (allocated as mem_19805) in space 'device': 2 references remaining.
Allocating 26664 bytes for mem_19805 in space 'device' (currently allocated: 534280 bytes).
Received block of 26664 bytes; now allocated: 560944 bytes.

# Copy GPU to GPU
Shape: [3333]
Dst offset: 0
Dst strides: 1
Src offset: 0
Src strides: 1
## Flat copy

Event: copy_dev_to_dev

Unreferencing block mem_19807 (allocated as mem_19807) in space 'device': 2 references remaining.
Allocating 26664 bytes for mem_19807 in space 'device' (currently allocated: 560944 bytes).
Received block of 26664 bytes; now allocated: 587608 bytes.

# Copy GPU to GPU
Shape: [3333]
Dst offset: 0
Dst strides: 1
Src offset: 0
Src strides: 1
## Flat copy

Event: copy_dev_to_dev

Event: main.gpuseq_20361
Kernel main.gpuseq_20361 with
  grid=(1,1,1)
  block=(1,1,1)
  shared memory=0

Event: main.segmap_19142
Kernel main.segmap_19142 with
  grid=(14,1,1)
  block=(256,1,1)
  shared memory=0

Unreferencing block mem_19807 (allocated as mem_19807) in space 'device': 1 references remaining.
Unreferencing block mem_19805 (allocated as mem_19805) in space 'device': 1 references remaining.
Unreferencing block mem_param_tmp_20085 (allocated as mem_19807) in space 'device': 0 references remaining.
26664 bytes freed (now allocated: 560944 bytes)
Unreferencing block mem_param_tmp_20086 (allocated as mem_19805) in space 'device': 0 references remaining.
26664 bytes freed (now allocated: 534280 bytes)
Unreferencing block status_flags_mem_20096 (allocated as status_flags_mem_20096) in space 'device': 0 references remaining.
8 bytes freed (now allocated: 534272 bytes)
Allocating 5 bytes for status_flags_mem_20096 in space 'device' (currently allocated: 534272 bytes).
Received block of 8 bytes; now allocated: 534280 bytes.
Event: builtin#replicate_i8.replicate_20103
Kernel builtin#replicate_i8.replicate_20103 with
  grid=(1,1,1)
  block=(256,1,1)
  shared memory=0

Unreferencing block aggregates_mem_20118 (allocated as aggregates_mem_20118) in space 'device': 0 references remaining.
40 bytes freed (now allocated: 534240 bytes)
Allocating 40 bytes for aggregates_mem_20118 in space 'device' (currently allocated: 534240 bytes).
Received block of 40 bytes; now allocated: 534280 bytes.
Unreferencing block incprefixes_mem_20120 (allocated as incprefixes_mem_20120) in space 'device': 0 references remaining.
40 bytes freed (now allocated: 534240 bytes)
Allocating 40 bytes for incprefixes_mem_20120 in space 'device' (currently allocated: 534240 bytes).
Received block of 40 bytes; now allocated: 534280 bytes.
Unreferencing block aggregates_mem_20122 (allocated as aggregates_mem_20122) in space 'device': 0 references remaining.
40 bytes freed (now allocated: 534240 bytes)
Allocating 40 bytes for aggregates_mem_20122 in space 'device' (currently allocated: 534240 bytes).
Received block of 40 bytes; now allocated: 534280 bytes.
Unreferencing block incprefixes_mem_20124 (allocated as incprefixes_mem_20124) in space 'device': 0 references remaining.
40 bytes freed (now allocated: 534240 bytes)
Allocating 40 bytes for incprefixes_mem_20124 in space 'device' (currently allocated: 534240 bytes).
Received block of 40 bytes; now allocated: 534280 bytes.
Unreferencing block aggregates_mem_20126 (allocated as aggregates_mem_20126) in space 'device': 0 references remaining.
40 bytes freed (now allocated: 534240 bytes)
Allocating 40 bytes for aggregates_mem_20126 in space 'device' (currently allocated: 534240 bytes).
Received block of 40 bytes; now allocated: 534280 bytes.
Unreferencing block incprefixes_mem_20128 (allocated as incprefixes_mem_20128) in space 'device': 0 references remaining.
40 bytes freed (now allocated: 534240 bytes)
Allocating 40 bytes for incprefixes_mem_20128 in space 'device' (currently allocated: 534240 bytes).
Received block of 40 bytes; now allocated: 534280 bytes.
Unreferencing block aggregates_mem_20130 (allocated as aggregates_mem_20130) in space 'device': 0 references remaining.
40 bytes freed (now allocated: 534240 bytes)
Allocating 40 bytes for aggregates_mem_20130 in space 'device' (currently allocated: 534240 bytes).
Received block of 40 bytes; now allocated: 534280 bytes.
Unreferencing block incprefixes_mem_20132 (allocated as incprefixes_mem_20132) in space 'device': 0 references remaining.
40 bytes freed (now allocated: 534240 bytes)
Allocating 40 bytes for incprefixes_mem_20132 in space 'device' (currently allocated: 534240 bytes).
Received block of 40 bytes; now allocated: 534280 bytes.
Event: main.segscan_19140
Kernel main.segscan_19140 with
  grid=(14,1,1)
  block=(256,1,1)
  shared memory=8192

Unreferencing block mem_19805 (allocated as mem_19805) in space 'device': 2 references remaining.
Allocating 26664 bytes for mem_19805 in space 'device' (currently allocated: 534280 bytes).
Received block of 26664 bytes; now allocated: 560944 bytes.

# Copy GPU to GPU
Shape: [3333]
Dst offset: 0
Dst strides: 1
Src offset: 0
Src strides: 1
## Flat copy

Event: copy_dev_to_dev

Unreferencing block mem_19807 (allocated as mem_19807) in space 'device': 2 references remaining.
Allocating 26664 bytes for mem_19807 in space 'device' (currently allocated: 560944 bytes).
Received block of 26664 bytes; now allocated: 587608 bytes.

# Copy GPU to GPU
Shape: [3333]
Dst offset: 0
Dst strides: 1
Src offset: 0
Src strides: 1
## Flat copy

Event: copy_dev_to_dev

Event: main.gpuseq_20361
Kernel main.gpuseq_20361 with
  grid=(1,1,1)
  block=(1,1,1)
  shared memory=0

Event: main.segmap_19142
Kernel main.segmap_19142 with
  grid=(14,1,1)
  block=(256,1,1)
  shared memory=0

Unreferencing block mem_19807 (allocated as mem_19807) in space 'device': 1 references remaining.
Unreferencing block mem_19805 (allocated as mem_19805) in space 'device': 1 references remaining.
Unreferencing block mem_param_tmp_20085 (allocated as mem_19807) in space 'device': 0 references remaining.
26664 bytes freed (now allocated: 560944 bytes)
Unreferencing block mem_param_tmp_20086 (allocated as mem_19805) in space 'device': 0 references remaining.
26664 bytes freed (now allocated: 534280 bytes)
Unreferencing block status_flags_mem_20096 (allocated as status_flags_mem_20096) in space 'device': 0 references remaining.
8 bytes freed (now allocated: 534272 bytes)
Allocating 5 bytes for status_flags_mem_20096 in space 'device' (currently allocated: 534272 bytes).
Received block of 8 bytes; now allocated: 534280 bytes.
Event: builtin#replicate_i8.replicate_20103
Kernel builtin#replicate_i8.replicate_20103 with
  grid=(1,1,1)
  block=(256,1,1)
  shared memory=0

Unreferencing block aggregates_mem_20118 (allocated as aggregates_mem_20118) in space 'device': 0 references remaining.
40 bytes freed (now allocated: 534240 bytes)
Allocating 40 bytes for aggregates_mem_20118 in space 'device' (currently allocated: 534240 bytes).
Received block of 40 bytes; now allocated: 534280 bytes.
Unreferencing block incprefixes_mem_20120 (allocated as incprefixes_mem_20120) in space 'device': 0 references remaining.
40 bytes freed (now allocated: 534240 bytes)
Allocating 40 bytes for incprefixes_mem_20120 in space 'device' (currently allocated: 534240 bytes).
Received block of 40 bytes; now allocated: 534280 bytes.
Unreferencing block aggregates_mem_20122 (allocated as aggregates_mem_20122) in space 'device': 0 references remaining.
40 bytes freed (now allocated: 534240 bytes)
Allocating 40 bytes for aggregates_mem_20122 in space 'device' (currently allocated: 534240 bytes).
Received block of 40 bytes; now allocated: 534280 bytes.
Unreferencing block incprefixes_mem_20124 (allocated as incprefixes_mem_20124) in space 'device': 0 references remaining.
40 bytes freed (now allocated: 534240 bytes)
Allocating 40 bytes for incprefixes_mem_20124 in space 'device' (currently allocated: 534240 bytes).
Received block of 40 bytes; now allocated: 534280 bytes.
Unreferencing block aggregates_mem_20126 (allocated as aggregates_mem_20126) in space 'device': 0 references remaining.
40 bytes freed (now allocated: 534240 bytes)
Allocating 40 bytes for aggregates_mem_20126 in space 'device' (currently allocated: 534240 bytes).
Received block of 40 bytes; now allocated: 534280 bytes.
Unreferencing block incprefixes_mem_20128 (allocated as incprefixes_mem_20128) in space 'device': 0 references remaining.
40 bytes freed (now allocated: 534240 bytes)
Allocating 40 bytes for incprefixes_mem_20128 in space 'device' (currently allocated: 534240 bytes).
Received block of 40 bytes; now allocated: 534280 bytes.
Unreferencing block aggregates_mem_20130 (allocated as aggregates_mem_20130) in space 'device': 0 references remaining.
40 bytes freed (now allocated: 534240 bytes)
Allocating 40 bytes for aggregates_mem_20130 in space 'device' (currently allocated: 534240 bytes).
Received block of 40 bytes; now allocated: 534280 bytes.
Unreferencing block incprefixes_mem_20132 (allocated as incprefixes_mem_20132) in space 'device': 0 references remaining.
40 bytes freed (now allocated: 534240 bytes)
Allocating 40 bytes for incprefixes_mem_20132 in space 'device' (currently allocated: 534240 bytes).
Received block of 40 bytes; now allocated: 534280 bytes.
Event: main.segscan_19140
Kernel main.segscan_19140 with
  grid=(14,1,1)
  block=(256,1,1)
  shared memory=8192

Unreferencing block mem_19805 (allocated as mem_19805) in space 'device': 2 references remaining.
Allocating 26664 bytes for mem_19805 in space 'device' (currently allocated: 534280 bytes).
Received block of 26664 bytes; now allocated: 560944 bytes.

# Copy GPU to GPU
Shape: [3333]
Dst offset: 0
Dst strides: 1
Src offset: 0
Src strides: 1
## Flat copy

Event: copy_dev_to_dev

Unreferencing block mem_19807 (allocated as mem_19807) in space 'device': 2 references remaining.
Allocating 26664 bytes for mem_19807 in space 'device' (currently allocated: 560944 bytes).
Received block of 26664 bytes; now allocated: 587608 bytes.

# Copy GPU to GPU
Shape: [3333]
Dst offset: 0
Dst strides: 1
Src offset: 0
Src strides: 1
## Flat copy

Event: copy_dev_to_dev

Event: main.gpuseq_20361
Kernel main.gpuseq_20361 with
  grid=(1,1,1)
  block=(1,1,1)
  shared memory=0

Event: main.segmap_19142
Kernel main.segmap_19142 with
  grid=(14,1,1)
  block=(256,1,1)
  shared memory=0

Unreferencing block mem_19807 (allocated as mem_19807) in space 'device': 1 references remaining.
Unreferencing block mem_19805 (allocated as mem_19805) in space 'device': 1 references remaining.
Unreferencing block mem_param_tmp_20085 (allocated as mem_19807) in space 'device': 0 references remaining.
26664 bytes freed (now allocated: 560944 bytes)
Unreferencing block mem_param_tmp_20086 (allocated as mem_19805) in space 'device': 0 references remaining.
26664 bytes freed (now allocated: 534280 bytes)
Unreferencing block status_flags_mem_20096 (allocated as status_flags_mem_20096) in space 'device': 0 references remaining.
8 bytes freed (now allocated: 534272 bytes)
Allocating 5 bytes for status_flags_mem_20096 in space 'device' (currently allocated: 534272 bytes).
Received block of 8 bytes; now allocated: 534280 bytes.
Event: builtin#replicate_i8.replicate_20103
Kernel builtin#replicate_i8.replicate_20103 with
  grid=(1,1,1)
  block=(256,1,1)
  shared memory=0

Unreferencing block aggregates_mem_20118 (allocated as aggregates_mem_20118) in space 'device': 0 references remaining.
40 bytes freed (now allocated: 534240 bytes)
Allocating 40 bytes for aggregates_mem_20118 in space 'device' (currently allocated: 534240 bytes).
Received block of 40 bytes; now allocated: 534280 bytes.
Unreferencing block incprefixes_mem_20120 (allocated as incprefixes_mem_20120) in space 'device': 0 references remaining.
40 bytes freed (now allocated: 534240 bytes)
Allocating 40 bytes for incprefixes_mem_20120 in space 'device' (currently allocated: 534240 bytes).
Received block of 40 bytes; now allocated: 534280 bytes.
Unreferencing block aggregates_mem_20122 (allocated as aggregates_mem_20122) in space 'device': 0 references remaining.
40 bytes freed (now allocated: 534240 bytes)
Allocating 40 bytes for aggregates_mem_20122 in space 'device' (currently allocated: 534240 bytes).
Received block of 40 bytes; now allocated: 534280 bytes.
Unreferencing block incprefixes_mem_20124 (allocated as incprefixes_mem_20124) in space 'device': 0 references remaining.
40 bytes freed (now allocated: 534240 bytes)
Allocating 40 bytes for incprefixes_mem_20124 in space 'device' (currently allocated: 534240 bytes).
Received block of 40 bytes; now allocated: 534280 bytes.
Unreferencing block aggregates_mem_20126 (allocated as aggregates_mem_20126) in space 'device': 0 references remaining.
40 bytes freed (now allocated: 534240 bytes)
Allocating 40 bytes for aggregates_mem_20126 in space 'device' (currently allocated: 534240 bytes).
Received block of 40 bytes; now allocated: 534280 bytes.
Unreferencing block incprefixes_mem_20128 (allocated as incprefixes_mem_20128) in space 'device': 0 references remaining.
40 bytes freed (now allocated: 534240 bytes)
Allocating 40 bytes for incprefixes_mem_20128 in space 'device' (currently allocated: 534240 bytes).
Received block of 40 bytes; now allocated: 534280 bytes.
Unreferencing block aggregates_mem_20130 (allocated as aggregates_mem_20130) in space 'device': 0 references remaining.
40 bytes freed (now allocated: 534240 bytes)
Allocating 40 bytes for aggregates_mem_20130 in space 'device' (currently allocated: 534240 bytes).
Received block of 40 bytes; now allocated: 534280 bytes.
Unreferencing block incprefixes_mem_20132 (allocated as incprefixes_mem_20132) in space 'device': 0 references remaining.
40 bytes freed (now allocated: 534240 bytes)
Allocating 40 bytes for incprefixes_mem_20132 in space 'device' (currently allocated: 534240 bytes).
Received block of 40 bytes; now allocated: 534280 bytes.
Event: main.segscan_19140
Kernel main.segscan_19140 with
  grid=(14,1,1)
  block=(256,1,1)
  shared memory=8192

Unreferencing block mem_19805 (allocated as mem_19805) in space 'device': 2 references remaining.
Allocating 26664 bytes for mem_19805 in space 'device' (currently allocated: 534280 bytes).
Received block of 26664 bytes; now allocated: 560944 bytes.

# Copy GPU to GPU
Shape: [3333]
Dst offset: 0
Dst strides: 1
Src offset: 0
Src strides: 1
## Flat copy

Event: copy_dev_to_dev

Unreferencing block mem_19807 (allocated as mem_19807) in space 'device': 2 references remaining.
Allocating 26664 bytes for mem_19807 in space 'device' (currently allocated: 560944 bytes).
Received block of 26664 bytes; now allocated: 587608 bytes.

# Copy GPU to GPU
Shape: [3333]
Dst offset: 0
Dst strides: 1
Src offset: 0
Src strides: 1
## Flat copy

Event: copy_dev_to_dev

Event: main.gpuseq_20361
Kernel main.gpuseq_20361 with
  grid=(1,1,1)
  block=(1,1,1)
  shared memory=0

Event: main.segmap_19142
Kernel main.segmap_19142 with
  grid=(14,1,1)
  block=(256,1,1)
  shared memory=0

Unreferencing block mem_19807 (allocated as mem_19807) in space 'device': 1 references remaining.
Unreferencing block mem_19805 (allocated as mem_19805) in space 'device': 1 references remaining.
Unreferencing block mem_param_tmp_20085 (allocated as mem_19807) in space 'device': 0 references remaining.
26664 bytes freed (now allocated: 560944 bytes)
Unreferencing block mem_param_tmp_20086 (allocated as mem_19805) in space 'device': 0 references remaining.
26664 bytes freed (now allocated: 534280 bytes)
Unreferencing block status_flags_mem_20096 (allocated as status_flags_mem_20096) in space 'device': 0 references remaining.
8 bytes freed (now allocated: 534272 bytes)
Allocating 5 bytes for status_flags_mem_20096 in space 'device' (currently allocated: 534272 bytes).
Received block of 8 bytes; now allocated: 534280 bytes.
Event: builtin#replicate_i8.replicate_20103
Kernel builtin#replicate_i8.replicate_20103 with
  grid=(1,1,1)
  block=(256,1,1)
  shared memory=0

Unreferencing block aggregates_mem_20118 (allocated as aggregates_mem_20118) in space 'device': 0 references remaining.
40 bytes freed (now allocated: 534240 bytes)
Allocating 40 bytes for aggregates_mem_20118 in space 'device' (currently allocated: 534240 bytes).
Received block of 40 bytes; now allocated: 534280 bytes.
Unreferencing block incprefixes_mem_20120 (allocated as incprefixes_mem_20120) in space 'device': 0 references remaining.
40 bytes freed (now allocated: 534240 bytes)
Allocating 40 bytes for incprefixes_mem_20120 in space 'device' (currently allocated: 534240 bytes).
Received block of 40 bytes; now allocated: 534280 bytes.
Unreferencing block aggregates_mem_20122 (allocated as aggregates_mem_20122) in space 'device': 0 references remaining.
40 bytes freed (now allocated: 534240 bytes)
Allocating 40 bytes for aggregates_mem_20122 in space 'device' (currently allocated: 534240 bytes).
Received block of 40 bytes; now allocated: 534280 bytes.
Unreferencing block incprefixes_mem_20124 (allocated as incprefixes_mem_20124) in space 'device': 0 references remaining.
40 bytes freed (now allocated: 534240 bytes)
Allocating 40 bytes for incprefixes_mem_20124 in space 'device' (currently allocated: 534240 bytes).
Received block of 40 bytes; now allocated: 534280 bytes.
Unreferencing block aggregates_mem_20126 (allocated as aggregates_mem_20126) in space 'device': 0 references remaining.
40 bytes freed (now allocated: 534240 bytes)
Allocating 40 bytes for aggregates_mem_20126 in space 'device' (currently allocated: 534240 bytes).
Received block of 40 bytes; now allocated: 534280 bytes.
Unreferencing block incprefixes_mem_20128 (allocated as incprefixes_mem_20128) in space 'device': 0 references remaining.
40 bytes freed (now allocated: 534240 bytes)
Allocating 40 bytes for incprefixes_mem_20128 in space 'device' (currently allocated: 534240 bytes).
Received block of 40 bytes; now allocated: 534280 bytes.
Unreferencing block aggregates_mem_20130 (allocated as aggregates_mem_20130) in space 'device': 0 references remaining.
40 bytes freed (now allocated: 534240 bytes)
Allocating 40 bytes for aggregates_mem_20130 in space 'device' (currently allocated: 534240 bytes).
Received block of 40 bytes; now allocated: 534280 bytes.
Unreferencing block incprefixes_mem_20132 (allocated as incprefixes_mem_20132) in space 'device': 0 references remaining.
40 bytes freed (now allocated: 534240 bytes)
Allocating 40 bytes for incprefixes_mem_20132 in space 'device' (currently allocated: 534240 bytes).
Received block of 40 bytes; now allocated: 534280 bytes.
Event: main.segscan_19140
Kernel main.segscan_19140 with
  grid=(14,1,1)
  block=(256,1,1)
  shared memory=8192

Unreferencing block mem_19805 (allocated as mem_19805) in space 'device': 2 references remaining.
Allocating 26664 bytes for mem_19805 in space 'device' (currently allocated: 534280 bytes).
Received block of 26664 bytes; now allocated: 560944 bytes.

# Copy GPU to GPU
Shape: [3333]
Dst offset: 0
Dst strides: 1
Src offset: 0
Src strides: 1
## Flat copy

Event: copy_dev_to_dev

Unreferencing block mem_19807 (allocated as mem_19807) in space 'device': 2 references remaining.
Allocating 26664 bytes for mem_19807 in space 'device' (currently allocated: 560944 bytes).
Received block of 26664 bytes; now allocated: 587608 bytes.

# Copy GPU to GPU
Shape: [3333]
Dst offset: 0
Dst strides: 1
Src offset: 0
Src strides: 1
## Flat copy

Event: copy_dev_to_dev

Event: main.gpuseq_20361
Kernel main.gpuseq_20361 with
  grid=(1,1,1)
  block=(1,1,1)
  shared memory=0

Event: main.segmap_19142
Kernel main.segmap_19142 with
  grid=(14,1,1)
  block=(256,1,1)
  shared memory=0

Unreferencing block mem_19807 (allocated as mem_19807) in space 'device': 1 references remaining.
Unreferencing block mem_19805 (allocated as mem_19805) in space 'device': 1 references remaining.
Unreferencing block mem_param_tmp_20085 (allocated as mem_19807) in space 'device': 0 references remaining.
26664 bytes freed (now allocated: 560944 bytes)
Unreferencing block mem_param_tmp_20086 (allocated as mem_19805) in space 'device': 0 references remaining.
26664 bytes freed (now allocated: 534280 bytes)
Unreferencing block status_flags_mem_20096 (allocated as status_flags_mem_20096) in space 'device': 0 references remaining.
8 bytes freed (now allocated: 534272 bytes)
Allocating 5 bytes for status_flags_mem_20096 in space 'device' (currently allocated: 534272 bytes).
Received block of 8 bytes; now allocated: 534280 bytes.
Event: builtin#replicate_i8.replicate_20103
Kernel builtin#replicate_i8.replicate_20103 with
  grid=(1,1,1)
  block=(256,1,1)
  shared memory=0

Unreferencing block aggregates_mem_20118 (allocated as aggregates_mem_20118) in space 'device': 0 references remaining.
40 bytes freed (now allocated: 534240 bytes)
Allocating 40 bytes for aggregates_mem_20118 in space 'device' (currently allocated: 534240 bytes).
Received block of 40 bytes; now allocated: 534280 bytes.
Unreferencing block incprefixes_mem_20120 (allocated as incprefixes_mem_20120) in space 'device': 0 references remaining.
40 bytes freed (now allocated: 534240 bytes)
Allocating 40 bytes for incprefixes_mem_20120 in space 'device' (currently allocated: 534240 bytes).
Received block of 40 bytes; now allocated: 534280 bytes.
Unreferencing block aggregates_mem_20122 (allocated as aggregates_mem_20122) in space 'device': 0 references remaining.
40 bytes freed (now allocated: 534240 bytes)
Allocating 40 bytes for aggregates_mem_20122 in space 'device' (currently allocated: 534240 bytes).
Received block of 40 bytes; now allocated: 534280 bytes.
Unreferencing block incprefixes_mem_20124 (allocated as incprefixes_mem_20124) in space 'device': 0 references remaining.
40 bytes freed (now allocated: 534240 bytes)
Allocating 40 bytes for incprefixes_mem_20124 in space 'device' (currently allocated: 534240 bytes).
Received block of 40 bytes; now allocated: 534280 bytes.
Unreferencing block aggregates_mem_20126 (allocated as aggregates_mem_20126) in space 'device': 0 references remaining.
40 bytes freed (now allocated: 534240 bytes)
Allocating 40 bytes for aggregates_mem_20126 in space 'device' (currently allocated: 534240 bytes).
Received block of 40 bytes; now allocated: 534280 bytes.
Unreferencing block incprefixes_mem_20128 (allocated as incprefixes_mem_20128) in space 'device': 0 references remaining.
40 bytes freed (now allocated: 534240 bytes)
Allocating 40 bytes for incprefixes_mem_20128 in space 'device' (currently allocated: 534240 bytes).
Received block of 40 bytes; now allocated: 534280 bytes.
Unreferencing block aggregates_mem_20130 (allocated as aggregates_mem_20130) in space 'device': 0 references remaining.
40 bytes freed (now allocated: 534240 bytes)
Allocating 40 bytes for aggregates_mem_20130 in space 'device' (currently allocated: 534240 bytes).
Received block of 40 bytes; now allocated: 534280 bytes.
Unreferencing block incprefixes_mem_20132 (allocated as incprefixes_mem_20132) in space 'device': 0 references remaining.
40 bytes freed (now allocated: 534240 bytes)
Allocating 40 bytes for incprefixes_mem_20132 in space 'device' (currently allocated: 534240 bytes).
Received block of 40 bytes; now allocated: 534280 bytes.
Event: main.segscan_19140
Kernel main.segscan_19140 with
  grid=(14,1,1)
  block=(256,1,1)
  shared memory=8192

Unreferencing block mem_19805 (allocated as mem_19805) in space 'device': 2 references remaining.
Allocating 26664 bytes for mem_19805 in space 'device' (currently allocated: 534280 bytes).
Received block of 26664 bytes; now allocated: 560944 bytes.

# Copy GPU to GPU
Shape: [3333]
Dst offset: 0
Dst strides: 1
Src offset: 0
Src strides: 1
## Flat copy

Event: copy_dev_to_dev

Unreferencing block mem_19807 (allocated as mem_19807) in space 'device': 2 references remaining.
Allocating 26664 bytes for mem_19807 in space 'device' (currently allocated: 560944 bytes).
Received block of 26664 bytes; now allocated: 587608 bytes.

# Copy GPU to GPU
Shape: [3333]
Dst offset: 0
Dst strides: 1
Src offset: 0
Src strides: 1
## Flat copy

Event: copy_dev_to_dev

Event: main.gpuseq_20361
Kernel main.gpuseq_20361 with
  grid=(1,1,1)
  block=(1,1,1)
  shared memory=0

Event: main.segmap_19142
Kernel main.segmap_19142 with
  grid=(14,1,1)
  block=(256,1,1)
  shared memory=0

Unreferencing block mem_19807 (allocated as mem_19807) in space 'device': 1 references remaining.
Unreferencing block mem_19805 (allocated as mem_19805) in space 'device': 1 references remaining.
Unreferencing block mem_param_tmp_20085 (allocated as mem_19807) in space 'device': 0 references remaining.
26664 bytes freed (now allocated: 560944 bytes)
Unreferencing block mem_param_tmp_20086 (allocated as mem_19805) in space 'device': 0 references remaining.
26664 bytes freed (now allocated: 534280 bytes)
Unreferencing block status_flags_mem_20096 (allocated as status_flags_mem_20096) in space 'device': 0 references remaining.
8 bytes freed (now allocated: 534272 bytes)
Allocating 5 bytes for status_flags_mem_20096 in space 'device' (currently allocated: 534272 bytes).
Received block of 8 bytes; now allocated: 534280 bytes.
Event: builtin#replicate_i8.replicate_20103
Kernel builtin#replicate_i8.replicate_20103 with
  grid=(1,1,1)
  block=(256,1,1)
  shared memory=0

Unreferencing block aggregates_mem_20118 (allocated as aggregates_mem_20118) in space 'device': 0 references remaining.
40 bytes freed (now allocated: 534240 bytes)
Allocating 40 bytes for aggregates_mem_20118 in space 'device' (currently allocated: 534240 bytes).
Received block of 40 bytes; now allocated: 534280 bytes.
Unreferencing block incprefixes_mem_20120 (allocated as incprefixes_mem_20120) in space 'device': 0 references remaining.
40 bytes freed (now allocated: 534240 bytes)
Allocating 40 bytes for incprefixes_mem_20120 in space 'device' (currently allocated: 534240 bytes).
Received block of 40 bytes; now allocated: 534280 bytes.
Unreferencing block aggregates_mem_20122 (allocated as aggregates_mem_20122) in space 'device': 0 references remaining.
40 bytes freed (now allocated: 534240 bytes)
Allocating 40 bytes for aggregates_mem_20122 in space 'device' (currently allocated: 534240 bytes).
Received block of 40 bytes; now allocated: 534280 bytes.
Unreferencing block incprefixes_mem_20124 (allocated as incprefixes_mem_20124) in space 'device': 0 references remaining.
40 bytes freed (now allocated: 534240 bytes)
Allocating 40 bytes for incprefixes_mem_20124 in space 'device' (currently allocated: 534240 bytes).
Received block of 40 bytes; now allocated: 534280 bytes.
Unreferencing block aggregates_mem_20126 (allocated as aggregates_mem_20126) in space 'device': 0 references remaining.
40 bytes freed (now allocated: 534240 bytes)
Allocating 40 bytes for aggregates_mem_20126 in space 'device' (currently allocated: 534240 bytes).
Received block of 40 bytes; now allocated: 534280 bytes.
Unreferencing block incprefixes_mem_20128 (allocated as incprefixes_mem_20128) in space 'device': 0 references remaining.
40 bytes freed (now allocated: 534240 bytes)
Allocating 40 bytes for incprefixes_mem_20128 in space 'device' (currently allocated: 534240 bytes).
Received block of 40 bytes; now allocated: 534280 bytes.
Unreferencing block aggregates_mem_20130 (allocated as aggregates_mem_20130) in space 'device': 0 references remaining.
40 bytes freed (now allocated: 534240 bytes)
Allocating 40 bytes for aggregates_mem_20130 in space 'device' (currently allocated: 534240 bytes).
Received block of 40 bytes; now allocated: 534280 bytes.
Unreferencing block incprefixes_mem_20132 (allocated as incprefixes_mem_20132) in space 'device': 0 references remaining.
40 bytes freed (now allocated: 534240 bytes)
Allocating 40 bytes for incprefixes_mem_20132 in space 'device' (currently allocated: 534240 bytes).
Received block of 40 bytes; now allocated: 534280 bytes.
Event: main.segscan_19140
Kernel main.segscan_19140 with
  grid=(14,1,1)
  block=(256,1,1)
  shared memory=8192

Unreferencing block mem_19805 (allocated as mem_19805) in space 'device': 2 references remaining.
Allocating 26664 bytes for mem_19805 in space 'device' (currently allocated: 534280 bytes).
Received block of 26664 bytes; now allocated: 560944 bytes.

# Copy GPU to GPU
Shape: [3333]
Dst offset: 0
Dst strides: 1
Src offset: 0
Src strides: 1
## Flat copy

Event: copy_dev_to_dev

Unreferencing block mem_19807 (allocated as mem_19807) in space 'device': 2 references remaining.
Allocating 26664 bytes for mem_19807 in space 'device' (currently allocated: 560944 bytes).
Received block of 26664 bytes; now allocated: 587608 bytes.

# Copy GPU to GPU
Shape: [3333]
Dst offset: 0
Dst strides: 1
Src offset: 0
Src strides: 1
## Flat copy

Event: copy_dev_to_dev

Event: main.gpuseq_20361
Kernel main.gpuseq_20361 with
  grid=(1,1,1)
  block=(1,1,1)
  shared memory=0

Event: main.segmap_19142
Kernel main.segmap_19142 with
  grid=(14,1,1)
  block=(256,1,1)
  shared memory=0

Unreferencing block mem_19807 (allocated as mem_19807) in space 'device': 1 references remaining.
Unreferencing block mem_19805 (allocated as mem_19805) in space 'device': 1 references remaining.
Unreferencing block mem_param_tmp_20085 (allocated as mem_19807) in space 'device': 0 references remaining.
26664 bytes freed (now allocated: 560944 bytes)
Unreferencing block mem_param_tmp_20086 (allocated as mem_19805) in space 'device': 0 references remaining.
26664 bytes freed (now allocated: 534280 bytes)
Unreferencing block status_flags_mem_20096 (allocated as status_flags_mem_20096) in space 'device': 0 references remaining.
8 bytes freed (now allocated: 534272 bytes)
Allocating 5 bytes for status_flags_mem_20096 in space 'device' (currently allocated: 534272 bytes).
Received block of 8 bytes; now allocated: 534280 bytes.
Event: builtin#replicate_i8.replicate_20103
Kernel builtin#replicate_i8.replicate_20103 with
  grid=(1,1,1)
  block=(256,1,1)
  shared memory=0

Unreferencing block aggregates_mem_20118 (allocated as aggregates_mem_20118) in space 'device': 0 references remaining.
40 bytes freed (now allocated: 534240 bytes)
Allocating 40 bytes for aggregates_mem_20118 in space 'device' (currently allocated: 534240 bytes).
Received block of 40 bytes; now allocated: 534280 bytes.
Unreferencing block incprefixes_mem_20120 (allocated as incprefixes_mem_20120) in space 'device': 0 references remaining.
40 bytes freed (now allocated: 534240 bytes)
Allocating 40 bytes for incprefixes_mem_20120 in space 'device' (currently allocated: 534240 bytes).
Received block of 40 bytes; now allocated: 534280 bytes.
Unreferencing block aggregates_mem_20122 (allocated as aggregates_mem_20122) in space 'device': 0 references remaining.
40 bytes freed (now allocated: 534240 bytes)
Allocating 40 bytes for aggregates_mem_20122 in space 'device' (currently allocated: 534240 bytes).
Received block of 40 bytes; now allocated: 534280 bytes.
Unreferencing block incprefixes_mem_20124 (allocated as incprefixes_mem_20124) in space 'device': 0 references remaining.
40 bytes freed (now allocated: 534240 bytes)
Allocating 40 bytes for incprefixes_mem_20124 in space 'device' (currently allocated: 534240 bytes).
Received block of 40 bytes; now allocated: 534280 bytes.
Unreferencing block aggregates_mem_20126 (allocated as aggregates_mem_20126) in space 'device': 0 references remaining.
40 bytes freed (now allocated: 534240 bytes)
Allocating 40 bytes for aggregates_mem_20126 in space 'device' (currently allocated: 534240 bytes).
Received block of 40 bytes; now allocated: 534280 bytes.
Unreferencing block incprefixes_mem_20128 (allocated as incprefixes_mem_20128) in space 'device': 0 references remaining.
40 bytes freed (now allocated: 534240 bytes)
Allocating 40 bytes for incprefixes_mem_20128 in space 'device' (currently allocated: 534240 bytes).
Received block of 40 bytes; now allocated: 534280 bytes.
Unreferencing block aggregates_mem_20130 (allocated as aggregates_mem_20130) in space 'device': 0 references remaining.
40 bytes freed (now allocated: 534240 bytes)
Allocating 40 bytes for aggregates_mem_20130 in space 'device' (currently allocated: 534240 bytes).
Received block of 40 bytes; now allocated: 534280 bytes.
Unreferencing block incprefixes_mem_20132 (allocated as incprefixes_mem_20132) in space 'device': 0 references remaining.
40 bytes freed (now allocated: 534240 bytes)
Allocating 40 bytes for incprefixes_mem_20132 in space 'device' (currently allocated: 534240 bytes).
Received block of 40 bytes; now allocated: 534280 bytes.
Event: main.segscan_19140
Kernel main.segscan_19140 with
  grid=(14,1,1)
  block=(256,1,1)
  shared memory=8192

Unreferencing block mem_19805 (allocated as mem_19805) in space 'device': 2 references remaining.
Allocating 26664 bytes for mem_19805 in space 'device' (currently allocated: 534280 bytes).
Received block of 26664 bytes; now allocated: 560944 bytes.

# Copy GPU to GPU
Shape: [3333]
Dst offset: 0
Dst strides: 1
Src offset: 0
Src strides: 1
## Flat copy

Event: copy_dev_to_dev

Unreferencing block mem_19807 (allocated as mem_19807) in space 'device': 2 references remaining.
Allocating 26664 bytes for mem_19807 in space 'device' (currently allocated: 560944 bytes).
Received block of 26664 bytes; now allocated: 587608 bytes.

# Copy GPU to GPU
Shape: [3333]
Dst offset: 0
Dst strides: 1
Src offset: 0
Src strides: 1
## Flat copy

Event: copy_dev_to_dev

Event: main.gpuseq_20361
Kernel main.gpuseq_20361 with
  grid=(1,1,1)
  block=(1,1,1)
  shared memory=0

Event: main.segmap_19142
Kernel main.segmap_19142 with
  grid=(14,1,1)
  block=(256,1,1)
  shared memory=0

Unreferencing block mem_19807 (allocated as mem_19807) in space 'device': 1 references remaining.
Unreferencing block mem_19805 (allocated as mem_19805) in space 'device': 1 references remaining.
Unreferencing block mem_param_tmp_20085 (allocated as mem_19807) in space 'device': 0 references remaining.
26664 bytes freed (now allocated: 560944 bytes)
Unreferencing block mem_param_tmp_20086 (allocated as mem_19805) in space 'device': 0 references remaining.
26664 bytes freed (now allocated: 534280 bytes)
Unreferencing block status_flags_mem_20096 (allocated as status_flags_mem_20096) in space 'device': 0 references remaining.
8 bytes freed (now allocated: 534272 bytes)
Allocating 5 bytes for status_flags_mem_20096 in space 'device' (currently allocated: 534272 bytes).
Received block of 8 bytes; now allocated: 534280 bytes.
Event: builtin#replicate_i8.replicate_20103
Kernel builtin#replicate_i8.replicate_20103 with
  grid=(1,1,1)
  block=(256,1,1)
  shared memory=0

Unreferencing block aggregates_mem_20118 (allocated as aggregates_mem_20118) in space 'device': 0 references remaining.
40 bytes freed (now allocated: 534240 bytes)
Allocating 40 bytes for aggregates_mem_20118 in space 'device' (currently allocated: 534240 bytes).
Received block of 40 bytes; now allocated: 534280 bytes.
Unreferencing block incprefixes_mem_20120 (allocated as incprefixes_mem_20120) in space 'device': 0 references remaining.
40 bytes freed (now allocated: 534240 bytes)
Allocating 40 bytes for incprefixes_mem_20120 in space 'device' (currently allocated: 534240 bytes).
Received block of 40 bytes; now allocated: 534280 bytes.
Unreferencing block aggregates_mem_20122 (allocated as aggregates_mem_20122) in space 'device': 0 references remaining.
40 bytes freed (now allocated: 534240 bytes)
Allocating 40 bytes for aggregates_mem_20122 in space 'device' (currently allocated: 534240 bytes).
Received block of 40 bytes; now allocated: 534280 bytes.
Unreferencing block incprefixes_mem_20124 (allocated as incprefixes_mem_20124) in space 'device': 0 references remaining.
40 bytes freed (now allocated: 534240 bytes)
Allocating 40 bytes for incprefixes_mem_20124 in space 'device' (currently allocated: 534240 bytes).
Received block of 40 bytes; now allocated: 534280 bytes.
Unreferencing block aggregates_mem_20126 (allocated as aggregates_mem_20126) in space 'device': 0 references remaining.
40 bytes freed (now allocated: 534240 bytes)
Allocating 40 bytes for aggregates_mem_20126 in space 'device' (currently allocated: 534240 bytes).
Received block of 40 bytes; now allocated: 534280 bytes.
Unreferencing block incprefixes_mem_20128 (allocated as incprefixes_mem_20128) in space 'device': 0 references remaining.
40 bytes freed (now allocated: 534240 bytes)
Allocating 40 bytes for incprefixes_mem_20128 in space 'device' (currently allocated: 534240 bytes).
Received block of 40 bytes; now allocated: 534280 bytes.
Unreferencing block aggregates_mem_20130 (allocated as aggregates_mem_20130) in space 'device': 0 references remaining.
40 bytes freed (now allocated: 534240 bytes)
Allocating 40 bytes for aggregates_mem_20130 in space 'device' (currently allocated: 534240 bytes).
Received block of 40 bytes; now allocated: 534280 bytes.
Unreferencing block incprefixes_mem_20132 (allocated as incprefixes_mem_20132) in space 'device': 0 references remaining.
40 bytes freed (now allocated: 534240 bytes)
Allocating 40 bytes for incprefixes_mem_20132 in space 'device' (currently allocated: 534240 bytes).
Received block of 40 bytes; now allocated: 534280 bytes.
Event: main.segscan_19140
Kernel main.segscan_19140 with
  grid=(14,1,1)
  block=(256,1,1)
  shared memory=8192

Unreferencing block mem_19805 (allocated as mem_19805) in space 'device': 2 references remaining.
Allocating 26664 bytes for mem_19805 in space 'device' (currently allocated: 534280 bytes).
Received block of 26664 bytes; now allocated: 560944 bytes.

# Copy GPU to GPU
Shape: [3333]
Dst offset: 0
Dst strides: 1
Src offset: 0
Src strides: 1
## Flat copy

Event: copy_dev_to_dev

Unreferencing block mem_19807 (allocated as mem_19807) in space 'device': 2 references remaining.
Allocating 26664 bytes for mem_19807 in space 'device' (currently allocated: 560944 bytes).
Received block of 26664 bytes; now allocated: 587608 bytes.

# Copy GPU to GPU
Shape: [3333]
Dst offset: 0
Dst strides: 1
Src offset: 0
Src strides: 1
## Flat copy

Event: copy_dev_to_dev

Event: main.gpuseq_20361
Kernel main.gpuseq_20361 with
  grid=(1,1,1)
  block=(1,1,1)
  shared memory=0

Event: main.segmap_19142
Kernel main.segmap_19142 with
  grid=(14,1,1)
  block=(256,1,1)
  shared memory=0

Unreferencing block mem_19807 (allocated as mem_19807) in space 'device': 1 references remaining.
Unreferencing block mem_19805 (allocated as mem_19805) in space 'device': 1 references remaining.
Unreferencing block mem_param_tmp_20085 (allocated as mem_19807) in space 'device': 0 references remaining.
26664 bytes freed (now allocated: 560944 bytes)
Unreferencing block mem_param_tmp_20086 (allocated as mem_19805) in space 'device': 0 references remaining.
26664 bytes freed (now allocated: 534280 bytes)
Unreferencing block status_flags_mem_20096 (allocated as status_flags_mem_20096) in space 'device': 0 references remaining.
8 bytes freed (now allocated: 534272 bytes)
Allocating 5 bytes for status_flags_mem_20096 in space 'device' (currently allocated: 534272 bytes).
Received block of 8 bytes; now allocated: 534280 bytes.
Event: builtin#replicate_i8.replicate_20103
Kernel builtin#replicate_i8.replicate_20103 with
  grid=(1,1,1)
  block=(256,1,1)
  shared memory=0

Unreferencing block aggregates_mem_20118 (allocated as aggregates_mem_20118) in space 'device': 0 references remaining.
40 bytes freed (now allocated: 534240 bytes)
Allocating 40 bytes for aggregates_mem_20118 in space 'device' (currently allocated: 534240 bytes).
Received block of 40 bytes; now allocated: 534280 bytes.
Unreferencing block incprefixes_mem_20120 (allocated as incprefixes_mem_20120) in space 'device': 0 references remaining.
40 bytes freed (now allocated: 534240 bytes)
Allocating 40 bytes for incprefixes_mem_20120 in space 'device' (currently allocated: 534240 bytes).
Received block of 40 bytes; now allocated: 534280 bytes.
Unreferencing block aggregates_mem_20122 (allocated as aggregates_mem_20122) in space 'device': 0 references remaining.
40 bytes freed (now allocated: 534240 bytes)
Allocating 40 bytes for aggregates_mem_20122 in space 'device' (currently allocated: 534240 bytes).
Received block of 40 bytes; now allocated: 534280 bytes.
Unreferencing block incprefixes_mem_20124 (allocated as incprefixes_mem_20124) in space 'device': 0 references remaining.
40 bytes freed (now allocated: 534240 bytes)
Allocating 40 bytes for incprefixes_mem_20124 in space 'device' (currently allocated: 534240 bytes).
Received block of 40 bytes; now allocated: 534280 bytes.
Unreferencing block aggregates_mem_20126 (allocated as aggregates_mem_20126) in space 'device': 0 references remaining.
40 bytes freed (now allocated: 534240 bytes)
Allocating 40 bytes for aggregates_mem_20126 in space 'device' (currently allocated: 534240 bytes).
Received block of 40 bytes; now allocated: 534280 bytes.
Unreferencing block incprefixes_mem_20128 (allocated as incprefixes_mem_20128) in space 'device': 0 references remaining.
40 bytes freed (now allocated: 534240 bytes)
Allocating 40 bytes for incprefixes_mem_20128 in space 'device' (currently allocated: 534240 bytes).
Received block of 40 bytes; now allocated: 534280 bytes.
Unreferencing block aggregates_mem_20130 (allocated as aggregates_mem_20130) in space 'device': 0 references remaining.
40 bytes freed (now allocated: 534240 bytes)
Allocating 40 bytes for aggregates_mem_20130 in space 'device' (currently allocated: 534240 bytes).
Received block of 40 bytes; now allocated: 534280 bytes.
Unreferencing block incprefixes_mem_20132 (allocated as incprefixes_mem_20132) in space 'device': 0 references remaining.
40 bytes freed (now allocated: 534240 bytes)
Allocating 40 bytes for incprefixes_mem_20132 in space 'device' (currently allocated: 534240 bytes).
Received block of 40 bytes; now allocated: 534280 bytes.
Event: main.segscan_19140
Kernel main.segscan_19140 with
  grid=(14,1,1)
  block=(256,1,1)
  shared memory=8192

Unreferencing block mem_19805 (allocated as mem_19805) in space 'device': 2 references remaining.
Allocating 26664 bytes for mem_19805 in space 'device' (currently allocated: 534280 bytes).
Received block of 26664 bytes; now allocated: 560944 bytes.

# Copy GPU to GPU
Shape: [3333]
Dst offset: 0
Dst strides: 1
Src offset: 0
Src strides: 1
## Flat copy

Event: copy_dev_to_dev

Unreferencing block mem_19807 (allocated as mem_19807) in space 'device': 2 references remaining.
Allocating 26664 bytes for mem_19807 in space 'device' (currently allocated: 560944 bytes).
Received block of 26664 bytes; now allocated: 587608 bytes.

# Copy GPU to GPU
Shape: [3333]
Dst offset: 0
Dst strides: 1
Src offset: 0
Src strides: 1
## Flat copy

Event: copy_dev_to_dev

Event: main.gpuseq_20361
Kernel main.gpuseq_20361 with
  grid=(1,1,1)
  block=(1,1,1)
  shared memory=0

Event: main.segmap_19142
Kernel main.segmap_19142 with
  grid=(14,1,1)
  block=(256,1,1)
  shared memory=0

Unreferencing block mem_19807 (allocated as mem_19807) in space 'device': 1 references remaining.
Unreferencing block mem_19805 (allocated as mem_19805) in space 'device': 1 references remaining.
Unreferencing block mem_param_tmp_20085 (allocated as mem_19807) in space 'device': 0 references remaining.
26664 bytes freed (now allocated: 560944 bytes)
Unreferencing block mem_param_tmp_20086 (allocated as mem_19805) in space 'device': 0 references remaining.
26664 bytes freed (now allocated: 534280 bytes)
Unreferencing block status_flags_mem_20096 (allocated as status_flags_mem_20096) in space 'device': 0 references remaining.
8 bytes freed (now allocated: 534272 bytes)
Allocating 5 bytes for status_flags_mem_20096 in space 'device' (currently allocated: 534272 bytes).
Received block of 8 bytes; now allocated: 534280 bytes.
Event: builtin#replicate_i8.replicate_20103
Kernel builtin#replicate_i8.replicate_20103 with
  grid=(1,1,1)
  block=(256,1,1)
  shared memory=0

Unreferencing block aggregates_mem_20118 (allocated as aggregates_mem_20118) in space 'device': 0 references remaining.
40 bytes freed (now allocated: 534240 bytes)
Allocating 40 bytes for aggregates_mem_20118 in space 'device' (currently allocated: 534240 bytes).
Received block of 40 bytes; now allocated: 534280 bytes.
Unreferencing block incprefixes_mem_20120 (allocated as incprefixes_mem_20120) in space 'device': 0 references remaining.
40 bytes freed (now allocated: 534240 bytes)
Allocating 40 bytes for incprefixes_mem_20120 in space 'device' (currently allocated: 534240 bytes).
Received block of 40 bytes; now allocated: 534280 bytes.
Unreferencing block aggregates_mem_20122 (allocated as aggregates_mem_20122) in space 'device': 0 references remaining.
40 bytes freed (now allocated: 534240 bytes)
Allocating 40 bytes for aggregates_mem_20122 in space 'device' (currently allocated: 534240 bytes).
Received block of 40 bytes; now allocated: 534280 bytes.
Unreferencing block incprefixes_mem_20124 (allocated as incprefixes_mem_20124) in space 'device': 0 references remaining.
40 bytes freed (now allocated: 534240 bytes)
Allocating 40 bytes for incprefixes_mem_20124 in space 'device' (currently allocated: 534240 bytes).
Received block of 40 bytes; now allocated: 534280 bytes.
Unreferencing block aggregates_mem_20126 (allocated as aggregates_mem_20126) in space 'device': 0 references remaining.
40 bytes freed (now allocated: 534240 bytes)
Allocating 40 bytes for aggregates_mem_20126 in space 'device' (currently allocated: 534240 bytes).
Received block of 40 bytes; now allocated: 534280 bytes.
Unreferencing block incprefixes_mem_20128 (allocated as incprefixes_mem_20128) in space 'device': 0 references remaining.
40 bytes freed (now allocated: 534240 bytes)
Allocating 40 bytes for incprefixes_mem_20128 in space 'device' (currently allocated: 534240 bytes).
Received block of 40 bytes; now allocated: 534280 bytes.
Unreferencing block aggregates_mem_20130 (allocated as aggregates_mem_20130) in space 'device': 0 references remaining.
40 bytes freed (now allocated: 534240 bytes)
Allocating 40 bytes for aggregates_mem_20130 in space 'device' (currently allocated: 534240 bytes).
Received block of 40 bytes; now allocated: 534280 bytes.
Unreferencing block incprefixes_mem_20132 (allocated as incprefixes_mem_20132) in space 'device': 0 references remaining.
40 bytes freed (now allocated: 534240 bytes)
Allocating 40 bytes for incprefixes_mem_20132 in space 'device' (currently allocated: 534240 bytes).
Received block of 40 bytes; now allocated: 534280 bytes.
Event: main.segscan_19140
Kernel main.segscan_19140 with
  grid=(14,1,1)
  block=(256,1,1)
  shared memory=8192

Unreferencing block mem_19805 (allocated as mem_19805) in space 'device': 2 references remaining.
Allocating 26664 bytes for mem_19805 in space 'device' (currently allocated: 534280 bytes).
Received block of 26664 bytes; now allocated: 560944 bytes.

# Copy GPU to GPU
Shape: [3333]
Dst offset: 0
Dst strides: 1
Src offset: 0
Src strides: 1
## Flat copy

Event: copy_dev_to_dev

Unreferencing block mem_19807 (allocated as mem_19807) in space 'device': 2 references remaining.
Allocating 26664 bytes for mem_19807 in space 'device' (currently allocated: 560944 bytes).
Received block of 26664 bytes; now allocated: 587608 bytes.

# Copy GPU to GPU
Shape: [3333]
Dst offset: 0
Dst strides: 1
Src offset: 0
Src strides: 1
## Flat copy

Event: copy_dev_to_dev

Event: main.gpuseq_20361
Kernel main.gpuseq_20361 with
  grid=(1,1,1)
  block=(1,1,1)
  shared memory=0

Event: main.segmap_19142
Kernel main.segmap_19142 with
  grid=(14,1,1)
  block=(256,1,1)
  shared memory=0

Unreferencing block mem_19807 (allocated as mem_19807) in space 'device': 1 references remaining.
Unreferencing block mem_19805 (allocated as mem_19805) in space 'device': 1 references remaining.
Unreferencing block mem_param_tmp_20085 (allocated as mem_19807) in space 'device': 0 references remaining.
26664 bytes freed (now allocated: 560944 bytes)
Unreferencing block mem_param_tmp_20086 (allocated as mem_19805) in space 'device': 0 references remaining.
26664 bytes freed (now allocated: 534280 bytes)
Unreferencing block status_flags_mem_20096 (allocated as status_flags_mem_20096) in space 'device': 0 references remaining.
8 bytes freed (now allocated: 534272 bytes)
Allocating 5 bytes for status_flags_mem_20096 in space 'device' (currently allocated: 534272 bytes).
Received block of 8 bytes; now allocated: 534280 bytes.
Event: builtin#replicate_i8.replicate_20103
Kernel builtin#replicate_i8.replicate_20103 with
  grid=(1,1,1)
  block=(256,1,1)
  shared memory=0

Unreferencing block aggregates_mem_20118 (allocated as aggregates_mem_20118) in space 'device': 0 references remaining.
40 bytes freed (now allocated: 534240 bytes)
Allocating 40 bytes for aggregates_mem_20118 in space 'device' (currently allocated: 534240 bytes).
Received block of 40 bytes; now allocated: 534280 bytes.
Unreferencing block incprefixes_mem_20120 (allocated as incprefixes_mem_20120) in space 'device': 0 references remaining.
40 bytes freed (now allocated: 534240 bytes)
Allocating 40 bytes for incprefixes_mem_20120 in space 'device' (currently allocated: 534240 bytes).
Received block of 40 bytes; now allocated: 534280 bytes.
Unreferencing block aggregates_mem_20122 (allocated as aggregates_mem_20122) in space 'device': 0 references remaining.
40 bytes freed (now allocated: 534240 bytes)
Allocating 40 bytes for aggregates_mem_20122 in space 'device' (currently allocated: 534240 bytes).
Received block of 40 bytes; now allocated: 534280 bytes.
Unreferencing block incprefixes_mem_20124 (allocated as incprefixes_mem_20124) in space 'device': 0 references remaining.
40 bytes freed (now allocated: 534240 bytes)
Allocating 40 bytes for incprefixes_mem_20124 in space 'device' (currently allocated: 534240 bytes).
Received block of 40 bytes; now allocated: 534280 bytes.
Unreferencing block aggregates_mem_20126 (allocated as aggregates_mem_20126) in space 'device': 0 references remaining.
40 bytes freed (now allocated: 534240 bytes)
Allocating 40 bytes for aggregates_mem_20126 in space 'device' (currently allocated: 534240 bytes).
Received block of 40 bytes; now allocated: 534280 bytes.
Unreferencing block incprefixes_mem_20128 (allocated as incprefixes_mem_20128) in space 'device': 0 references remaining.
40 bytes freed (now allocated: 534240 bytes)
Allocating 40 bytes for incprefixes_mem_20128 in space 'device' (currently allocated: 534240 bytes).
Received block of 40 bytes; now allocated: 534280 bytes.
Unreferencing block aggregates_mem_20130 (allocated as aggregates_mem_20130) in space 'device': 0 references remaining.
40 bytes freed (now allocated: 534240 bytes)
Allocating 40 bytes for aggregates_mem_20130 in space 'device' (currently allocated: 534240 bytes).
Received block of 40 bytes; now allocated: 534280 bytes.
Unreferencing block incprefixes_mem_20132 (allocated as incprefixes_mem_20132) in space 'device': 0 references remaining.
40 bytes freed (now allocated: 534240 bytes)
Allocating 40 bytes for incprefixes_mem_20132 in space 'device' (currently allocated: 534240 bytes).
Received block of 40 bytes; now allocated: 534280 bytes.
Event: main.segscan_19140
Kernel main.segscan_19140 with
  grid=(14,1,1)
  block=(256,1,1)
  shared memory=8192

Unreferencing block mem_19805 (allocated as mem_19805) in space 'device': 2 references remaining.
Allocating 26664 bytes for mem_19805 in space 'device' (currently allocated: 534280 bytes).
Received block of 26664 bytes; now allocated: 560944 bytes.

# Copy GPU to GPU
Shape: [3333]
Dst offset: 0
Dst strides: 1
Src offset: 0
Src strides: 1
## Flat copy

Event: copy_dev_to_dev

Unreferencing block mem_19807 (allocated as mem_19807) in space 'device': 2 references remaining.
Allocating 26664 bytes for mem_19807 in space 'device' (currently allocated: 560944 bytes).
Received block of 26664 bytes; now allocated: 587608 bytes.

# Copy GPU to GPU
Shape: [3333]
Dst offset: 0
Dst strides: 1
Src offset: 0
Src strides: 1
## Flat copy

Event: copy_dev_to_dev

Event: main.gpuseq_20361
Kernel main.gpuseq_20361 with
  grid=(1,1,1)
  block=(1,1,1)
  shared memory=0

Event: main.segmap_19142
Kernel main.segmap_19142 with
  grid=(14,1,1)
  block=(256,1,1)
  shared memory=0

Unreferencing block mem_19807 (allocated as mem_19807) in space 'device': 1 references remaining.
Unreferencing block mem_19805 (allocated as mem_19805) in space 'device': 1 references remaining.
Unreferencing block mem_param_tmp_20085 (allocated as mem_19807) in space 'device': 0 references remaining.
26664 bytes freed (now allocated: 560944 bytes)
Unreferencing block mem_param_tmp_20086 (allocated as mem_19805) in space 'device': 0 references remaining.
26664 bytes freed (now allocated: 534280 bytes)
Unreferencing block status_flags_mem_20096 (allocated as status_flags_mem_20096) in space 'device': 0 references remaining.
8 bytes freed (now allocated: 534272 bytes)
Allocating 5 bytes for status_flags_mem_20096 in space 'device' (currently allocated: 534272 bytes).
Received block of 8 bytes; now allocated: 534280 bytes.
Event: builtin#replicate_i8.replicate_20103
Kernel builtin#replicate_i8.replicate_20103 with
  grid=(1,1,1)
  block=(256,1,1)
  shared memory=0

Unreferencing block aggregates_mem_20118 (allocated as aggregates_mem_20118) in space 'device': 0 references remaining.
40 bytes freed (now allocated: 534240 bytes)
Allocating 40 bytes for aggregates_mem_20118 in space 'device' (currently allocated: 534240 bytes).
Received block of 40 bytes; now allocated: 534280 bytes.
Unreferencing block incprefixes_mem_20120 (allocated as incprefixes_mem_20120) in space 'device': 0 references remaining.
40 bytes freed (now allocated: 534240 bytes)
Allocating 40 bytes for incprefixes_mem_20120 in space 'device' (currently allocated: 534240 bytes).
Received block of 40 bytes; now allocated: 534280 bytes.
Unreferencing block aggregates_mem_20122 (allocated as aggregates_mem_20122) in space 'device': 0 references remaining.
40 bytes freed (now allocated: 534240 bytes)
Allocating 40 bytes for aggregates_mem_20122 in space 'device' (currently allocated: 534240 bytes).
Received block of 40 bytes; now allocated: 534280 bytes.
Unreferencing block incprefixes_mem_20124 (allocated as incprefixes_mem_20124) in space 'device': 0 references remaining.
40 bytes freed (now allocated: 534240 bytes)
Allocating 40 bytes for incprefixes_mem_20124 in space 'device' (currently allocated: 534240 bytes).
Received block of 40 bytes; now allocated: 534280 bytes.
Unreferencing block aggregates_mem_20126 (allocated as aggregates_mem_20126) in space 'device': 0 references remaining.
40 bytes freed (now allocated: 534240 bytes)
Allocating 40 bytes for aggregates_mem_20126 in space 'device' (currently allocated: 534240 bytes).
Received block of 40 bytes; now allocated: 534280 bytes.
Unreferencing block incprefixes_mem_20128 (allocated as incprefixes_mem_20128) in space 'device': 0 references remaining.
40 bytes freed (now allocated: 534240 bytes)
Allocating 40 bytes for incprefixes_mem_20128 in space 'device' (currently allocated: 534240 bytes).
Received block of 40 bytes; now allocated: 534280 bytes.
Unreferencing block aggregates_mem_20130 (allocated as aggregates_mem_20130) in space 'device': 0 references remaining.
40 bytes freed (now allocated: 534240 bytes)
Allocating 40 bytes for aggregates_mem_20130 in space 'device' (currently allocated: 534240 bytes).
Received block of 40 bytes; now allocated: 534280 bytes.
Unreferencing block incprefixes_mem_20132 (allocated as incprefixes_mem_20132) in space 'device': 0 references remaining.
40 bytes freed (now allocated: 534240 bytes)
Allocating 40 bytes for incprefixes_mem_20132 in space 'device' (currently allocated: 534240 bytes).
Received block of 40 bytes; now allocated: 534280 bytes.
Event: main.segscan_19140
Kernel main.segscan_19140 with
  grid=(14,1,1)
  block=(256,1,1)
  shared memory=8192

Unreferencing block mem_19805 (allocated as mem_19805) in space 'device': 2 references remaining.
Allocating 26664 bytes for mem_19805 in space 'device' (currently allocated: 534280 bytes).
Received block of 26664 bytes; now allocated: 560944 bytes.

# Copy GPU to GPU
Shape: [3333]
Dst offset: 0
Dst strides: 1
Src offset: 0
Src strides: 1
## Flat copy

Event: copy_dev_to_dev

Unreferencing block mem_19807 (allocated as mem_19807) in space 'device': 2 references remaining.
Allocating 26664 bytes for mem_19807 in space 'device' (currently allocated: 560944 bytes).
Received block of 26664 bytes; now allocated: 587608 bytes.

# Copy GPU to GPU
Shape: [3333]
Dst offset: 0
Dst strides: 1
Src offset: 0
Src strides: 1
## Flat copy

Event: copy_dev_to_dev

Event: main.gpuseq_20361
Kernel main.gpuseq_20361 with
  grid=(1,1,1)
  block=(1,1,1)
  shared memory=0

Event: main.segmap_19142
Kernel main.segmap_19142 with
  grid=(14,1,1)
  block=(256,1,1)
  shared memory=0

Unreferencing block mem_19807 (allocated as mem_19807) in space 'device': 1 references remaining.
Unreferencing block mem_19805 (allocated as mem_19805) in space 'device': 1 references remaining.
Unreferencing block mem_param_tmp_20085 (allocated as mem_19807) in space 'device': 0 references remaining.
26664 bytes freed (now allocated: 560944 bytes)
Unreferencing block mem_param_tmp_20086 (allocated as mem_19805) in space 'device': 0 references remaining.
26664 bytes freed (now allocated: 534280 bytes)
Unreferencing block status_flags_mem_20096 (allocated as status_flags_mem_20096) in space 'device': 0 references remaining.
8 bytes freed (now allocated: 534272 bytes)
Allocating 5 bytes for status_flags_mem_20096 in space 'device' (currently allocated: 534272 bytes).
Received block of 8 bytes; now allocated: 534280 bytes.
Event: builtin#replicate_i8.replicate_20103
Kernel builtin#replicate_i8.replicate_20103 with
  grid=(1,1,1)
  block=(256,1,1)
  shared memory=0

Unreferencing block aggregates_mem_20118 (allocated as aggregates_mem_20118) in space 'device': 0 references remaining.
40 bytes freed (now allocated: 534240 bytes)
Allocating 40 bytes for aggregates_mem_20118 in space 'device' (currently allocated: 534240 bytes).
Received block of 40 bytes; now allocated: 534280 bytes.
Unreferencing block incprefixes_mem_20120 (allocated as incprefixes_mem_20120) in space 'device': 0 references remaining.
40 bytes freed (now allocated: 534240 bytes)
Allocating 40 bytes for incprefixes_mem_20120 in space 'device' (currently allocated: 534240 bytes).
Received block of 40 bytes; now allocated: 534280 bytes.
Unreferencing block aggregates_mem_20122 (allocated as aggregates_mem_20122) in space 'device': 0 references remaining.
40 bytes freed (now allocated: 534240 bytes)
Allocating 40 bytes for aggregates_mem_20122 in space 'device' (currently allocated: 534240 bytes).
Received block of 40 bytes; now allocated: 534280 bytes.
Unreferencing block incprefixes_mem_20124 (allocated as incprefixes_mem_20124) in space 'device': 0 references remaining.
40 bytes freed (now allocated: 534240 bytes)
Allocating 40 bytes for incprefixes_mem_20124 in space 'device' (currently allocated: 534240 bytes).
Received block of 40 bytes; now allocated: 534280 bytes.
Unreferencing block aggregates_mem_20126 (allocated as aggregates_mem_20126) in space 'device': 0 references remaining.
40 bytes freed (now allocated: 534240 bytes)
Allocating 40 bytes for aggregates_mem_20126 in space 'device' (currently allocated: 534240 bytes).
Received block of 40 bytes; now allocated: 534280 bytes.
Unreferencing block incprefixes_mem_20128 (allocated as incprefixes_mem_20128) in space 'device': 0 references remaining.
40 bytes freed (now allocated: 534240 bytes)
Allocating 40 bytes for incprefixes_mem_20128 in space 'device' (currently allocated: 534240 bytes).
Received block of 40 bytes; now allocated: 534280 bytes.
Unreferencing block aggregates_mem_20130 (allocated as aggregates_mem_20130) in space 'device': 0 references remaining.
40 bytes freed (now allocated: 534240 bytes)
Allocating 40 bytes for aggregates_mem_20130 in space 'device' (currently allocated: 534240 bytes).
Received block of 40 bytes; now allocated: 534280 bytes.
Unreferencing block incprefixes_mem_20132 (allocated as incprefixes_mem_20132) in space 'device': 0 references remaining.
40 bytes freed (now allocated: 534240 bytes)
Allocating 40 bytes for incprefixes_mem_20132 in space 'device' (currently allocated: 534240 bytes).
Received block of 40 bytes; now allocated: 534280 bytes.
Event: main.segscan_19140
Kernel main.segscan_19140 with
  grid=(14,1,1)
  block=(256,1,1)
  shared memory=8192

Unreferencing block mem_19805 (allocated as mem_19805) in space 'device': 2 references remaining.
Allocating 26664 bytes for mem_19805 in space 'device' (currently allocated: 534280 bytes).
Received block of 26664 bytes; now allocated: 560944 bytes.

# Copy GPU to GPU
Shape: [3333]
Dst offset: 0
Dst strides: 1
Src offset: 0
Src strides: 1
## Flat copy

Event: copy_dev_to_dev

Unreferencing block mem_19807 (allocated as mem_19807) in space 'device': 2 references remaining.
Allocating 26664 bytes for mem_19807 in space 'device' (currently allocated: 560944 bytes).
Received block of 26664 bytes; now allocated: 587608 bytes.

# Copy GPU to GPU
Shape: [3333]
Dst offset: 0
Dst strides: 1
Src offset: 0
Src strides: 1
## Flat copy

Event: copy_dev_to_dev

Event: main.gpuseq_20361
Kernel main.gpuseq_20361 with
  grid=(1,1,1)
  block=(1,1,1)
  shared memory=0

Event: main.segmap_19142
Kernel main.segmap_19142 with
  grid=(14,1,1)
  block=(256,1,1)
  shared memory=0

Unreferencing block mem_19807 (allocated as mem_19807) in space 'device': 1 references remaining.
Unreferencing block mem_19805 (allocated as mem_19805) in space 'device': 1 references remaining.
Unreferencing block mem_param_tmp_20085 (allocated as mem_19807) in space 'device': 0 references remaining.
26664 bytes freed (now allocated: 560944 bytes)
Unreferencing block mem_param_tmp_20086 (allocated as mem_19805) in space 'device': 0 references remaining.
26664 bytes freed (now allocated: 534280 bytes)
Unreferencing block status_flags_mem_20096 (allocated as status_flags_mem_20096) in space 'device': 0 references remaining.
8 bytes freed (now allocated: 534272 bytes)
Allocating 5 bytes for status_flags_mem_20096 in space 'device' (currently allocated: 534272 bytes).
Received block of 8 bytes; now allocated: 534280 bytes.
Event: builtin#replicate_i8.replicate_20103
Kernel builtin#replicate_i8.replicate_20103 with
  grid=(1,1,1)
  block=(256,1,1)
  shared memory=0

Unreferencing block aggregates_mem_20118 (allocated as aggregates_mem_20118) in space 'device': 0 references remaining.
40 bytes freed (now allocated: 534240 bytes)
Allocating 40 bytes for aggregates_mem_20118 in space 'device' (currently allocated: 534240 bytes).
Received block of 40 bytes; now allocated: 534280 bytes.
Unreferencing block incprefixes_mem_20120 (allocated as incprefixes_mem_20120) in space 'device': 0 references remaining.
40 bytes freed (now allocated: 534240 bytes)
Allocating 40 bytes for incprefixes_mem_20120 in space 'device' (currently allocated: 534240 bytes).
Received block of 40 bytes; now allocated: 534280 bytes.
Unreferencing block aggregates_mem_20122 (allocated as aggregates_mem_20122) in space 'device': 0 references remaining.
40 bytes freed (now allocated: 534240 bytes)
Allocating 40 bytes for aggregates_mem_20122 in space 'device' (currently allocated: 534240 bytes).
Received block of 40 bytes; now allocated: 534280 bytes.
Unreferencing block incprefixes_mem_20124 (allocated as incprefixes_mem_20124) in space 'device': 0 references remaining.
40 bytes freed (now allocated: 534240 bytes)
Allocating 40 bytes for incprefixes_mem_20124 in space 'device' (currently allocated: 534240 bytes).
Received block of 40 bytes; now allocated: 534280 bytes.
Unreferencing block aggregates_mem_20126 (allocated as aggregates_mem_20126) in space 'device': 0 references remaining.
40 bytes freed (now allocated: 534240 bytes)
Allocating 40 bytes for aggregates_mem_20126 in space 'device' (currently allocated: 534240 bytes).
Received block of 40 bytes; now allocated: 534280 bytes.
Unreferencing block incprefixes_mem_20128 (allocated as incprefixes_mem_20128) in space 'device': 0 references remaining.
40 bytes freed (now allocated: 534240 bytes)
Allocating 40 bytes for incprefixes_mem_20128 in space 'device' (currently allocated: 534240 bytes).
Received block of 40 bytes; now allocated: 534280 bytes.
Unreferencing block aggregates_mem_20130 (allocated as aggregates_mem_20130) in space 'device': 0 references remaining.
40 bytes freed (now allocated: 534240 bytes)
Allocating 40 bytes for aggregates_mem_20130 in space 'device' (currently allocated: 534240 bytes).
Received block of 40 bytes; now allocated: 534280 bytes.
Unreferencing block incprefixes_mem_20132 (allocated as incprefixes_mem_20132) in space 'device': 0 references remaining.
40 bytes freed (now allocated: 534240 bytes)
Allocating 40 bytes for incprefixes_mem_20132 in space 'device' (currently allocated: 534240 bytes).
Received block of 40 bytes; now allocated: 534280 bytes.
Event: main.segscan_19140
Kernel main.segscan_19140 with
  grid=(14,1,1)
  block=(256,1,1)
  shared memory=8192

Unreferencing block mem_19805 (allocated as mem_19805) in space 'device': 2 references remaining.
Allocating 26664 bytes for mem_19805 in space 'device' (currently allocated: 534280 bytes).
Received block of 26664 bytes; now allocated: 560944 bytes.

# Copy GPU to GPU
Shape: [3333]
Dst offset: 0
Dst strides: 1
Src offset: 0
Src strides: 1
## Flat copy

Event: copy_dev_to_dev

Unreferencing block mem_19807 (allocated as mem_19807) in space 'device': 2 references remaining.
Allocating 26664 bytes for mem_19807 in space 'device' (currently allocated: 560944 bytes).
Received block of 26664 bytes; now allocated: 587608 bytes.

# Copy GPU to GPU
Shape: [3333]
Dst offset: 0
Dst strides: 1
Src offset: 0
Src strides: 1
## Flat copy

Event: copy_dev_to_dev

Event: main.gpuseq_20361
Kernel main.gpuseq_20361 with
  grid=(1,1,1)
  block=(1,1,1)
  shared memory=0

Event: main.segmap_19142
Kernel main.segmap_19142 with
  grid=(14,1,1)
  block=(256,1,1)
  shared memory=0

Unreferencing block mem_19807 (allocated as mem_19807) in space 'device': 1 references remaining.
Unreferencing block mem_19805 (allocated as mem_19805) in space 'device': 1 references remaining.
Unreferencing block mem_param_tmp_20085 (allocated as mem_19807) in space 'device': 0 references remaining.
26664 bytes freed (now allocated: 560944 bytes)
Unreferencing block mem_param_tmp_20086 (allocated as mem_19805) in space 'device': 0 references remaining.
26664 bytes freed (now allocated: 534280 bytes)
Unreferencing block status_flags_mem_20096 (allocated as status_flags_mem_20096) in space 'device': 0 references remaining.
8 bytes freed (now allocated: 534272 bytes)
Allocating 5 bytes for status_flags_mem_20096 in space 'device' (currently allocated: 534272 bytes).
Received block of 8 bytes; now allocated: 534280 bytes.
Event: builtin#replicate_i8.replicate_20103
Kernel builtin#replicate_i8.replicate_20103 with
  grid=(1,1,1)
  block=(256,1,1)
  shared memory=0

Unreferencing block aggregates_mem_20118 (allocated as aggregates_mem_20118) in space 'device': 0 references remaining.
40 bytes freed (now allocated: 534240 bytes)
Allocating 40 bytes for aggregates_mem_20118 in space 'device' (currently allocated: 534240 bytes).
Received block of 40 bytes; now allocated: 534280 bytes.
Unreferencing block incprefixes_mem_20120 (allocated as incprefixes_mem_20120) in space 'device': 0 references remaining.
40 bytes freed (now allocated: 534240 bytes)
Allocating 40 bytes for incprefixes_mem_20120 in space 'device' (currently allocated: 534240 bytes).
Received block of 40 bytes; now allocated: 534280 bytes.
Unreferencing block aggregates_mem_20122 (allocated as aggregates_mem_20122) in space 'device': 0 references remaining.
40 bytes freed (now allocated: 534240 bytes)
Allocating 40 bytes for aggregates_mem_20122 in space 'device' (currently allocated: 534240 bytes).
Received block of 40 bytes; now allocated: 534280 bytes.
Unreferencing block incprefixes_mem_20124 (allocated as incprefixes_mem_20124) in space 'device': 0 references remaining.
40 bytes freed (now allocated: 534240 bytes)
Allocating 40 bytes for incprefixes_mem_20124 in space 'device' (currently allocated: 534240 bytes).
Received block of 40 bytes; now allocated: 534280 bytes.
Unreferencing block aggregates_mem_20126 (allocated as aggregates_mem_20126) in space 'device': 0 references remaining.
40 bytes freed (now allocated: 534240 bytes)
Allocating 40 bytes for aggregates_mem_20126 in space 'device' (currently allocated: 534240 bytes).
Received block of 40 bytes; now allocated: 534280 bytes.
Unreferencing block incprefixes_mem_20128 (allocated as incprefixes_mem_20128) in space 'device': 0 references remaining.
40 bytes freed (now allocated: 534240 bytes)
Allocating 40 bytes for incprefixes_mem_20128 in space 'device' (currently allocated: 534240 bytes).
Received block of 40 bytes; now allocated: 534280 bytes.
Unreferencing block aggregates_mem_20130 (allocated as aggregates_mem_20130) in space 'device': 0 references remaining.
40 bytes freed (now allocated: 534240 bytes)
Allocating 40 bytes for aggregates_mem_20130 in space 'device' (currently allocated: 534240 bytes).
Received block of 40 bytes; now allocated: 534280 bytes.
Unreferencing block incprefixes_mem_20132 (allocated as incprefixes_mem_20132) in space 'device': 0 references remaining.
40 bytes freed (now allocated: 534240 bytes)
Allocating 40 bytes for incprefixes_mem_20132 in space 'device' (currently allocated: 534240 bytes).
Received block of 40 bytes; now allocated: 534280 bytes.
Event: main.segscan_19140
Kernel main.segscan_19140 with
  grid=(14,1,1)
  block=(256,1,1)
  shared memory=8192

Unreferencing block mem_19805 (allocated as mem_19805) in space 'device': 2 references remaining.
Allocating 26664 bytes for mem_19805 in space 'device' (currently allocated: 534280 bytes).
Received block of 26664 bytes; now allocated: 560944 bytes.

# Copy GPU to GPU
Shape: [3333]
Dst offset: 0
Dst strides: 1
Src offset: 0
Src strides: 1
## Flat copy

Event: copy_dev_to_dev

Unreferencing block mem_19807 (allocated as mem_19807) in space 'device': 2 references remaining.
Allocating 26664 bytes for mem_19807 in space 'device' (currently allocated: 560944 bytes).
Received block of 26664 bytes; now allocated: 587608 bytes.

# Copy GPU to GPU
Shape: [3333]
Dst offset: 0
Dst strides: 1
Src offset: 0
Src strides: 1
## Flat copy

Event: copy_dev_to_dev

Event: main.gpuseq_20361
Kernel main.gpuseq_20361 with
  grid=(1,1,1)
  block=(1,1,1)
  shared memory=0

Event: main.segmap_19142
Kernel main.segmap_19142 with
  grid=(14,1,1)
  block=(256,1,1)
  shared memory=0

Unreferencing block mem_19807 (allocated as mem_19807) in space 'device': 1 references remaining.
Unreferencing block mem_19805 (allocated as mem_19805) in space 'device': 1 references remaining.
Unreferencing block mem_param_tmp_20085 (allocated as mem_19807) in space 'device': 0 references remaining.
26664 bytes freed (now allocated: 560944 bytes)
Unreferencing block mem_param_tmp_20086 (allocated as mem_19805) in space 'device': 0 references remaining.
26664 bytes freed (now allocated: 534280 bytes)
Unreferencing block status_flags_mem_20096 (allocated as status_flags_mem_20096) in space 'device': 0 references remaining.
8 bytes freed (now allocated: 534272 bytes)
Allocating 5 bytes for status_flags_mem_20096 in space 'device' (currently allocated: 534272 bytes).
Received block of 8 bytes; now allocated: 534280 bytes.
Event: builtin#replicate_i8.replicate_20103
Kernel builtin#replicate_i8.replicate_20103 with
  grid=(1,1,1)
  block=(256,1,1)
  shared memory=0

Unreferencing block aggregates_mem_20118 (allocated as aggregates_mem_20118) in space 'device': 0 references remaining.
40 bytes freed (now allocated: 534240 bytes)
Allocating 40 bytes for aggregates_mem_20118 in space 'device' (currently allocated: 534240 bytes).
Received block of 40 bytes; now allocated: 534280 bytes.
Unreferencing block incprefixes_mem_20120 (allocated as incprefixes_mem_20120) in space 'device': 0 references remaining.
40 bytes freed (now allocated: 534240 bytes)
Allocating 40 bytes for incprefixes_mem_20120 in space 'device' (currently allocated: 534240 bytes).
Received block of 40 bytes; now allocated: 534280 bytes.
Unreferencing block aggregates_mem_20122 (allocated as aggregates_mem_20122) in space 'device': 0 references remaining.
40 bytes freed (now allocated: 534240 bytes)
Allocating 40 bytes for aggregates_mem_20122 in space 'device' (currently allocated: 534240 bytes).
Received block of 40 bytes; now allocated: 534280 bytes.
Unreferencing block incprefixes_mem_20124 (allocated as incprefixes_mem_20124) in space 'device': 0 references remaining.
40 bytes freed (now allocated: 534240 bytes)
Allocating 40 bytes for incprefixes_mem_20124 in space 'device' (currently allocated: 534240 bytes).
Received block of 40 bytes; now allocated: 534280 bytes.
Unreferencing block aggregates_mem_20126 (allocated as aggregates_mem_20126) in space 'device': 0 references remaining.
40 bytes freed (now allocated: 534240 bytes)
Allocating 40 bytes for aggregates_mem_20126 in space 'device' (currently allocated: 534240 bytes).
Received block of 40 bytes; now allocated: 534280 bytes.
Unreferencing block incprefixes_mem_20128 (allocated as incprefixes_mem_20128) in space 'device': 0 references remaining.
40 bytes freed (now allocated: 534240 bytes)
Allocating 40 bytes for incprefixes_mem_20128 in space 'device' (currently allocated: 534240 bytes).
Received block of 40 bytes; now allocated: 534280 bytes.
Unreferencing block aggregates_mem_20130 (allocated as aggregates_mem_20130) in space 'device': 0 references remaining.
40 bytes freed (now allocated: 534240 bytes)
Allocating 40 bytes for aggregates_mem_20130 in space 'device' (currently allocated: 534240 bytes).
Received block of 40 bytes; now allocated: 534280 bytes.
Unreferencing block incprefixes_mem_20132 (allocated as incprefixes_mem_20132) in space 'device': 0 references remaining.
40 bytes freed (now allocated: 534240 bytes)
Allocating 40 bytes for incprefixes_mem_20132 in space 'device' (currently allocated: 534240 bytes).
Received block of 40 bytes; now allocated: 534280 bytes.
Event: main.segscan_19140
Kernel main.segscan_19140 with
  grid=(14,1,1)
  block=(256,1,1)
  shared memory=8192

Unreferencing block mem_19805 (allocated as mem_19805) in space 'device': 2 references remaining.
Allocating 26664 bytes for mem_19805 in space 'device' (currently allocated: 534280 bytes).
Received block of 26664 bytes; now allocated: 560944 bytes.

# Copy GPU to GPU
Shape: [3333]
Dst offset: 0
Dst strides: 1
Src offset: 0
Src strides: 1
## Flat copy

Event: copy_dev_to_dev

Unreferencing block mem_19807 (allocated as mem_19807) in space 'device': 2 references remaining.
Allocating 26664 bytes for mem_19807 in space 'device' (currently allocated: 560944 bytes).
Received block of 26664 bytes; now allocated: 587608 bytes.

# Copy GPU to GPU
Shape: [3333]
Dst offset: 0
Dst strides: 1
Src offset: 0
Src strides: 1
## Flat copy

Event: copy_dev_to_dev

Event: main.gpuseq_20361
Kernel main.gpuseq_20361 with
  grid=(1,1,1)
  block=(1,1,1)
  shared memory=0

Event: main.segmap_19142
Kernel main.segmap_19142 with
  grid=(14,1,1)
  block=(256,1,1)
  shared memory=0

Unreferencing block mem_19807 (allocated as mem_19807) in space 'device': 1 references remaining.
Unreferencing block mem_19805 (allocated as mem_19805) in space 'device': 1 references remaining.
Unreferencing block mem_param_tmp_20085 (allocated as mem_19807) in space 'device': 0 references remaining.
26664 bytes freed (now allocated: 560944 bytes)
Unreferencing block mem_param_tmp_20086 (allocated as mem_19805) in space 'device': 0 references remaining.
26664 bytes freed (now allocated: 534280 bytes)
Unreferencing block status_flags_mem_20096 (allocated as status_flags_mem_20096) in space 'device': 0 references remaining.
8 bytes freed (now allocated: 534272 bytes)
Allocating 5 bytes for status_flags_mem_20096 in space 'device' (currently allocated: 534272 bytes).
Received block of 8 bytes; now allocated: 534280 bytes.
Event: builtin#replicate_i8.replicate_20103
Kernel builtin#replicate_i8.replicate_20103 with
  grid=(1,1,1)
  block=(256,1,1)
  shared memory=0

Unreferencing block aggregates_mem_20118 (allocated as aggregates_mem_20118) in space 'device': 0 references remaining.
40 bytes freed (now allocated: 534240 bytes)
Allocating 40 bytes for aggregates_mem_20118 in space 'device' (currently allocated: 534240 bytes).
Received block of 40 bytes; now allocated: 534280 bytes.
Unreferencing block incprefixes_mem_20120 (allocated as incprefixes_mem_20120) in space 'device': 0 references remaining.
40 bytes freed (now allocated: 534240 bytes)
Allocating 40 bytes for incprefixes_mem_20120 in space 'device' (currently allocated: 534240 bytes).
Received block of 40 bytes; now allocated: 534280 bytes.
Unreferencing block aggregates_mem_20122 (allocated as aggregates_mem_20122) in space 'device': 0 references remaining.
40 bytes freed (now allocated: 534240 bytes)
Allocating 40 bytes for aggregates_mem_20122 in space 'device' (currently allocated: 534240 bytes).
Received block of 40 bytes; now allocated: 534280 bytes.
Unreferencing block incprefixes_mem_20124 (allocated as incprefixes_mem_20124) in space 'device': 0 references remaining.
40 bytes freed (now allocated: 534240 bytes)
Allocating 40 bytes for incprefixes_mem_20124 in space 'device' (currently allocated: 534240 bytes).
Received block of 40 bytes; now allocated: 534280 bytes.
Unreferencing block aggregates_mem_20126 (allocated as aggregates_mem_20126) in space 'device': 0 references remaining.
40 bytes freed (now allocated: 534240 bytes)
Allocating 40 bytes for aggregates_mem_20126 in space 'device' (currently allocated: 534240 bytes).
Received block of 40 bytes; now allocated: 534280 bytes.
Unreferencing block incprefixes_mem_20128 (allocated as incprefixes_mem_20128) in space 'device': 0 references remaining.
40 bytes freed (now allocated: 534240 bytes)
Allocating 40 bytes for incprefixes_mem_20128 in space 'device' (currently allocated: 534240 bytes).
Received block of 40 bytes; now allocated: 534280 bytes.
Unreferencing block aggregates_mem_20130 (allocated as aggregates_mem_20130) in space 'device': 0 references remaining.
40 bytes freed (now allocated: 534240 bytes)
Allocating 40 bytes for aggregates_mem_20130 in space 'device' (currently allocated: 534240 bytes).
Received block of 40 bytes; now allocated: 534280 bytes.
Unreferencing block incprefixes_mem_20132 (allocated as incprefixes_mem_20132) in space 'device': 0 references remaining.
40 bytes freed (now allocated: 534240 bytes)
Allocating 40 bytes for incprefixes_mem_20132 in space 'device' (currently allocated: 534240 bytes).
Received block of 40 bytes; now allocated: 534280 bytes.
Event: main.segscan_19140
Kernel main.segscan_19140 with
  grid=(14,1,1)
  block=(256,1,1)
  shared memory=8192

Unreferencing block mem_19805 (allocated as mem_19805) in space 'device': 2 references remaining.
Allocating 26664 bytes for mem_19805 in space 'device' (currently allocated: 534280 bytes).
Received block of 26664 bytes; now allocated: 560944 bytes.

# Copy GPU to GPU
Shape: [3333]
Dst offset: 0
Dst strides: 1
Src offset: 0
Src strides: 1
## Flat copy

Event: copy_dev_to_dev

Unreferencing block mem_19807 (allocated as mem_19807) in space 'device': 2 references remaining.
Allocating 26664 bytes for mem_19807 in space 'device' (currently allocated: 560944 bytes).
Received block of 26664 bytes; now allocated: 587608 bytes.

# Copy GPU to GPU
Shape: [3333]
Dst offset: 0
Dst strides: 1
Src offset: 0
Src strides: 1
## Flat copy

Event: copy_dev_to_dev

Event: main.gpuseq_20361
Kernel main.gpuseq_20361 with
  grid=(1,1,1)
  block=(1,1,1)
  shared memory=0

Event: main.segmap_19142
Kernel main.segmap_19142 with
  grid=(14,1,1)
  block=(256,1,1)
  shared memory=0

Unreferencing block mem_19807 (allocated as mem_19807) in space 'device': 1 references remaining.
Unreferencing block mem_19805 (allocated as mem_19805) in space 'device': 1 references remaining.
Unreferencing block mem_param_tmp_20085 (allocated as mem_19807) in space 'device': 0 references remaining.
26664 bytes freed (now allocated: 560944 bytes)
Unreferencing block mem_param_tmp_20086 (allocated as mem_19805) in space 'device': 0 references remaining.
26664 bytes freed (now allocated: 534280 bytes)
Unreferencing block mem_19777 (allocated as mem_19777) in space 'device': 0 references remaining.
26664 bytes freed (now allocated: 507616 bytes)
Unreferencing block mem_19786 (allocated as mem_19786) in space 'device': 0 references remaining.
26664 bytes freed (now allocated: 480952 bytes)
Unreferencing block mem_19795 (allocated as mem_19795) in space 'device': 0 references remaining.
26664 bytes freed (now allocated: 454288 bytes)
Unreferencing block mem_19797 (allocated as mem_19797) in space 'device': 0 references remaining.
26664 bytes freed (now allocated: 427624 bytes)
Unreferencing block mem_19799 (allocated as mem_19799) in space 'device': 0 references remaining.
26664 bytes freed (now allocated: 400960 bytes)
Unreferencing block mem_19801 (allocated as mem_19801) in space 'device': 0 references remaining.
26664 bytes freed (now allocated: 374296 bytes)
Unreferencing block mem_19803 (allocated as mem_19803) in space 'device': 0 references remaining.
13332 bytes freed (now allocated: 360964 bytes)
Unreferencing block mem_19808 (allocated as mem_19808) in space 'device': 0 references remaining.
8 bytes freed (now allocated: 360956 bytes)
Unreferencing block mem_19809 (allocated as mem_19809) in space 'device': 0 references remaining.
8 bytes freed (now allocated: 360948 bytes)
Unreferencing block mem_19810 (allocated as mem_19810) in space 'device': 0 references remaining.
8 bytes freed (now allocated: 360940 bytes)
Allocating 26664 bytes for mem_19820 in space 'device' (currently allocated: 360940 bytes).
Received block of 26664 bytes; now allocated: 387604 bytes.
Allocating 26664 bytes for mem_19822 in space 'device' (currently allocated: 387604 bytes).
Received block of 26664 bytes; now allocated: 414268 bytes.
Allocating 26664 bytes for mem_19824 in space 'device' (currently allocated: 414268 bytes).
Received block of 26664 bytes; now allocated: 440932 bytes.
Allocating 26664 bytes for mem_19826 in space 'device' (currently allocated: 440932 bytes).
Received block of 26664 bytes; now allocated: 467596 bytes.
Allocating 26664 bytes for mem_19828 in space 'device' (currently allocated: 467596 bytes).
Received block of 26664 bytes; now allocated: 494260 bytes.
Event: main.segmap_19184
Kernel main.segmap_19184 with
  grid=(14,1,1)
  block=(256,1,1)
  shared memory=0

Unreferencing block mem_19767 (allocated as mem_19767) in space 'device': 0 references remaining.
26664 bytes freed (now allocated: 467596 bytes)
Unreferencing block mem_19769 (allocated as mem_19769) in space 'device': 0 references remaining.
26664 bytes freed (now allocated: 440932 bytes)
Unreferencing block mem_19771 (allocated as mem_19771) in space 'device': 0 references remaining.
26664 bytes freed (now allocated: 414268 bytes)
Unreferencing block mem_19773 (allocated as mem_19773) in space 'device': 0 references remaining.
26664 bytes freed (now allocated: 387604 bytes)
Unreferencing block mem_19780 (allocated as mem_19780) in space 'device': 0 references remaining.
8 bytes freed (now allocated: 387596 bytes)
Unreferencing block mem_19781 (allocated as mem_19781) in space 'device': 0 references remaining.
8 bytes freed (now allocated: 387588 bytes)
Unreferencing block mem_19782 (allocated as mem_19782) in space 'device': 0 references remaining.
8 bytes freed (now allocated: 387580 bytes)
Unreferencing block mem_19783 (allocated as mem_19783) in space 'device': 0 references remaining.
8 bytes freed (now allocated: 387572 bytes)
Unreferencing block ext_mem_19816 (allocated as mem_19805) in space 'device': 3 references remaining.
Allocating 3332 bytes for mem_19830 in space 'device' (currently allocated: 387572 bytes).
Received block of 3332 bytes; now allocated: 390904 bytes.
Allocating 13328 bytes for mem_19832 in space 'device' (currently allocated: 390904 bytes).
Received block of 13328 bytes; now allocated: 404232 bytes.
Allocating 3332 bytes for mem_19833 in space 'device' (currently allocated: 404232 bytes).
Received block of 3332 bytes; now allocated: 407564 bytes.
Allocating 13328 bytes for mem_19835 in space 'device' (currently allocated: 407564 bytes).
Received block of 13328 bytes; now allocated: 420892 bytes.
Allocating 26656 bytes for mem_19837 in space 'device' (currently allocated: 420892 bytes).
Received block of 26656 bytes; now allocated: 447548 bytes.
Allocating 26656 bytes for mem_19839 in space 'device' (currently allocated: 447548 bytes).
Received block of 26656 bytes; now allocated: 474204 bytes.
Event: main.segmap_19414
Kernel main.segmap_19414 with
  grid=(14,1,1)
  block=(256,1,1)
  shared memory=0

Unreferencing block mem_19820 (allocated as mem_19820) in space 'device': 0 references remaining.
26664 bytes freed (now allocated: 447540 bytes)
Allocating 3332 bytes for mem_19864 in space 'device' (currently allocated: 447540 bytes).
Received block of 3332 bytes; now allocated: 450872 bytes.

# Copy GPU to GPU
Shape: [3332]
Dst offset: 0
Dst strides: 1
Src offset: 0
Src strides: 1
## Flat copy

Event: copy_dev_to_dev

Allocating 13328 bytes for mem_19866 in space 'device' (currently allocated: 450872 bytes).
Received block of 13328 bytes; now allocated: 464200 bytes.

# Copy GPU to GPU
Shape: [3332]
Dst offset: 0
Dst strides: 1
Src offset: 0
Src strides: 1
## Flat copy

Event: copy_dev_to_dev

Allocating 3332 bytes for mem_19867 in space 'device' (currently allocated: 464200 bytes).
Received block of 3332 bytes; now allocated: 467532 bytes.

# Copy GPU to GPU
Shape: [3332]
Dst offset: 0
Dst strides: 1
Src offset: 0
Src strides: 1
## Flat copy

Event: copy_dev_to_dev

Allocating 13328 bytes for mem_19869 in space 'device' (currently allocated: 467532 bytes).
Received block of 13328 bytes; now allocated: 480860 bytes.

# Copy GPU to GPU
Shape: [3332]
Dst offset: 0
Dst strides: 1
Src offset: 0
Src strides: 1
## Flat copy

Event: copy_dev_to_dev

Allocating 26656 bytes for mem_19872 in space 'device' (currently allocated: 480860 bytes).
Received block of 26664 bytes; now allocated: 507524 bytes.
Allocating 26656 bytes for mem_19874 in space 'device' (currently allocated: 507524 bytes).
Received block of 26664 bytes; now allocated: 534188 bytes.
Allocating 26656 bytes for mem_19876 in space 'device' (currently allocated: 534188 bytes).
Received block of 26664 bytes; now allocated: 560852 bytes.
Allocating 26656 bytes for mem_19878 in space 'device' (currently allocated: 560852 bytes).
Received block of 26664 bytes; now allocated: 587516 bytes.
Event: main.segmap_19659
Kernel main.segmap_19659 with
  grid=(14,1,1)
  block=(256,1,1)
  shared memory=0

Unreferencing block mem_param_tmp_20406 (allocated as mem_19775) in space 'device': 4 references remaining.
Unreferencing block mem_param_tmp_20407 (allocated as mem_19775) in space 'device': 3 references remaining.
Unreferencing block mem_param_tmp_20408 (allocated as mem_19775) in space 'device': 2 references remaining.
Unreferencing block mem_param_tmp_20409 (allocated as mem_19775) in space 'device': 1 references remaining.
Unreferencing block mem_param_tmp_20410 (allocated as mem_19830) in space 'device': 1 references remaining.
Unreferencing block mem_param_tmp_20411 (allocated as mem_19832) in space 'device': 1 references remaining.
Unreferencing block mem_param_tmp_20412 (allocated as mem_19833) in space 'device': 1 references remaining.
Unreferencing block mem_param_tmp_20413 (allocated as mem_19835) in space 'device': 1 references remaining.
Unreferencing block mem_19864 (allocated as mem_19864) in space 'device': 2 references remaining.
Allocating 3332 bytes for mem_19864 in space 'device' (currently allocated: 587516 bytes).
Received block of 3332 bytes; now allocated: 590848 bytes.

# Copy GPU to GPU
Shape: [3332]
Dst offset: 0
Dst strides: 1
Src offset: 0
Src strides: 1
## Flat copy

Event: copy_dev_to_dev

Unreferencing block mem_19866 (allocated as mem_19866) in space 'device': 2 references remaining.
Allocating 13328 bytes for mem_19866 in space 'device' (currently allocated: 590848 bytes).
Received block of 13328 bytes; now allocated: 604176 bytes.

# Copy GPU to GPU
Shape: [3332]
Dst offset: 0
Dst strides: 1
Src offset: 0
Src strides: 1
## Flat copy

Event: copy_dev_to_dev

Unreferencing block mem_19867 (allocated as mem_19867) in space 'device': 2 references remaining.
Allocating 3332 bytes for mem_19867 in space 'device' (currently allocated: 604176 bytes).
Received block of 3332 bytes; now allocated: 607508 bytes.

# Copy GPU to GPU
Shape: [3332]
Dst offset: 0
Dst strides: 1
Src offset: 0
Src strides: 1
## Flat copy

Event: copy_dev_to_dev

Unreferencing block mem_19869 (allocated as mem_19869) in space 'device': 2 references remaining.
Allocating 13328 bytes for mem_19869 in space 'device' (currently allocated: 607508 bytes).
Received block of 13332 bytes; now allocated: 620840 bytes.

# Copy GPU to GPU
Shape: [3332]
Dst offset: 0
Dst strides: 1
Src offset: 0
Src strides: 1
## Flat copy

Event: copy_dev_to_dev

Unreferencing block mem_19872 (allocated as mem_19872) in space 'device': 2 references remaining.
Allocating 26656 bytes for mem_19872 in space 'device' (currently allocated: 620840 bytes).
Received block of 26664 bytes; now allocated: 647504 bytes.
Unreferencing block mem_19874 (allocated as mem_19874) in space 'device': 2 references remaining.
Allocating 26656 bytes for mem_19874 in space 'device' (currently allocated: 647504 bytes).
Received block of 26664 bytes; now allocated: 674168 bytes.
Unreferencing block mem_19876 (allocated as mem_19876) in space 'device': 2 references remaining.
Allocating 26656 bytes for mem_19876 in space 'device' (currently allocated: 674168 bytes).
Received block of 26664 bytes; now allocated: 700832 bytes.
Unreferencing block mem_19878 (allocated as mem_19878) in space 'device': 2 references remaining.
Allocating 26656 bytes for mem_19878 in space 'device' (currently allocated: 700832 bytes).
Received block of 26664 bytes; now allocated: 727496 bytes.
Event: main.segmap_19659
Kernel main.segmap_19659 with
  grid=(14,1,1)
  block=(256,1,1)
  shared memory=0

Unreferencing block mem_19872 (allocated as mem_19872) in space 'device': 1 references remaining.
Unreferencing block mem_19874 (allocated as mem_19874) in space 'device': 1 references remaining.
Unreferencing block mem_19876 (allocated as mem_19876) in space 'device': 1 references remaining.
Unreferencing block mem_19878 (allocated as mem_19878) in space 'device': 1 references remaining.
Unreferencing block mem_19864 (allocated as mem_19864) in space 'device': 1 references remaining.
Unreferencing block mem_19866 (allocated as mem_19866) in space 'device': 1 references remaining.
Unreferencing block mem_19867 (allocated as mem_19867) in space 'device': 1 references remaining.
Unreferencing block mem_19869 (allocated as mem_19869) in space 'device': 1 references remaining.
Unreferencing block mem_param_tmp_20406 (allocated as mem_19872) in space 'device': 0 references remaining.
26664 bytes freed (now allocated: 700832 bytes)
Unreferencing block mem_param_tmp_20407 (allocated as mem_19874) in space 'device': 0 references remaining.
26664 bytes freed (now allocated: 674168 bytes)
Unreferencing block mem_param_tmp_20408 (allocated as mem_19876) in space 'device': 0 references remaining.
26664 bytes freed (now allocated: 647504 bytes)
Unreferencing block mem_param_tmp_20409 (allocated as mem_19878) in space 'device': 0 references remaining.
26664 bytes freed (now allocated: 620840 bytes)
Unreferencing block mem_param_tmp_20410 (allocated as mem_19864) in space 'device': 0 references remaining.
3332 bytes freed (now allocated: 617508 bytes)
Unreferencing block mem_param_tmp_20411 (allocated as mem_19866) in space 'device': 0 references remaining.
13328 bytes freed (now allocated: 604180 bytes)
Unreferencing block mem_param_tmp_20412 (allocated as mem_19867) in space 'device': 0 references remaining.
3332 bytes freed (now allocated: 600848 bytes)
Unreferencing block mem_param_tmp_20413 (allocated as mem_19869) in space 'device': 0 references remaining.
13328 bytes freed (now allocated: 587520 bytes)
Unreferencing block mem_19864 (allocated as mem_19864) in space 'device': 2 references remaining.
Allocating 3332 bytes for mem_19864 in space 'device' (currently allocated: 587520 bytes).
Received block of 3332 bytes; now allocated: 590852 bytes.

# Copy GPU to GPU
Shape: [3332]
Dst offset: 0
Dst strides: 1
Src offset: 0
Src strides: 1
## Flat copy

Event: copy_dev_to_dev

Unreferencing block mem_19866 (allocated as mem_19866) in space 'device': 2 references remaining.
Allocating 13328 bytes for mem_19866 in space 'device' (currently allocated: 590852 bytes).
Received block of 13328 bytes; now allocated: 604180 bytes.

# Copy GPU to GPU
Shape: [3332]
Dst offset: 0
Dst strides: 1
Src offset: 0
Src strides: 1
## Flat copy

Event: copy_dev_to_dev

Unreferencing block mem_19867 (allocated as mem_19867) in space 'device': 2 references remaining.
Allocating 3332 bytes for mem_19867 in space 'device' (currently allocated: 604180 bytes).
Received block of 3332 bytes; now allocated: 607512 bytes.

# Copy GPU to GPU
Shape: [3332]
Dst offset: 0
Dst strides: 1
Src offset: 0
Src strides: 1
## Flat copy

Event: copy_dev_to_dev

Unreferencing block mem_19869 (allocated as mem_19869) in space 'device': 2 references remaining.
Allocating 13328 bytes for mem_19869 in space 'device' (currently allocated: 607512 bytes).
Received block of 13328 bytes; now allocated: 620840 bytes.

# Copy GPU to GPU
Shape: [3332]
Dst offset: 0
Dst strides: 1
Src offset: 0
Src strides: 1
## Flat copy

Event: copy_dev_to_dev

Unreferencing block mem_19872 (allocated as mem_19872) in space 'device': 2 references remaining.
Allocating 26656 bytes for mem_19872 in space 'device' (currently allocated: 620840 bytes).
Received block of 26664 bytes; now allocated: 647504 bytes.
Unreferencing block mem_19874 (allocated as mem_19874) in space 'device': 2 references remaining.
Allocating 26656 bytes for mem_19874 in space 'device' (currently allocated: 647504 bytes).
Received block of 26664 bytes; now allocated: 674168 bytes.
Unreferencing block mem_19876 (allocated as mem_19876) in space 'device': 2 references remaining.
Allocating 26656 bytes for mem_19876 in space 'device' (currently allocated: 674168 bytes).
Received block of 26664 bytes; now allocated: 700832 bytes.
Unreferencing block mem_19878 (allocated as mem_19878) in space 'device': 2 references remaining.
Allocating 26656 bytes for mem_19878 in space 'device' (currently allocated: 700832 bytes).
Received block of 26664 bytes; now allocated: 727496 bytes.
Event: main.segmap_19659
Kernel main.segmap_19659 with
  grid=(14,1,1)
  block=(256,1,1)
  shared memory=0

Unreferencing block mem_19872 (allocated as mem_19872) in space 'device': 1 references remaining.
Unreferencing block mem_19874 (allocated as mem_19874) in space 'device': 1 references remaining.
Unreferencing block mem_19876 (allocated as mem_19876) in space 'device': 1 references remaining.
Unreferencing block mem_19878 (allocated as mem_19878) in space 'device': 1 references remaining.
Unreferencing block mem_19864 (allocated as mem_19864) in space 'device': 1 references remaining.
Unreferencing block mem_19866 (allocated as mem_19866) in space 'device': 1 references remaining.
Unreferencing block mem_19867 (allocated as mem_19867) in space 'device': 1 references remaining.
Unreferencing block mem_19869 (allocated as mem_19869) in space 'device': 1 references remaining.
Unreferencing block mem_param_tmp_20406 (allocated as mem_19872) in space 'device': 0 references remaining.
26664 bytes freed (now allocated: 700832 bytes)
Unreferencing block mem_param_tmp_20407 (allocated as mem_19874) in space 'device': 0 references remaining.
26664 bytes freed (now allocated: 674168 bytes)
Unreferencing block mem_param_tmp_20408 (allocated as mem_19876) in space 'device': 0 references remaining.
26664 bytes freed (now allocated: 647504 bytes)
Unreferencing block mem_param_tmp_20409 (allocated as mem_19878) in space 'device': 0 references remaining.
26664 bytes freed (now allocated: 620840 bytes)
Unreferencing block mem_param_tmp_20410 (allocated as mem_19864) in space 'device': 0 references remaining.
3332 bytes freed (now allocated: 617508 bytes)
Unreferencing block mem_param_tmp_20411 (allocated as mem_19866) in space 'device': 0 references remaining.
13328 bytes freed (now allocated: 604180 bytes)
Unreferencing block mem_param_tmp_20412 (allocated as mem_19867) in space 'device': 0 references remaining.
3332 bytes freed (now allocated: 600848 bytes)
Unreferencing block mem_param_tmp_20413 (allocated as mem_19869) in space 'device': 0 references remaining.
13332 bytes freed (now allocated: 587516 bytes)
Unreferencing block mem_19864 (allocated as mem_19864) in space 'device': 2 references remaining.
Allocating 3332 bytes for mem_19864 in space 'device' (currently allocated: 587516 bytes).
Received block of 3332 bytes; now allocated: 590848 bytes.

# Copy GPU to GPU
Shape: [3332]
Dst offset: 0
Dst strides: 1
Src offset: 0
Src strides: 1
## Flat copy

Event: copy_dev_to_dev

Unreferencing block mem_19866 (allocated as mem_19866) in space 'device': 2 references remaining.
Allocating 13328 bytes for mem_19866 in space 'device' (currently allocated: 590848 bytes).
Received block of 13328 bytes; now allocated: 604176 bytes.

# Copy GPU to GPU
Shape: [3332]
Dst offset: 0
Dst strides: 1
Src offset: 0
Src strides: 1
## Flat copy

Event: copy_dev_to_dev

Unreferencing block mem_19867 (allocated as mem_19867) in space 'device': 2 references remaining.
Allocating 3332 bytes for mem_19867 in space 'device' (currently allocated: 604176 bytes).
Received block of 3332 bytes; now allocated: 607508 bytes.

# Copy GPU to GPU
Shape: [3332]
Dst offset: 0
Dst strides: 1
Src offset: 0
Src strides: 1
## Flat copy

Event: copy_dev_to_dev

Unreferencing block mem_19869 (allocated as mem_19869) in space 'device': 2 references remaining.
Allocating 13328 bytes for mem_19869 in space 'device' (currently allocated: 607508 bytes).
Received block of 13332 bytes; now allocated: 620840 bytes.

# Copy GPU to GPU
Shape: [3332]
Dst offset: 0
Dst strides: 1
Src offset: 0
Src strides: 1
## Flat copy

Event: copy_dev_to_dev

Unreferencing block mem_19872 (allocated as mem_19872) in space 'device': 2 references remaining.
Allocating 26656 bytes for mem_19872 in space 'device' (currently allocated: 620840 bytes).
Received block of 26664 bytes; now allocated: 647504 bytes.
Unreferencing block mem_19874 (allocated as mem_19874) in space 'device': 2 references remaining.
Allocating 26656 bytes for mem_19874 in space 'device' (currently allocated: 647504 bytes).
Received block of 26664 bytes; now allocated: 674168 bytes.
Unreferencing block mem_19876 (allocated as mem_19876) in space 'device': 2 references remaining.
Allocating 26656 bytes for mem_19876 in space 'device' (currently allocated: 674168 bytes).
Received block of 26664 bytes; now allocated: 700832 bytes.
Unreferencing block mem_19878 (allocated as mem_19878) in space 'device': 2 references remaining.
Allocating 26656 bytes for mem_19878 in space 'device' (currently allocated: 700832 bytes).
Received block of 26664 bytes; now allocated: 727496 bytes.
Event: main.segmap_19659
Kernel main.segmap_19659 with
  grid=(14,1,1)
  block=(256,1,1)
  shared memory=0

Unreferencing block mem_19872 (allocated as mem_19872) in space 'device': 1 references remaining.
Unreferencing block mem_19874 (allocated as mem_19874) in space 'device': 1 references remaining.
Unreferencing block mem_19876 (allocated as mem_19876) in space 'device': 1 references remaining.
Unreferencing block mem_19878 (allocated as mem_19878) in space 'device': 1 references remaining.
Unreferencing block mem_19864 (allocated as mem_19864) in space 'device': 1 references remaining.
Unreferencing block mem_19866 (allocated as mem_19866) in space 'device': 1 references remaining.
Unreferencing block mem_19867 (allocated as mem_19867) in space 'device': 1 references remaining.
Unreferencing block mem_19869 (allocated as mem_19869) in space 'device': 1 references remaining.
Unreferencing block mem_param_tmp_20406 (allocated as mem_19872) in space 'device': 0 references remaining.
26664 bytes freed (now allocated: 700832 bytes)
Unreferencing block mem_param_tmp_20407 (allocated as mem_19874) in space 'device': 0 references remaining.
26664 bytes freed (now allocated: 674168 bytes)
Unreferencing block mem_param_tmp_20408 (allocated as mem_19876) in space 'device': 0 references remaining.
26664 bytes freed (now allocated: 647504 bytes)
Unreferencing block mem_param_tmp_20409 (allocated as mem_19878) in space 'device': 0 references remaining.
26664 bytes freed (now allocated: 620840 bytes)
Unreferencing block mem_param_tmp_20410 (allocated as mem_19864) in space 'device': 0 references remaining.
3332 bytes freed (now allocated: 617508 bytes)
Unreferencing block mem_param_tmp_20411 (allocated as mem_19866) in space 'device': 0 references remaining.
13328 bytes freed (now allocated: 604180 bytes)
Unreferencing block mem_param_tmp_20412 (allocated as mem_19867) in space 'device': 0 references remaining.
3332 bytes freed (now allocated: 600848 bytes)
Unreferencing block mem_param_tmp_20413 (allocated as mem_19869) in space 'device': 0 references remaining.
13328 bytes freed (now allocated: 587520 bytes)
Unreferencing block mem_19864 (allocated as mem_19864) in space 'device': 2 references remaining.
Allocating 3332 bytes for mem_19864 in space 'device' (currently allocated: 587520 bytes).
Received block of 3332 bytes; now allocated: 590852 bytes.

# Copy GPU to GPU
Shape: [3332]
Dst offset: 0
Dst strides: 1
Src offset: 0
Src strides: 1
## Flat copy

Event: copy_dev_to_dev

Unreferencing block mem_19866 (allocated as mem_19866) in space 'device': 2 references remaining.
Allocating 13328 bytes for mem_19866 in space 'device' (currently allocated: 590852 bytes).
Received block of 13328 bytes; now allocated: 604180 bytes.

# Copy GPU to GPU
Shape: [3332]
Dst offset: 0
Dst strides: 1
Src offset: 0
Src strides: 1
## Flat copy

Event: copy_dev_to_dev

Unreferencing block mem_19867 (allocated as mem_19867) in space 'device': 2 references remaining.
Allocating 3332 bytes for mem_19867 in space 'device' (currently allocated: 604180 bytes).
Received block of 3332 bytes; now allocated: 607512 bytes.

# Copy GPU to GPU
Shape: [3332]
Dst offset: 0
Dst strides: 1
Src offset: 0
Src strides: 1
## Flat copy

Event: copy_dev_to_dev

Unreferencing block mem_19869 (allocated as mem_19869) in space 'device': 2 references remaining.
Allocating 13328 bytes for mem_19869 in space 'device' (currently allocated: 607512 bytes).
Received block of 13328 bytes; now allocated: 620840 bytes.

# Copy GPU to GPU
Shape: [3332]
Dst offset: 0
Dst strides: 1
Src offset: 0
Src strides: 1
## Flat copy

Event: copy_dev_to_dev

Unreferencing block mem_19872 (allocated as mem_19872) in space 'device': 2 references remaining.
Allocating 26656 bytes for mem_19872 in space 'device' (currently allocated: 620840 bytes).
Received block of 26664 bytes; now allocated: 647504 bytes.
Unreferencing block mem_19874 (allocated as mem_19874) in space 'device': 2 references remaining.
Allocating 26656 bytes for mem_19874 in space 'device' (currently allocated: 647504 bytes).
Received block of 26664 bytes; now allocated: 674168 bytes.
Unreferencing block mem_19876 (allocated as mem_19876) in space 'device': 2 references remaining.
Allocating 26656 bytes for mem_19876 in space 'device' (currently allocated: 674168 bytes).
Received block of 26664 bytes; now allocated: 700832 bytes.
Unreferencing block mem_19878 (allocated as mem_19878) in space 'device': 2 references remaining.
Allocating 26656 bytes for mem_19878 in space 'device' (currently allocated: 700832 bytes).
Received block of 26664 bytes; now allocated: 727496 bytes.
Event: main.segmap_19659
Kernel main.segmap_19659 with
  grid=(14,1,1)
  block=(256,1,1)
  shared memory=0

Unreferencing block mem_19872 (allocated as mem_19872) in space 'device': 1 references remaining.
Unreferencing block mem_19874 (allocated as mem_19874) in space 'device': 1 references remaining.
Unreferencing block mem_19876 (allocated as mem_19876) in space 'device': 1 references remaining.
Unreferencing block mem_19878 (allocated as mem_19878) in space 'device': 1 references remaining.
Unreferencing block mem_19864 (allocated as mem_19864) in space 'device': 1 references remaining.
Unreferencing block mem_19866 (allocated as mem_19866) in space 'device': 1 references remaining.
Unreferencing block mem_19867 (allocated as mem_19867) in space 'device': 1 references remaining.
Unreferencing block mem_19869 (allocated as mem_19869) in space 'device': 1 references remaining.
Unreferencing block mem_param_tmp_20406 (allocated as mem_19872) in space 'device': 0 references remaining.
26664 bytes freed (now allocated: 700832 bytes)
Unreferencing block mem_param_tmp_20407 (allocated as mem_19874) in space 'device': 0 references remaining.
26664 bytes freed (now allocated: 674168 bytes)
Unreferencing block mem_param_tmp_20408 (allocated as mem_19876) in space 'device': 0 references remaining.
26664 bytes freed (now allocated: 647504 bytes)
Unreferencing block mem_param_tmp_20409 (allocated as mem_19878) in space 'device': 0 references remaining.
26664 bytes freed (now allocated: 620840 bytes)
Unreferencing block mem_param_tmp_20410 (allocated as mem_19864) in space 'device': 0 references remaining.
3332 bytes freed (now allocated: 617508 bytes)
Unreferencing block mem_param_tmp_20411 (allocated as mem_19866) in space 'device': 0 references remaining.
13328 bytes freed (now allocated: 604180 bytes)
Unreferencing block mem_param_tmp_20412 (allocated as mem_19867) in space 'device': 0 references remaining.
3332 bytes freed (now allocated: 600848 bytes)
Unreferencing block mem_param_tmp_20413 (allocated as mem_19869) in space 'device': 0 references remaining.
13332 bytes freed (now allocated: 587516 bytes)
Unreferencing block mem_19864 (allocated as mem_19864) in space 'device': 2 references remaining.
Allocating 3332 bytes for mem_19864 in space 'device' (currently allocated: 587516 bytes).
Received block of 3332 bytes; now allocated: 590848 bytes.

# Copy GPU to GPU
Shape: [3332]
Dst offset: 0
Dst strides: 1
Src offset: 0
Src strides: 1
## Flat copy

Event: copy_dev_to_dev

Unreferencing block mem_19866 (allocated as mem_19866) in space 'device': 2 references remaining.
Allocating 13328 bytes for mem_19866 in space 'device' (currently allocated: 590848 bytes).
Received block of 13328 bytes; now allocated: 604176 bytes.

# Copy GPU to GPU
Shape: [3332]
Dst offset: 0
Dst strides: 1
Src offset: 0
Src strides: 1
## Flat copy

Event: copy_dev_to_dev

Unreferencing block mem_19867 (allocated as mem_19867) in space 'device': 2 references remaining.
Allocating 3332 bytes for mem_19867 in space 'device' (currently allocated: 604176 bytes).
Received block of 3332 bytes; now allocated: 607508 bytes.

# Copy GPU to GPU
Shape: [3332]
Dst offset: 0
Dst strides: 1
Src offset: 0
Src strides: 1
## Flat copy

Event: copy_dev_to_dev

Unreferencing block mem_19869 (allocated as mem_19869) in space 'device': 2 references remaining.
Allocating 13328 bytes for mem_19869 in space 'device' (currently allocated: 607508 bytes).
Received block of 13332 bytes; now allocated: 620840 bytes.

# Copy GPU to GPU
Shape: [3332]
Dst offset: 0
Dst strides: 1
Src offset: 0
Src strides: 1
## Flat copy

Event: copy_dev_to_dev

Unreferencing block mem_19872 (allocated as mem_19872) in space 'device': 2 references remaining.
Allocating 26656 bytes for mem_19872 in space 'device' (currently allocated: 620840 bytes).
Received block of 26664 bytes; now allocated: 647504 bytes.
Unreferencing block mem_19874 (allocated as mem_19874) in space 'device': 2 references remaining.
Allocating 26656 bytes for mem_19874 in space 'device' (currently allocated: 647504 bytes).
Received block of 26664 bytes; now allocated: 674168 bytes.
Unreferencing block mem_19876 (allocated as mem_19876) in space 'device': 2 references remaining.
Allocating 26656 bytes for mem_19876 in space 'device' (currently allocated: 674168 bytes).
Received block of 26664 bytes; now allocated: 700832 bytes.
Unreferencing block mem_19878 (allocated as mem_19878) in space 'device': 2 references remaining.
Allocating 26656 bytes for mem_19878 in space 'device' (currently allocated: 700832 bytes).
Received block of 26664 bytes; now allocated: 727496 bytes.
Event: main.segmap_19659
Kernel main.segmap_19659 with
  grid=(14,1,1)
  block=(256,1,1)
  shared memory=0

Unreferencing block mem_19872 (allocated as mem_19872) in space 'device': 1 references remaining.
Unreferencing block mem_19874 (allocated as mem_19874) in space 'device': 1 references remaining.
Unreferencing block mem_19876 (allocated as mem_19876) in space 'device': 1 references remaining.
Unreferencing block mem_19878 (allocated as mem_19878) in space 'device': 1 references remaining.
Unreferencing block mem_19864 (allocated as mem_19864) in space 'device': 1 references remaining.
Unreferencing block mem_19866 (allocated as mem_19866) in space 'device': 1 references remaining.
Unreferencing block mem_19867 (allocated as mem_19867) in space 'device': 1 references remaining.
Unreferencing block mem_19869 (allocated as mem_19869) in space 'device': 1 references remaining.
Unreferencing block mem_param_tmp_20406 (allocated as mem_19872) in space 'device': 0 references remaining.
26664 bytes freed (now allocated: 700832 bytes)
Unreferencing block mem_param_tmp_20407 (allocated as mem_19874) in space 'device': 0 references remaining.
26664 bytes freed (now allocated: 674168 bytes)
Unreferencing block mem_param_tmp_20408 (allocated as mem_19876) in space 'device': 0 references remaining.
26664 bytes freed (now allocated: 647504 bytes)
Unreferencing block mem_param_tmp_20409 (allocated as mem_19878) in space 'device': 0 references remaining.
26664 bytes freed (now allocated: 620840 bytes)
Unreferencing block mem_param_tmp_20410 (allocated as mem_19864) in space 'device': 0 references remaining.
3332 bytes freed (now allocated: 617508 bytes)
Unreferencing block mem_param_tmp_20411 (allocated as mem_19866) in space 'device': 0 references remaining.
13328 bytes freed (now allocated: 604180 bytes)
Unreferencing block mem_param_tmp_20412 (allocated as mem_19867) in space 'device': 0 references remaining.
3332 bytes freed (now allocated: 600848 bytes)
Unreferencing block mem_param_tmp_20413 (allocated as mem_19869) in space 'device': 0 references remaining.
13328 bytes freed (now allocated: 587520 bytes)
Unreferencing block mem_19864 (allocated as mem_19864) in space 'device': 2 references remaining.
Allocating 3332 bytes for mem_19864 in space 'device' (currently allocated: 587520 bytes).
Received block of 3332 bytes; now allocated: 590852 bytes.

# Copy GPU to GPU
Shape: [3332]
Dst offset: 0
Dst strides: 1
Src offset: 0
Src strides: 1
## Flat copy

Event: copy_dev_to_dev

Unreferencing block mem_19866 (allocated as mem_19866) in space 'device': 2 references remaining.
Allocating 13328 bytes for mem_19866 in space 'device' (currently allocated: 590852 bytes).
Received block of 13328 bytes; now allocated: 604180 bytes.

# Copy GPU to GPU
Shape: [3332]
Dst offset: 0
Dst strides: 1
Src offset: 0
Src strides: 1
## Flat copy

Event: copy_dev_to_dev

Unreferencing block mem_19867 (allocated as mem_19867) in space 'device': 2 references remaining.
Allocating 3332 bytes for mem_19867 in space 'device' (currently allocated: 604180 bytes).
Received block of 3332 bytes; now allocated: 607512 bytes.

# Copy GPU to GPU
Shape: [3332]
Dst offset: 0
Dst strides: 1
Src offset: 0
Src strides: 1
## Flat copy

Event: copy_dev_to_dev

Unreferencing block mem_19869 (allocated as mem_19869) in space 'device': 2 references remaining.
Allocating 13328 bytes for mem_19869 in space 'device' (currently allocated: 607512 bytes).
Received block of 13328 bytes; now allocated: 620840 bytes.

# Copy GPU to GPU
Shape: [3332]
Dst offset: 0
Dst strides: 1
Src offset: 0
Src strides: 1
## Flat copy

Event: copy_dev_to_dev

Unreferencing block mem_19872 (allocated as mem_19872) in space 'device': 2 references remaining.
Allocating 26656 bytes for mem_19872 in space 'device' (currently allocated: 620840 bytes).
Received block of 26664 bytes; now allocated: 647504 bytes.
Unreferencing block mem_19874 (allocated as mem_19874) in space 'device': 2 references remaining.
Allocating 26656 bytes for mem_19874 in space 'device' (currently allocated: 647504 bytes).
Received block of 26664 bytes; now allocated: 674168 bytes.
Unreferencing block mem_19876 (allocated as mem_19876) in space 'device': 2 references remaining.
Allocating 26656 bytes for mem_19876 in space 'device' (currently allocated: 674168 bytes).
Received block of 26664 bytes; now allocated: 700832 bytes.
Unreferencing block mem_19878 (allocated as mem_19878) in space 'device': 2 references remaining.
Allocating 26656 bytes for mem_19878 in space 'device' (currently allocated: 700832 bytes).
Received block of 26664 bytes; now allocated: 727496 bytes.
Event: main.segmap_19659
Kernel main.segmap_19659 with
  grid=(14,1,1)
  block=(256,1,1)
  shared memory=0

Unreferencing block mem_19872 (allocated as mem_19872) in space 'device': 1 references remaining.
Unreferencing block mem_19874 (allocated as mem_19874) in space 'device': 1 references remaining.
Unreferencing block mem_19876 (allocated as mem_19876) in space 'device': 1 references remaining.
Unreferencing block mem_19878 (allocated as mem_19878) in space 'device': 1 references remaining.
Unreferencing block mem_19864 (allocated as mem_19864) in space 'device': 1 references remaining.
Unreferencing block mem_19866 (allocated as mem_19866) in space 'device': 1 references remaining.
Unreferencing block mem_19867 (allocated as mem_19867) in space 'device': 1 references remaining.
Unreferencing block mem_19869 (allocated as mem_19869) in space 'device': 1 references remaining.
Unreferencing block mem_param_tmp_20406 (allocated as mem_19872) in space 'device': 0 references remaining.
26664 bytes freed (now allocated: 700832 bytes)
Unreferencing block mem_param_tmp_20407 (allocated as mem_19874) in space 'device': 0 references remaining.
26664 bytes freed (now allocated: 674168 bytes)
Unreferencing block mem_param_tmp_20408 (allocated as mem_19876) in space 'device': 0 references remaining.
26664 bytes freed (now allocated: 647504 bytes)
Unreferencing block mem_param_tmp_20409 (allocated as mem_19878) in space 'device': 0 references remaining.
26664 bytes freed (now allocated: 620840 bytes)
Unreferencing block mem_param_tmp_20410 (allocated as mem_19864) in space 'device': 0 references remaining.
3332 bytes freed (now allocated: 617508 bytes)
Unreferencing block mem_param_tmp_20411 (allocated as mem_19866) in space 'device': 0 references remaining.
13328 bytes freed (now allocated: 604180 bytes)
Unreferencing block mem_param_tmp_20412 (allocated as mem_19867) in space 'device': 0 references remaining.
3332 bytes freed (now allocated: 600848 bytes)
Unreferencing block mem_param_tmp_20413 (allocated as mem_19869) in space 'device': 0 references remaining.
13332 bytes freed (now allocated: 587516 bytes)
Unreferencing block mem_19864 (allocated as mem_19864) in space 'device': 2 references remaining.
Allocating 3332 bytes for mem_19864 in space 'device' (currently allocated: 587516 bytes).
Received block of 3332 bytes; now allocated: 590848 bytes.

# Copy GPU to GPU
Shape: [3332]
Dst offset: 0
Dst strides: 1
Src offset: 0
Src strides: 1
## Flat copy

Event: copy_dev_to_dev

Unreferencing block mem_19866 (allocated as mem_19866) in space 'device': 2 references remaining.
Allocating 13328 bytes for mem_19866 in space 'device' (currently allocated: 590848 bytes).
Received block of 13328 bytes; now allocated: 604176 bytes.

# Copy GPU to GPU
Shape: [3332]
Dst offset: 0
Dst strides: 1
Src offset: 0
Src strides: 1
## Flat copy

Event: copy_dev_to_dev

Unreferencing block mem_19867 (allocated as mem_19867) in space 'device': 2 references remaining.
Allocating 3332 bytes for mem_19867 in space 'device' (currently allocated: 604176 bytes).
Received block of 3332 bytes; now allocated: 607508 bytes.

# Copy GPU to GPU
Shape: [3332]
Dst offset: 0
Dst strides: 1
Src offset: 0
Src strides: 1
## Flat copy

Event: copy_dev_to_dev

Unreferencing block mem_19869 (allocated as mem_19869) in space 'device': 2 references remaining.
Allocating 13328 bytes for mem_19869 in space 'device' (currently allocated: 607508 bytes).
Received block of 13332 bytes; now allocated: 620840 bytes.

# Copy GPU to GPU
Shape: [3332]
Dst offset: 0
Dst strides: 1
Src offset: 0
Src strides: 1
## Flat copy

Event: copy_dev_to_dev

Unreferencing block mem_19872 (allocated as mem_19872) in space 'device': 2 references remaining.
Allocating 26656 bytes for mem_19872 in space 'device' (currently allocated: 620840 bytes).
Received block of 26664 bytes; now allocated: 647504 bytes.
Unreferencing block mem_19874 (allocated as mem_19874) in space 'device': 2 references remaining.
Allocating 26656 bytes for mem_19874 in space 'device' (currently allocated: 647504 bytes).
Received block of 26664 bytes; now allocated: 674168 bytes.
Unreferencing block mem_19876 (allocated as mem_19876) in space 'device': 2 references remaining.
Allocating 26656 bytes for mem_19876 in space 'device' (currently allocated: 674168 bytes).
Received block of 26664 bytes; now allocated: 700832 bytes.
Unreferencing block mem_19878 (allocated as mem_19878) in space 'device': 2 references remaining.
Allocating 26656 bytes for mem_19878 in space 'device' (currently allocated: 700832 bytes).
Received block of 26664 bytes; now allocated: 727496 bytes.
Event: main.segmap_19659
Kernel main.segmap_19659 with
  grid=(14,1,1)
  block=(256,1,1)
  shared memory=0

Unreferencing block mem_19872 (allocated as mem_19872) in space 'device': 1 references remaining.
Unreferencing block mem_19874 (allocated as mem_19874) in space 'device': 1 references remaining.
Unreferencing block mem_19876 (allocated as mem_19876) in space 'device': 1 references remaining.
Unreferencing block mem_19878 (allocated as mem_19878) in space 'device': 1 references remaining.
Unreferencing block mem_19864 (allocated as mem_19864) in space 'device': 1 references remaining.
Unreferencing block mem_19866 (allocated as mem_19866) in space 'device': 1 references remaining.
Unreferencing block mem_19867 (allocated as mem_19867) in space 'device': 1 references remaining.
Unreferencing block mem_19869 (allocated as mem_19869) in space 'device': 1 references remaining.
Unreferencing block mem_param_tmp_20406 (allocated as mem_19872) in space 'device': 0 references remaining.
26664 bytes freed (now allocated: 700832 bytes)
Unreferencing block mem_param_tmp_20407 (allocated as mem_19874) in space 'device': 0 references remaining.
26664 bytes freed (now allocated: 674168 bytes)
Unreferencing block mem_param_tmp_20408 (allocated as mem_19876) in space 'device': 0 references remaining.
26664 bytes freed (now allocated: 647504 bytes)
Unreferencing block mem_param_tmp_20409 (allocated as mem_19878) in space 'device': 0 references remaining.
26664 bytes freed (now allocated: 620840 bytes)
Unreferencing block mem_param_tmp_20410 (allocated as mem_19864) in space 'device': 0 references remaining.
3332 bytes freed (now allocated: 617508 bytes)
Unreferencing block mem_param_tmp_20411 (allocated as mem_19866) in space 'device': 0 references remaining.
13328 bytes freed (now allocated: 604180 bytes)
Unreferencing block mem_param_tmp_20412 (allocated as mem_19867) in space 'device': 0 references remaining.
3332 bytes freed (now allocated: 600848 bytes)
Unreferencing block mem_param_tmp_20413 (allocated as mem_19869) in space 'device': 0 references remaining.
13328 bytes freed (now allocated: 587520 bytes)
Unreferencing block mem_19864 (allocated as mem_19864) in space 'device': 2 references remaining.
Allocating 3332 bytes for mem_19864 in space 'device' (currently allocated: 587520 bytes).
Received block of 3332 bytes; now allocated: 590852 bytes.

# Copy GPU to GPU
Shape: [3332]
Dst offset: 0
Dst strides: 1
Src offset: 0
Src strides: 1
## Flat copy

Event: copy_dev_to_dev

Unreferencing block mem_19866 (allocated as mem_19866) in space 'device': 2 references remaining.
Allocating 13328 bytes for mem_19866 in space 'device' (currently allocated: 590852 bytes).
Received block of 13328 bytes; now allocated: 604180 bytes.

# Copy GPU to GPU
Shape: [3332]
Dst offset: 0
Dst strides: 1
Src offset: 0
Src strides: 1
## Flat copy

Event: copy_dev_to_dev

Unreferencing block mem_19867 (allocated as mem_19867) in space 'device': 2 references remaining.
Allocating 3332 bytes for mem_19867 in space 'device' (currently allocated: 604180 bytes).
Received block of 3332 bytes; now allocated: 607512 bytes.

# Copy GPU to GPU
Shape: [3332]
Dst offset: 0
Dst strides: 1
Src offset: 0
Src strides: 1
## Flat copy

Event: copy_dev_to_dev

Unreferencing block mem_19869 (allocated as mem_19869) in space 'device': 2 references remaining.
Allocating 13328 bytes for mem_19869 in space 'device' (currently allocated: 607512 bytes).
Received block of 13328 bytes; now allocated: 620840 bytes.

# Copy GPU to GPU
Shape: [3332]
Dst offset: 0
Dst strides: 1
Src offset: 0
Src strides: 1
## Flat copy

Event: copy_dev_to_dev

Unreferencing block mem_19872 (allocated as mem_19872) in space 'device': 2 references remaining.
Allocating 26656 bytes for mem_19872 in space 'device' (currently allocated: 620840 bytes).
Received block of 26664 bytes; now allocated: 647504 bytes.
Unreferencing block mem_19874 (allocated as mem_19874) in space 'device': 2 references remaining.
Allocating 26656 bytes for mem_19874 in space 'device' (currently allocated: 647504 bytes).
Received block of 26664 bytes; now allocated: 674168 bytes.
Unreferencing block mem_19876 (allocated as mem_19876) in space 'device': 2 references remaining.
Allocating 26656 bytes for mem_19876 in space 'device' (currently allocated: 674168 bytes).
Received block of 26664 bytes; now allocated: 700832 bytes.
Unreferencing block mem_19878 (allocated as mem_19878) in space 'device': 2 references remaining.
Allocating 26656 bytes for mem_19878 in space 'device' (currently allocated: 700832 bytes).
Received block of 26664 bytes; now allocated: 727496 bytes.
Event: main.segmap_19659
Kernel main.segmap_19659 with
  grid=(14,1,1)
  block=(256,1,1)
  shared memory=0

Unreferencing block mem_19872 (allocated as mem_19872) in space 'device': 1 references remaining.
Unreferencing block mem_19874 (allocated as mem_19874) in space 'device': 1 references remaining.
Unreferencing block mem_19876 (allocated as mem_19876) in space 'device': 1 references remaining.
Unreferencing block mem_19878 (allocated as mem_19878) in space 'device': 1 references remaining.
Unreferencing block mem_19864 (allocated as mem_19864) in space 'device': 1 references remaining.
Unreferencing block mem_19866 (allocated as mem_19866) in space 'device': 1 references remaining.
Unreferencing block mem_19867 (allocated as mem_19867) in space 'device': 1 references remaining.
Unreferencing block mem_19869 (allocated as mem_19869) in space 'device': 1 references remaining.
Unreferencing block mem_param_tmp_20406 (allocated as mem_19872) in space 'device': 0 references remaining.
26664 bytes freed (now allocated: 700832 bytes)
Unreferencing block mem_param_tmp_20407 (allocated as mem_19874) in space 'device': 0 references remaining.
26664 bytes freed (now allocated: 674168 bytes)
Unreferencing block mem_param_tmp_20408 (allocated as mem_19876) in space 'device': 0 references remaining.
26664 bytes freed (now allocated: 647504 bytes)
Unreferencing block mem_param_tmp_20409 (allocated as mem_19878) in space 'device': 0 references remaining.
26664 bytes freed (now allocated: 620840 bytes)
Unreferencing block mem_param_tmp_20410 (allocated as mem_19864) in space 'device': 0 references remaining.
3332 bytes freed (now allocated: 617508 bytes)
Unreferencing block mem_param_tmp_20411 (allocated as mem_19866) in space 'device': 0 references remaining.
13328 bytes freed (now allocated: 604180 bytes)
Unreferencing block mem_param_tmp_20412 (allocated as mem_19867) in space 'device': 0 references remaining.
3332 bytes freed (now allocated: 600848 bytes)
Unreferencing block mem_param_tmp_20413 (allocated as mem_19869) in space 'device': 0 references remaining.
13332 bytes freed (now allocated: 587516 bytes)
Unreferencing block mem_19864 (allocated as mem_19864) in space 'device': 2 references remaining.
Allocating 3332 bytes for mem_19864 in space 'device' (currently allocated: 587516 bytes).
Received block of 3332 bytes; now allocated: 590848 bytes.

# Copy GPU to GPU
Shape: [3332]
Dst offset: 0
Dst strides: 1
Src offset: 0
Src strides: 1
## Flat copy

Event: copy_dev_to_dev

Unreferencing block mem_19866 (allocated as mem_19866) in space 'device': 2 references remaining.
Allocating 13328 bytes for mem_19866 in space 'device' (currently allocated: 590848 bytes).
Received block of 13328 bytes; now allocated: 604176 bytes.

# Copy GPU to GPU
Shape: [3332]
Dst offset: 0
Dst strides: 1
Src offset: 0
Src strides: 1
## Flat copy

Event: copy_dev_to_dev

Unreferencing block mem_19867 (allocated as mem_19867) in space 'device': 2 references remaining.
Allocating 3332 bytes for mem_19867 in space 'device' (currently allocated: 604176 bytes).
Received block of 3332 bytes; now allocated: 607508 bytes.

# Copy GPU to GPU
Shape: [3332]
Dst offset: 0
Dst strides: 1
Src offset: 0
Src strides: 1
## Flat copy

Event: copy_dev_to_dev

Unreferencing block mem_19869 (allocated as mem_19869) in space 'device': 2 references remaining.
Allocating 13328 bytes for mem_19869 in space 'device' (currently allocated: 607508 bytes).
Received block of 13332 bytes; now allocated: 620840 bytes.

# Copy GPU to GPU
Shape: [3332]
Dst offset: 0
Dst strides: 1
Src offset: 0
Src strides: 1
## Flat copy

Event: copy_dev_to_dev

Unreferencing block mem_19872 (allocated as mem_19872) in space 'device': 2 references remaining.
Allocating 26656 bytes for mem_19872 in space 'device' (currently allocated: 620840 bytes).
Received block of 26664 bytes; now allocated: 647504 bytes.
Unreferencing block mem_19874 (allocated as mem_19874) in space 'device': 2 references remaining.
Allocating 26656 bytes for mem_19874 in space 'device' (currently allocated: 647504 bytes).
Received block of 26664 bytes; now allocated: 674168 bytes.
Unreferencing block mem_19876 (allocated as mem_19876) in space 'device': 2 references remaining.
Allocating 26656 bytes for mem_19876 in space 'device' (currently allocated: 674168 bytes).
Received block of 26664 bytes; now allocated: 700832 bytes.
Unreferencing block mem_19878 (allocated as mem_19878) in space 'device': 2 references remaining.
Allocating 26656 bytes for mem_19878 in space 'device' (currently allocated: 700832 bytes).
Received block of 26664 bytes; now allocated: 727496 bytes.
Event: main.segmap_19659
Kernel main.segmap_19659 with
  grid=(14,1,1)
  block=(256,1,1)
  shared memory=0

Unreferencing block mem_19872 (allocated as mem_19872) in space 'device': 1 references remaining.
Unreferencing block mem_19874 (allocated as mem_19874) in space 'device': 1 references remaining.
Unreferencing block mem_19876 (allocated as mem_19876) in space 'device': 1 references remaining.
Unreferencing block mem_19878 (allocated as mem_19878) in space 'device': 1 references remaining.
Unreferencing block mem_19864 (allocated as mem_19864) in space 'device': 1 references remaining.
Unreferencing block mem_19866 (allocated as mem_19866) in space 'device': 1 references remaining.
Unreferencing block mem_19867 (allocated as mem_19867) in space 'device': 1 references remaining.
Unreferencing block mem_19869 (allocated as mem_19869) in space 'device': 1 references remaining.
Unreferencing block mem_param_tmp_20406 (allocated as mem_19872) in space 'device': 0 references remaining.
26664 bytes freed (now allocated: 700832 bytes)
Unreferencing block mem_param_tmp_20407 (allocated as mem_19874) in space 'device': 0 references remaining.
26664 bytes freed (now allocated: 674168 bytes)
Unreferencing block mem_param_tmp_20408 (allocated as mem_19876) in space 'device': 0 references remaining.
26664 bytes freed (now allocated: 647504 bytes)
Unreferencing block mem_param_tmp_20409 (allocated as mem_19878) in space 'device': 0 references remaining.
26664 bytes freed (now allocated: 620840 bytes)
Unreferencing block mem_param_tmp_20410 (allocated as mem_19864) in space 'device': 0 references remaining.
3332 bytes freed (now allocated: 617508 bytes)
Unreferencing block mem_param_tmp_20411 (allocated as mem_19866) in space 'device': 0 references remaining.
13328 bytes freed (now allocated: 604180 bytes)
Unreferencing block mem_param_tmp_20412 (allocated as mem_19867) in space 'device': 0 references remaining.
3332 bytes freed (now allocated: 600848 bytes)
Unreferencing block mem_param_tmp_20413 (allocated as mem_19869) in space 'device': 0 references remaining.
13328 bytes freed (now allocated: 587520 bytes)
Unreferencing block mem_19864 (allocated as mem_19864) in space 'device': 2 references remaining.
Allocating 3332 bytes for mem_19864 in space 'device' (currently allocated: 587520 bytes).
Received block of 3332 bytes; now allocated: 590852 bytes.

# Copy GPU to GPU
Shape: [3332]
Dst offset: 0
Dst strides: 1
Src offset: 0
Src strides: 1
## Flat copy

Event: copy_dev_to_dev

Unreferencing block mem_19866 (allocated as mem_19866) in space 'device': 2 references remaining.
Allocating 13328 bytes for mem_19866 in space 'device' (currently allocated: 590852 bytes).
Received block of 13328 bytes; now allocated: 604180 bytes.

# Copy GPU to GPU
Shape: [3332]
Dst offset: 0
Dst strides: 1
Src offset: 0
Src strides: 1
## Flat copy

Event: copy_dev_to_dev

Unreferencing block mem_19867 (allocated as mem_19867) in space 'device': 2 references remaining.
Allocating 3332 bytes for mem_19867 in space 'device' (currently allocated: 604180 bytes).
Received block of 3332 bytes; now allocated: 607512 bytes.

# Copy GPU to GPU
Shape: [3332]
Dst offset: 0
Dst strides: 1
Src offset: 0
Src strides: 1
## Flat copy

Event: copy_dev_to_dev

Unreferencing block mem_19869 (allocated as mem_19869) in space 'device': 2 references remaining.
Allocating 13328 bytes for mem_19869 in space 'device' (currently allocated: 607512 bytes).
Received block of 13328 bytes; now allocated: 620840 bytes.

# Copy GPU to GPU
Shape: [3332]
Dst offset: 0
Dst strides: 1
Src offset: 0
Src strides: 1
## Flat copy

Event: copy_dev_to_dev

Unreferencing block mem_19872 (allocated as mem_19872) in space 'device': 2 references remaining.
Allocating 26656 bytes for mem_19872 in space 'device' (currently allocated: 620840 bytes).
Received block of 26664 bytes; now allocated: 647504 bytes.
Unreferencing block mem_19874 (allocated as mem_19874) in space 'device': 2 references remaining.
Allocating 26656 bytes for mem_19874 in space 'device' (currently allocated: 647504 bytes).
Received block of 26664 bytes; now allocated: 674168 bytes.
Unreferencing block mem_19876 (allocated as mem_19876) in space 'device': 2 references remaining.
Allocating 26656 bytes for mem_19876 in space 'device' (currently allocated: 674168 bytes).
Received block of 26664 bytes; now allocated: 700832 bytes.
Unreferencing block mem_19878 (allocated as mem_19878) in space 'device': 2 references remaining.
Allocating 26656 bytes for mem_19878 in space 'device' (currently allocated: 700832 bytes).
Received block of 26664 bytes; now allocated: 727496 bytes.
Event: main.segmap_19659
Kernel main.segmap_19659 with
  grid=(14,1,1)
  block=(256,1,1)
  shared memory=0

Unreferencing block mem_19872 (allocated as mem_19872) in space 'device': 1 references remaining.
Unreferencing block mem_19874 (allocated as mem_19874) in space 'device': 1 references remaining.
Unreferencing block mem_19876 (allocated as mem_19876) in space 'device': 1 references remaining.
Unreferencing block mem_19878 (allocated as mem_19878) in space 'device': 1 references remaining.
Unreferencing block mem_19864 (allocated as mem_19864) in space 'device': 1 references remaining.
Unreferencing block mem_19866 (allocated as mem_19866) in space 'device': 1 references remaining.
Unreferencing block mem_19867 (allocated as mem_19867) in space 'device': 1 references remaining.
Unreferencing block mem_19869 (allocated as mem_19869) in space 'device': 1 references remaining.
Unreferencing block mem_param_tmp_20406 (allocated as mem_19872) in space 'device': 0 references remaining.
26664 bytes freed (now allocated: 700832 bytes)
Unreferencing block mem_param_tmp_20407 (allocated as mem_19874) in space 'device': 0 references remaining.
26664 bytes freed (now allocated: 674168 bytes)
Unreferencing block mem_param_tmp_20408 (allocated as mem_19876) in space 'device': 0 references remaining.
26664 bytes freed (now allocated: 647504 bytes)
Unreferencing block mem_param_tmp_20409 (allocated as mem_19878) in space 'device': 0 references remaining.
26664 bytes freed (now allocated: 620840 bytes)
Unreferencing block mem_param_tmp_20410 (allocated as mem_19864) in space 'device': 0 references remaining.
3332 bytes freed (now allocated: 617508 bytes)
Unreferencing block mem_param_tmp_20411 (allocated as mem_19866) in space 'device': 0 references remaining.
13328 bytes freed (now allocated: 604180 bytes)
Unreferencing block mem_param_tmp_20412 (allocated as mem_19867) in space 'device': 0 references remaining.
3332 bytes freed (now allocated: 600848 bytes)
Unreferencing block mem_param_tmp_20413 (allocated as mem_19869) in space 'device': 0 references remaining.
13332 bytes freed (now allocated: 587516 bytes)
Unreferencing block mem_19864 (allocated as mem_19864) in space 'device': 2 references remaining.
Allocating 3332 bytes for mem_19864 in space 'device' (currently allocated: 587516 bytes).
Received block of 3332 bytes; now allocated: 590848 bytes.

# Copy GPU to GPU
Shape: [3332]
Dst offset: 0
Dst strides: 1
Src offset: 0
Src strides: 1
## Flat copy

Event: copy_dev_to_dev

Unreferencing block mem_19866 (allocated as mem_19866) in space 'device': 2 references remaining.
Allocating 13328 bytes for mem_19866 in space 'device' (currently allocated: 590848 bytes).
Received block of 13328 bytes; now allocated: 604176 bytes.

# Copy GPU to GPU
Shape: [3332]
Dst offset: 0
Dst strides: 1
Src offset: 0
Src strides: 1
## Flat copy

Event: copy_dev_to_dev

Unreferencing block mem_19867 (allocated as mem_19867) in space 'device': 2 references remaining.
Allocating 3332 bytes for mem_19867 in space 'device' (currently allocated: 604176 bytes).
Received block of 3332 bytes; now allocated: 607508 bytes.

# Copy GPU to GPU
Shape: [3332]
Dst offset: 0
Dst strides: 1
Src offset: 0
Src strides: 1
## Flat copy

Event: copy_dev_to_dev

Unreferencing block mem_19869 (allocated as mem_19869) in space 'device': 2 references remaining.
Allocating 13328 bytes for mem_19869 in space 'device' (currently allocated: 607508 bytes).
Received block of 13332 bytes; now allocated: 620840 bytes.

# Copy GPU to GPU
Shape: [3332]
Dst offset: 0
Dst strides: 1
Src offset: 0
Src strides: 1
## Flat copy

Event: copy_dev_to_dev

Unreferencing block mem_19872 (allocated as mem_19872) in space 'device': 2 references remaining.
Allocating 26656 bytes for mem_19872 in space 'device' (currently allocated: 620840 bytes).
Received block of 26664 bytes; now allocated: 647504 bytes.
Unreferencing block mem_19874 (allocated as mem_19874) in space 'device': 2 references remaining.
Allocating 26656 bytes for mem_19874 in space 'device' (currently allocated: 647504 bytes).
Received block of 26664 bytes; now allocated: 674168 bytes.
Unreferencing block mem_19876 (allocated as mem_19876) in space 'device': 2 references remaining.
Allocating 26656 bytes for mem_19876 in space 'device' (currently allocated: 674168 bytes).
Received block of 26664 bytes; now allocated: 700832 bytes.
Unreferencing block mem_19878 (allocated as mem_19878) in space 'device': 2 references remaining.
Allocating 26656 bytes for mem_19878 in space 'device' (currently allocated: 700832 bytes).
Received block of 26664 bytes; now allocated: 727496 bytes.
Event: main.segmap_19659
Kernel main.segmap_19659 with
  grid=(14,1,1)
  block=(256,1,1)
  shared memory=0

Unreferencing block mem_19872 (allocated as mem_19872) in space 'device': 1 references remaining.
Unreferencing block mem_19874 (allocated as mem_19874) in space 'device': 1 references remaining.
Unreferencing block mem_19876 (allocated as mem_19876) in space 'device': 1 references remaining.
Unreferencing block mem_19878 (allocated as mem_19878) in space 'device': 1 references remaining.
Unreferencing block mem_19864 (allocated as mem_19864) in space 'device': 1 references remaining.
Unreferencing block mem_19866 (allocated as mem_19866) in space 'device': 1 references remaining.
Unreferencing block mem_19867 (allocated as mem_19867) in space 'device': 1 references remaining.
Unreferencing block mem_19869 (allocated as mem_19869) in space 'device': 1 references remaining.
Unreferencing block mem_param_tmp_20406 (allocated as mem_19872) in space 'device': 0 references remaining.
26664 bytes freed (now allocated: 700832 bytes)
Unreferencing block mem_param_tmp_20407 (allocated as mem_19874) in space 'device': 0 references remaining.
26664 bytes freed (now allocated: 674168 bytes)
Unreferencing block mem_param_tmp_20408 (allocated as mem_19876) in space 'device': 0 references remaining.
26664 bytes freed (now allocated: 647504 bytes)
Unreferencing block mem_param_tmp_20409 (allocated as mem_19878) in space 'device': 0 references remaining.
26664 bytes freed (now allocated: 620840 bytes)
Unreferencing block mem_param_tmp_20410 (allocated as mem_19864) in space 'device': 0 references remaining.
3332 bytes freed (now allocated: 617508 bytes)
Unreferencing block mem_param_tmp_20411 (allocated as mem_19866) in space 'device': 0 references remaining.
13328 bytes freed (now allocated: 604180 bytes)
Unreferencing block mem_param_tmp_20412 (allocated as mem_19867) in space 'device': 0 references remaining.
3332 bytes freed (now allocated: 600848 bytes)
Unreferencing block mem_param_tmp_20413 (allocated as mem_19869) in space 'device': 0 references remaining.
13328 bytes freed (now allocated: 587520 bytes)
Unreferencing block mem_19864 (allocated as mem_19864) in space 'device': 2 references remaining.
Allocating 3332 bytes for mem_19864 in space 'device' (currently allocated: 587520 bytes).
Received block of 3332 bytes; now allocated: 590852 bytes.

# Copy GPU to GPU
Shape: [3332]
Dst offset: 0
Dst strides: 1
Src offset: 0
Src strides: 1
## Flat copy

Event: copy_dev_to_dev

Unreferencing block mem_19866 (allocated as mem_19866) in space 'device': 2 references remaining.
Allocating 13328 bytes for mem_19866 in space 'device' (currently allocated: 590852 bytes).
Received block of 13328 bytes; now allocated: 604180 bytes.

# Copy GPU to GPU
Shape: [3332]
Dst offset: 0
Dst strides: 1
Src offset: 0
Src strides: 1
## Flat copy

Event: copy_dev_to_dev

Unreferencing block mem_19867 (allocated as mem_19867) in space 'device': 2 references remaining.
Allocating 3332 bytes for mem_19867 in space 'device' (currently allocated: 604180 bytes).
Received block of 3332 bytes; now allocated: 607512 bytes.

# Copy GPU to GPU
Shape: [3332]
Dst offset: 0
Dst strides: 1
Src offset: 0
Src strides: 1
## Flat copy

Event: copy_dev_to_dev

Unreferencing block mem_19869 (allocated as mem_19869) in space 'device': 2 references remaining.
Allocating 13328 bytes for mem_19869 in space 'device' (currently allocated: 607512 bytes).
Received block of 13328 bytes; now allocated: 620840 bytes.

# Copy GPU to GPU
Shape: [3332]
Dst offset: 0
Dst strides: 1
Src offset: 0
Src strides: 1
## Flat copy

Event: copy_dev_to_dev

Unreferencing block mem_19872 (allocated as mem_19872) in space 'device': 2 references remaining.
Allocating 26656 bytes for mem_19872 in space 'device' (currently allocated: 620840 bytes).
Received block of 26664 bytes; now allocated: 647504 bytes.
Unreferencing block mem_19874 (allocated as mem_19874) in space 'device': 2 references remaining.
Allocating 26656 bytes for mem_19874 in space 'device' (currently allocated: 647504 bytes).
Received block of 26664 bytes; now allocated: 674168 bytes.
Unreferencing block mem_19876 (allocated as mem_19876) in space 'device': 2 references remaining.
Allocating 26656 bytes for mem_19876 in space 'device' (currently allocated: 674168 bytes).
Received block of 26664 bytes; now allocated: 700832 bytes.
Unreferencing block mem_19878 (allocated as mem_19878) in space 'device': 2 references remaining.
Allocating 26656 bytes for mem_19878 in space 'device' (currently allocated: 700832 bytes).
Received block of 26664 bytes; now allocated: 727496 bytes.
Event: main.segmap_19659
Kernel main.segmap_19659 with
  grid=(14,1,1)
  block=(256,1,1)
  shared memory=0

Unreferencing block mem_19872 (allocated as mem_19872) in space 'device': 1 references remaining.
Unreferencing block mem_19874 (allocated as mem_19874) in space 'device': 1 references remaining.
Unreferencing block mem_19876 (allocated as mem_19876) in space 'device': 1 references remaining.
Unreferencing block mem_19878 (allocated as mem_19878) in space 'device': 1 references remaining.
Unreferencing block mem_19864 (allocated as mem_19864) in space 'device': 1 references remaining.
Unreferencing block mem_19866 (allocated as mem_19866) in space 'device': 1 references remaining.
Unreferencing block mem_19867 (allocated as mem_19867) in space 'device': 1 references remaining.
Unreferencing block mem_19869 (allocated as mem_19869) in space 'device': 1 references remaining.
Unreferencing block mem_param_tmp_20406 (allocated as mem_19872) in space 'device': 0 references remaining.
26664 bytes freed (now allocated: 700832 bytes)
Unreferencing block mem_param_tmp_20407 (allocated as mem_19874) in space 'device': 0 references remaining.
26664 bytes freed (now allocated: 674168 bytes)
Unreferencing block mem_param_tmp_20408 (allocated as mem_19876) in space 'device': 0 references remaining.
26664 bytes freed (now allocated: 647504 bytes)
Unreferencing block mem_param_tmp_20409 (allocated as mem_19878) in space 'device': 0 references remaining.
26664 bytes freed (now allocated: 620840 bytes)
Unreferencing block mem_param_tmp_20410 (allocated as mem_19864) in space 'device': 0 references remaining.
3332 bytes freed (now allocated: 617508 bytes)
Unreferencing block mem_param_tmp_20411 (allocated as mem_19866) in space 'device': 0 references remaining.
13328 bytes freed (now allocated: 604180 bytes)
Unreferencing block mem_param_tmp_20412 (allocated as mem_19867) in space 'device': 0 references remaining.
3332 bytes freed (now allocated: 600848 bytes)
Unreferencing block mem_param_tmp_20413 (allocated as mem_19869) in space 'device': 0 references remaining.
13332 bytes freed (now allocated: 587516 bytes)
Unreferencing block mem_19775 (allocated as mem_19775) in space 'device': 0 references remaining.
26656 bytes freed (now allocated: 560860 bytes)
Unreferencing block mem_19830 (allocated as mem_19830) in space 'device': 0 references remaining.
3332 bytes freed (now allocated: 557528 bytes)
Unreferencing block mem_19832 (allocated as mem_19832) in space 'device': 0 references remaining.
13328 bytes freed (now allocated: 544200 bytes)
Unreferencing block mem_19833 (allocated as mem_19833) in space 'device': 0 references remaining.
3332 bytes freed (now allocated: 540868 bytes)
Unreferencing block mem_19835 (allocated as mem_19835) in space 'device': 0 references remaining.
13328 bytes freed (now allocated: 527540 bytes)
Event: main.segmap_19697
Kernel main.segmap_19697 with
  grid=(14,1,1)
  block=(256,1,1)
  shared memory=0

Unreferencing block mem_19837 (allocated as mem_19837) in space 'device': 0 references remaining.
26656 bytes freed (now allocated: 500884 bytes)
Unreferencing block mem_19839 (allocated as mem_19839) in space 'device': 0 references remaining.
26656 bytes freed (now allocated: 474228 bytes)
Allocating 4 bytes for mem_19905 in space 'device' (currently allocated: 474228 bytes).
Received block of 8 bytes; now allocated: 474236 bytes.
Allocating 56 bytes for segred_tmp_mem_20447 in space 'device' (currently allocated: 474236 bytes).
Received block of 3332 bytes; now allocated: 477568 bytes.
Event: main.segred_nonseg_19713
Kernel main.segred_nonseg_19713 with
  grid=(14,1,1)
  block=(256,1,1)
  shared memory=1032

Unreferencing block mem_19779 (allocated as mem_19779) in space 'device': 0 references remaining.
13328 bytes freed (now allocated: 464240 bytes)
Unreferencing block mem_19822 (allocated as mem_19822) in space 'device': 0 references remaining.
26664 bytes freed (now allocated: 437576 bytes)
Unreferencing block mem_19824 (allocated as mem_19824) in space 'device': 0 references remaining.
26664 bytes freed (now allocated: 410912 bytes)
Unreferencing block mem_19826 (allocated as mem_19826) in space 'device': 0 references remaining.
26664 bytes freed (now allocated: 384248 bytes)
Unreferencing block mem_19828 (allocated as mem_19828) in space 'device': 0 references remaining.
26664 bytes freed (now allocated: 357584 bytes)
Unreferencing block ext_mem_19895 (allocated as mem_19869) in space 'device': 3 references remaining.
Unreferencing block ext_mem_19896 (allocated as mem_19867) in space 'device': 3 references remaining.
Unreferencing block ext_mem_19897 (allocated as mem_19866) in space 'device': 3 references remaining.
Unreferencing block ext_mem_19898 (allocated as mem_19864) in space 'device': 3 references remaining.
Unreferencing block ext_mem_19899 (allocated as mem_19878) in space 'device': 3 references remaining.
Unreferencing block ext_mem_19900 (allocated as mem_19876) in space 'device': 3 references remaining.
Unreferencing block ext_mem_19901 (allocated as mem_19874) in space 'device': 3 references remaining.
Unreferencing block ext_mem_19902 (allocated as mem_19872) in space 'device': 3 references remaining.
Event: copy_scalar_from_dev

Unreferencing block mem_19905 (allocated as mem_19905) in space 'device': 0 references remaining.
8 bytes freed (now allocated: 357576 bytes)
Unreferencing block segred_tmp_mem_20447 (allocated as segred_tmp_mem_20447) in space 'device': 0 references remaining.
3332 bytes freed (now allocated: 354244 bytes)
Unreferencing block mem_param_tmp_20413 (allocated as mem_19869) in space 'device': 2 references remaining.
Unreferencing block mem_param_tmp_20412 (allocated as mem_19867) in space 'device': 2 references remaining.
Unreferencing block mem_param_tmp_20411 (allocated as mem_19866) in space 'device': 2 references remaining.
Unreferencing block mem_param_tmp_20410 (allocated as mem_19864) in space 'device': 2 references remaining.
Unreferencing block mem_param_tmp_20409 (allocated as mem_19878) in space 'device': 2 references remaining.
Unreferencing block mem_param_tmp_20408 (allocated as mem_19876) in space 'device': 2 references remaining.
Unreferencing block mem_param_tmp_20407 (allocated as mem_19874) in space 'device': 2 references remaining.
Unreferencing block mem_param_tmp_20406 (allocated as mem_19872) in space 'device': 2 references remaining.
Unreferencing block mem_19878 (allocated as mem_19878) in space 'device': 1 references remaining.
Unreferencing block mem_19876 (allocated as mem_19876) in space 'device': 1 references remaining.
Unreferencing block mem_19874 (allocated as mem_19874) in space 'device': 1 references remaining.
Unreferencing block mem_19872 (allocated as mem_19872) in space 'device': 1 references remaining.
Unreferencing block mem_19869 (allocated as mem_19869) in space 'device': 1 references remaining.
Unreferencing block mem_19867 (allocated as mem_19867) in space 'device': 1 references remaining.
Unreferencing block mem_19866 (allocated as mem_19866) in space 'device': 1 references remaining.
Unreferencing block mem_19864 (allocated as mem_19864) in space 'device': 1 references remaining.
Unreferencing block mem_param_19863 (allocated as mem_19869) in space 'device': 0 references remaining.
13328 bytes freed (now allocated: 340916 bytes)
Unreferencing block mem_param_19860 (allocated as mem_19867) in space 'device': 0 references remaining.
3332 bytes freed (now allocated: 337584 bytes)
Unreferencing block mem_param_19857 (allocated as mem_19866) in space 'device': 0 references remaining.
13328 bytes freed (now allocated: 324256 bytes)
Unreferencing block mem_param_19854 (allocated as mem_19864) in space 'device': 0 references remaining.
3332 bytes freed (now allocated: 320924 bytes)
Unreferencing block mem_param_19851 (allocated as mem_19878) in space 'device': 0 references remaining.
26664 bytes freed (now allocated: 294260 bytes)
Unreferencing block mem_param_19848 (allocated as mem_19876) in space 'device': 0 references remaining.
26664 bytes freed (now allocated: 267596 bytes)
Unreferencing block mem_param_19845 (allocated as mem_19874) in space 'device': 0 references remaining.
26664 bytes freed (now allocated: 240932 bytes)
Unreferencing block mem_param_19842 (allocated as mem_19872) in space 'device': 0 references remaining.
26664 bytes freed (now allocated: 214268 bytes)
Unreferencing block mem_param_tmp_20086 (allocated as mem_19805) in space 'device': 2 references remaining.
Unreferencing block mem_param_tmp_20085 (allocated as mem_19807) in space 'device': 3 references remaining.
Unreferencing block mem_19807 (allocated as mem_19807) in space 'device': 2 references remaining.
Unreferencing block mem_19805 (allocated as mem_19805) in space 'device': 1 references remaining.
Unreferencing block incprefixes_mem_20132 (allocated as incprefixes_mem_20132) in space 'device': 0 references remaining.
40 bytes freed (now allocated: 214228 bytes)
Unreferencing block aggregates_mem_20130 (allocated as aggregates_mem_20130) in space 'device': 0 references remaining.
40 bytes freed (now allocated: 214188 bytes)
Unreferencing block incprefixes_mem_20128 (allocated as incprefixes_mem_20128) in space 'device': 0 references remaining.
40 bytes freed (now allocated: 214148 bytes)
Unreferencing block aggregates_mem_20126 (allocated as aggregates_mem_20126) in space 'device': 0 references remaining.
40 bytes freed (now allocated: 214108 bytes)
Unreferencing block incprefixes_mem_20124 (allocated as incprefixes_mem_20124) in space 'device': 0 references remaining.
40 bytes freed (now allocated: 214068 bytes)
Unreferencing block aggregates_mem_20122 (allocated as aggregates_mem_20122) in space 'device': 0 references remaining.
40 bytes freed (now allocated: 214028 bytes)
Unreferencing block incprefixes_mem_20120 (allocated as incprefixes_mem_20120) in space 'device': 0 references remaining.
40 bytes freed (now allocated: 213988 bytes)
Unreferencing block aggregates_mem_20118 (allocated as aggregates_mem_20118) in space 'device': 0 references remaining.
40 bytes freed (now allocated: 213948 bytes)
Unreferencing block status_flags_mem_20096 (allocated as status_flags_mem_20096) in space 'device': 0 references remaining.
8 bytes freed (now allocated: 213940 bytes)
Unreferencing block mem_param_19792 (allocated as mem_19805) in space 'device': 0 references remaining.
26664 bytes freed (now allocated: 187276 bytes)
Unreferencing block mem_param_19789 (allocated as mem_19807) in space 'device': 1 references remaining.
Unreferencing block ext_mem_19817 (allocated as mem_19807) in space 'device': 0 references remaining.
26664 bytes freed (now allocated: 160612 bytes)
Unreferencing block segred_tmp_mem_19950 (allocated as segred_tmp_mem_19950) in space 'device': 0 references remaining.
112 bytes freed (now allocated: 160500 bytes)
Unreferencing block segred_tmp_mem_19948 (allocated as segred_tmp_mem_19948) in space 'device': 0 references remaining.
112 bytes freed (now allocated: 160388 bytes)
Unreferencing block segred_tmp_mem_19946 (allocated as segred_tmp_mem_19946) in space 'device': 0 references remaining.
112 bytes freed (now allocated: 160276 bytes)
Unreferencing block segred_tmp_mem_19944 (allocated as segred_tmp_mem_19944) in space 'device': 0 references remaining.
112 bytes freed (now allocated: 160164 bytes)
runtime: 10540
