Allocating 8 bytes for mem_19762 in space 'device' (currently allocated: 1600164 bytes).
Received block of 8 bytes; now allocated: 1600172 bytes.
Allocating 8 bytes for mem_19763 in space 'device' (currently allocated: 1600172 bytes).
Received block of 8 bytes; now allocated: 1600180 bytes.
Allocating 8 bytes for mem_19764 in space 'device' (currently allocated: 1600180 bytes).
Received block of 8 bytes; now allocated: 1600188 bytes.
Allocating 8 bytes for mem_19765 in space 'device' (currently allocated: 1600188 bytes).
Received block of 8 bytes; now allocated: 1600196 bytes.
Allocating 266664 bytes for mem_19767 in space 'device' (currently allocated: 1600196 bytes).
Received block of 266664 bytes; now allocated: 1866860 bytes.
Allocating 266664 bytes for mem_19769 in space 'device' (currently allocated: 1866860 bytes).
Received block of 266664 bytes; now allocated: 2133524 bytes.
Allocating 266664 bytes for mem_19771 in space 'device' (currently allocated: 2133524 bytes).
Received block of 266664 bytes; now allocated: 2400188 bytes.
Allocating 266664 bytes for mem_19773 in space 'device' (currently allocated: 2400188 bytes).
Received block of 266664 bytes; now allocated: 2666852 bytes.
Allocating 1048 bytes for segred_tmp_mem_19944 in space 'device' (currently allocated: 2666852 bytes).
Received block of 1048 bytes; now allocated: 2667900 bytes.
Allocating 1048 bytes for segred_tmp_mem_19946 in space 'device' (currently allocated: 2667900 bytes).
Received block of 1048 bytes; now allocated: 2668948 bytes.
Allocating 1048 bytes for segred_tmp_mem_19948 in space 'device' (currently allocated: 2668948 bytes).
Received block of 1048 bytes; now allocated: 2669996 bytes.
Allocating 1048 bytes for segred_tmp_mem_19950 in space 'device' (currently allocated: 2669996 bytes).
Received block of 1048 bytes; now allocated: 2671044 bytes.
Event: main.segred_nonseg_19092
Kernel main.segred_nonseg_19092 with
  grid=(131,1,1)
  block=(256,1,1)
  shared memory=8200

Allocating 266656 bytes for mem_19775 in space 'device' (currently allocated: 2671044 bytes).
Received block of 266656 bytes; now allocated: 2937700 bytes.
Event: builtin#replicate_f64.replicate_20034
Kernel builtin#replicate_f64.replicate_20034 with
  grid=(131,1,1)
  block=(256,1,1)
  shared memory=0

Allocating 266664 bytes for mem_19777 in space 'device' (currently allocated: 2937700 bytes).
Received block of 266664 bytes; now allocated: 3204364 bytes.
Event: builtin#iota_i64.iota_i64_20054
Kernel builtin#iota_i64.iota_i64_20054 with
  grid=(131,1,1)
  block=(256,1,1)
  shared memory=0

Allocating 133328 bytes for mem_19779 in space 'device' (currently allocated: 3204364 bytes).
Received block of 133328 bytes; now allocated: 3337692 bytes.
Event: builtin#replicate_i32.replicate_19929
Kernel builtin#replicate_i32.replicate_19929 with
  grid=(131,1,1)
  block=(256,1,1)
  shared memory=0

Allocating 8 bytes for mem_19780 in space 'device' (currently allocated: 3337692 bytes).
Received block of 8 bytes; now allocated: 3337700 bytes.
Allocating 8 bytes for mem_19781 in space 'device' (currently allocated: 3337700 bytes).
Received block of 8 bytes; now allocated: 3337708 bytes.
Allocating 8 bytes for mem_19782 in space 'device' (currently allocated: 3337708 bytes).
Received block of 8 bytes; now allocated: 3337716 bytes.
Allocating 8 bytes for mem_19783 in space 'device' (currently allocated: 3337716 bytes).
Received block of 8 bytes; now allocated: 3337724 bytes.
Event: main.gpuseq_20070
Kernel main.gpuseq_20070 with
  grid=(1,1,1)
  block=(1,1,1)
  shared memory=0

Unreferencing block mem_19762 (allocated as mem_19762) in space 'device': 0 references remaining.
8 bytes freed (now allocated: 3337716 bytes)
Unreferencing block mem_19763 (allocated as mem_19763) in space 'device': 0 references remaining.
8 bytes freed (now allocated: 3337708 bytes)
Unreferencing block mem_19764 (allocated as mem_19764) in space 'device': 0 references remaining.
8 bytes freed (now allocated: 3337700 bytes)
Unreferencing block mem_19765 (allocated as mem_19765) in space 'device': 0 references remaining.
8 bytes freed (now allocated: 3337692 bytes)
Allocating 266664 bytes for mem_19786 in space 'device' (currently allocated: 3337692 bytes).
Received block of 266664 bytes; now allocated: 3604356 bytes.
Event: main.segmap_19119
Kernel main.segmap_19119 with
  grid=(131,1,1)
  block=(256,1,1)
  shared memory=0

Allocating 266664 bytes for mem_19795 in space 'device' (currently allocated: 3604356 bytes).
Received block of 266664 bytes; now allocated: 3871020 bytes.
Allocating 266664 bytes for mem_19797 in space 'device' (currently allocated: 3871020 bytes).
Received block of 266664 bytes; now allocated: 4137684 bytes.
Allocating 266664 bytes for mem_19799 in space 'device' (currently allocated: 4137684 bytes).
Received block of 266664 bytes; now allocated: 4404348 bytes.
Allocating 266664 bytes for mem_19801 in space 'device' (currently allocated: 4404348 bytes).
Received block of 266664 bytes; now allocated: 4671012 bytes.
Allocating 133332 bytes for mem_19803 in space 'device' (currently allocated: 4671012 bytes).
Received block of 133332 bytes; now allocated: 4804344 bytes.
Allocating 8 bytes for mem_19808 in space 'device' (currently allocated: 4804344 bytes).
Received block of 8 bytes; now allocated: 4804352 bytes.
Allocating 8 bytes for mem_19809 in space 'device' (currently allocated: 4804352 bytes).
Received block of 8 bytes; now allocated: 4804360 bytes.
Allocating 8 bytes for mem_19810 in space 'device' (currently allocated: 4804360 bytes).
Received block of 8 bytes; now allocated: 4804368 bytes.
Allocating 44 bytes for status_flags_mem_20096 in space 'device' (currently allocated: 4804368 bytes).
Received block of 44 bytes; now allocated: 4804412 bytes.
Event: builtin#replicate_i8.replicate_20103
Kernel builtin#replicate_i8.replicate_20103 with
  grid=(1,1,1)
  block=(256,1,1)
  shared memory=0

Allocating 352 bytes for aggregates_mem_20118 in space 'device' (currently allocated: 4804412 bytes).
Received block of 352 bytes; now allocated: 4804764 bytes.
Allocating 352 bytes for incprefixes_mem_20120 in space 'device' (currently allocated: 4804764 bytes).
Received block of 352 bytes; now allocated: 4805116 bytes.
Allocating 352 bytes for aggregates_mem_20122 in space 'device' (currently allocated: 4805116 bytes).
Received block of 352 bytes; now allocated: 4805468 bytes.
Allocating 352 bytes for incprefixes_mem_20124 in space 'device' (currently allocated: 4805468 bytes).
Received block of 352 bytes; now allocated: 4805820 bytes.
Allocating 352 bytes for aggregates_mem_20126 in space 'device' (currently allocated: 4805820 bytes).
Received block of 352 bytes; now allocated: 4806172 bytes.
Allocating 352 bytes for incprefixes_mem_20128 in space 'device' (currently allocated: 4806172 bytes).
Received block of 352 bytes; now allocated: 4806524 bytes.
Allocating 352 bytes for aggregates_mem_20130 in space 'device' (currently allocated: 4806524 bytes).
Received block of 352 bytes; now allocated: 4806876 bytes.
Allocating 352 bytes for incprefixes_mem_20132 in space 'device' (currently allocated: 4806876 bytes).
Received block of 352 bytes; now allocated: 4807228 bytes.
Event: main.segscan_19140
Kernel main.segscan_19140 with
  grid=(131,1,1)
  block=(256,1,1)
  shared memory=8192

Allocating 266664 bytes for mem_19805 in space 'device' (currently allocated: 4807228 bytes).
Received block of 266664 bytes; now allocated: 5073892 bytes.

# Copy GPU to GPU
Shape: [33333]
Dst offset: 0
Dst strides: 1
Src offset: 0
Src strides: 1
## Flat copy

Event: copy_dev_to_dev

Allocating 266664 bytes for mem_19807 in space 'device' (currently allocated: 5073892 bytes).
Received block of 266664 bytes; now allocated: 5340556 bytes.

# Copy GPU to GPU
Shape: [33333]
Dst offset: 0
Dst strides: 1
Src offset: 0
Src strides: 1
## Flat copy

Event: copy_dev_to_dev

Event: main.gpuseq_20361
Kernel main.gpuseq_20361 with
  grid=(1,1,1)
  block=(1,1,1)
  shared memory=0

Event: main.segmap_19142
Kernel main.segmap_19142 with
  grid=(131,1,1)
  block=(256,1,1)
  shared memory=0

Unreferencing block mem_param_tmp_20085 (allocated as mem_19786) in space 'device': 1 references remaining.
Unreferencing block mem_param_tmp_20086 (allocated as mem_19777) in space 'device': 1 references remaining.
Unreferencing block status_flags_mem_20096 (allocated as status_flags_mem_20096) in space 'device': 0 references remaining.
44 bytes freed (now allocated: 5340512 bytes)
Allocating 44 bytes for status_flags_mem_20096 in space 'device' (currently allocated: 5340512 bytes).
Received block of 44 bytes; now allocated: 5340556 bytes.
Event: builtin#replicate_i8.replicate_20103
Kernel builtin#replicate_i8.replicate_20103 with
  grid=(1,1,1)
  block=(256,1,1)
  shared memory=0

Unreferencing block aggregates_mem_20118 (allocated as aggregates_mem_20118) in space 'device': 0 references remaining.
352 bytes freed (now allocated: 5340204 bytes)
Allocating 352 bytes for aggregates_mem_20118 in space 'device' (currently allocated: 5340204 bytes).
Received block of 352 bytes; now allocated: 5340556 bytes.
Unreferencing block incprefixes_mem_20120 (allocated as incprefixes_mem_20120) in space 'device': 0 references remaining.
352 bytes freed (now allocated: 5340204 bytes)
Allocating 352 bytes for incprefixes_mem_20120 in space 'device' (currently allocated: 5340204 bytes).
Received block of 352 bytes; now allocated: 5340556 bytes.
Unreferencing block aggregates_mem_20122 (allocated as aggregates_mem_20122) in space 'device': 0 references remaining.
352 bytes freed (now allocated: 5340204 bytes)
Allocating 352 bytes for aggregates_mem_20122 in space 'device' (currently allocated: 5340204 bytes).
Received block of 352 bytes; now allocated: 5340556 bytes.
Unreferencing block incprefixes_mem_20124 (allocated as incprefixes_mem_20124) in space 'device': 0 references remaining.
352 bytes freed (now allocated: 5340204 bytes)
Allocating 352 bytes for incprefixes_mem_20124 in space 'device' (currently allocated: 5340204 bytes).
Received block of 352 bytes; now allocated: 5340556 bytes.
Unreferencing block aggregates_mem_20126 (allocated as aggregates_mem_20126) in space 'device': 0 references remaining.
352 bytes freed (now allocated: 5340204 bytes)
Allocating 352 bytes for aggregates_mem_20126 in space 'device' (currently allocated: 5340204 bytes).
Received block of 352 bytes; now allocated: 5340556 bytes.
Unreferencing block incprefixes_mem_20128 (allocated as incprefixes_mem_20128) in space 'device': 0 references remaining.
352 bytes freed (now allocated: 5340204 bytes)
Allocating 352 bytes for incprefixes_mem_20128 in space 'device' (currently allocated: 5340204 bytes).
Received block of 352 bytes; now allocated: 5340556 bytes.
Unreferencing block aggregates_mem_20130 (allocated as aggregates_mem_20130) in space 'device': 0 references remaining.
352 bytes freed (now allocated: 5340204 bytes)
Allocating 352 bytes for aggregates_mem_20130 in space 'device' (currently allocated: 5340204 bytes).
Received block of 352 bytes; now allocated: 5340556 bytes.
Unreferencing block incprefixes_mem_20132 (allocated as incprefixes_mem_20132) in space 'device': 0 references remaining.
352 bytes freed (now allocated: 5340204 bytes)
Allocating 352 bytes for incprefixes_mem_20132 in space 'device' (currently allocated: 5340204 bytes).
Received block of 352 bytes; now allocated: 5340556 bytes.
Event: main.segscan_19140
Kernel main.segscan_19140 with
  grid=(131,1,1)
  block=(256,1,1)
  shared memory=8192

Unreferencing block mem_19805 (allocated as mem_19805) in space 'device': 2 references remaining.
Allocating 266664 bytes for mem_19805 in space 'device' (currently allocated: 5340556 bytes).
Received block of 266664 bytes; now allocated: 5607220 bytes.

# Copy GPU to GPU
Shape: [33333]
Dst offset: 0
Dst strides: 1
Src offset: 0
Src strides: 1
## Flat copy

Event: copy_dev_to_dev

Unreferencing block mem_19807 (allocated as mem_19807) in space 'device': 2 references remaining.
Allocating 266664 bytes for mem_19807 in space 'device' (currently allocated: 5607220 bytes).
Received block of 266664 bytes; now allocated: 5873884 bytes.

# Copy GPU to GPU
Shape: [33333]
Dst offset: 0
Dst strides: 1
Src offset: 0
Src strides: 1
## Flat copy

Event: copy_dev_to_dev

Event: main.gpuseq_20361
Kernel main.gpuseq_20361 with
  grid=(1,1,1)
  block=(1,1,1)
  shared memory=0

Event: main.segmap_19142
Kernel main.segmap_19142 with
  grid=(131,1,1)
  block=(256,1,1)
  shared memory=0

Unreferencing block mem_19807 (allocated as mem_19807) in space 'device': 1 references remaining.
Unreferencing block mem_19805 (allocated as mem_19805) in space 'device': 1 references remaining.
Unreferencing block mem_param_tmp_20085 (allocated as mem_19807) in space 'device': 0 references remaining.
266664 bytes freed (now allocated: 5607220 bytes)
Unreferencing block mem_param_tmp_20086 (allocated as mem_19805) in space 'device': 0 references remaining.
266664 bytes freed (now allocated: 5340556 bytes)
Unreferencing block status_flags_mem_20096 (allocated as status_flags_mem_20096) in space 'device': 0 references remaining.
44 bytes freed (now allocated: 5340512 bytes)
Allocating 44 bytes for status_flags_mem_20096 in space 'device' (currently allocated: 5340512 bytes).
Received block of 44 bytes; now allocated: 5340556 bytes.
Event: builtin#replicate_i8.replicate_20103
Kernel builtin#replicate_i8.replicate_20103 with
  grid=(1,1,1)
  block=(256,1,1)
  shared memory=0

Unreferencing block aggregates_mem_20118 (allocated as aggregates_mem_20118) in space 'device': 0 references remaining.
352 bytes freed (now allocated: 5340204 bytes)
Allocating 352 bytes for aggregates_mem_20118 in space 'device' (currently allocated: 5340204 bytes).
Received block of 352 bytes; now allocated: 5340556 bytes.
Unreferencing block incprefixes_mem_20120 (allocated as incprefixes_mem_20120) in space 'device': 0 references remaining.
352 bytes freed (now allocated: 5340204 bytes)
Allocating 352 bytes for incprefixes_mem_20120 in space 'device' (currently allocated: 5340204 bytes).
Received block of 352 bytes; now allocated: 5340556 bytes.
Unreferencing block aggregates_mem_20122 (allocated as aggregates_mem_20122) in space 'device': 0 references remaining.
352 bytes freed (now allocated: 5340204 bytes)
Allocating 352 bytes for aggregates_mem_20122 in space 'device' (currently allocated: 5340204 bytes).
Received block of 352 bytes; now allocated: 5340556 bytes.
Unreferencing block incprefixes_mem_20124 (allocated as incprefixes_mem_20124) in space 'device': 0 references remaining.
352 bytes freed (now allocated: 5340204 bytes)
Allocating 352 bytes for incprefixes_mem_20124 in space 'device' (currently allocated: 5340204 bytes).
Received block of 352 bytes; now allocated: 5340556 bytes.
Unreferencing block aggregates_mem_20126 (allocated as aggregates_mem_20126) in space 'device': 0 references remaining.
352 bytes freed (now allocated: 5340204 bytes)
Allocating 352 bytes for aggregates_mem_20126 in space 'device' (currently allocated: 5340204 bytes).
Received block of 352 bytes; now allocated: 5340556 bytes.
Unreferencing block incprefixes_mem_20128 (allocated as incprefixes_mem_20128) in space 'device': 0 references remaining.
352 bytes freed (now allocated: 5340204 bytes)
Allocating 352 bytes for incprefixes_mem_20128 in space 'device' (currently allocated: 5340204 bytes).
Received block of 352 bytes; now allocated: 5340556 bytes.
Unreferencing block aggregates_mem_20130 (allocated as aggregates_mem_20130) in space 'device': 0 references remaining.
352 bytes freed (now allocated: 5340204 bytes)
Allocating 352 bytes for aggregates_mem_20130 in space 'device' (currently allocated: 5340204 bytes).
Received block of 352 bytes; now allocated: 5340556 bytes.
Unreferencing block incprefixes_mem_20132 (allocated as incprefixes_mem_20132) in space 'device': 0 references remaining.
352 bytes freed (now allocated: 5340204 bytes)
Allocating 352 bytes for incprefixes_mem_20132 in space 'device' (currently allocated: 5340204 bytes).
Received block of 352 bytes; now allocated: 5340556 bytes.
Event: main.segscan_19140
Kernel main.segscan_19140 with
  grid=(131,1,1)
  block=(256,1,1)
  shared memory=8192

Unreferencing block mem_19805 (allocated as mem_19805) in space 'device': 2 references remaining.
Allocating 266664 bytes for mem_19805 in space 'device' (currently allocated: 5340556 bytes).
Received block of 266664 bytes; now allocated: 5607220 bytes.

# Copy GPU to GPU
Shape: [33333]
Dst offset: 0
Dst strides: 1
Src offset: 0
Src strides: 1
## Flat copy

Event: copy_dev_to_dev

Unreferencing block mem_19807 (allocated as mem_19807) in space 'device': 2 references remaining.
Allocating 266664 bytes for mem_19807 in space 'device' (currently allocated: 5607220 bytes).
Received block of 266664 bytes; now allocated: 5873884 bytes.

# Copy GPU to GPU
Shape: [33333]
Dst offset: 0
Dst strides: 1
Src offset: 0
Src strides: 1
## Flat copy

Event: copy_dev_to_dev

Event: main.gpuseq_20361
Kernel main.gpuseq_20361 with
  grid=(1,1,1)
  block=(1,1,1)
  shared memory=0

Event: main.segmap_19142
Kernel main.segmap_19142 with
  grid=(131,1,1)
  block=(256,1,1)
  shared memory=0

Unreferencing block mem_19807 (allocated as mem_19807) in space 'device': 1 references remaining.
Unreferencing block mem_19805 (allocated as mem_19805) in space 'device': 1 references remaining.
Unreferencing block mem_param_tmp_20085 (allocated as mem_19807) in space 'device': 0 references remaining.
266664 bytes freed (now allocated: 5607220 bytes)
Unreferencing block mem_param_tmp_20086 (allocated as mem_19805) in space 'device': 0 references remaining.
266664 bytes freed (now allocated: 5340556 bytes)
Unreferencing block status_flags_mem_20096 (allocated as status_flags_mem_20096) in space 'device': 0 references remaining.
44 bytes freed (now allocated: 5340512 bytes)
Allocating 44 bytes for status_flags_mem_20096 in space 'device' (currently allocated: 5340512 bytes).
Received block of 44 bytes; now allocated: 5340556 bytes.
Event: builtin#replicate_i8.replicate_20103
Kernel builtin#replicate_i8.replicate_20103 with
  grid=(1,1,1)
  block=(256,1,1)
  shared memory=0

Unreferencing block aggregates_mem_20118 (allocated as aggregates_mem_20118) in space 'device': 0 references remaining.
352 bytes freed (now allocated: 5340204 bytes)
Allocating 352 bytes for aggregates_mem_20118 in space 'device' (currently allocated: 5340204 bytes).
Received block of 352 bytes; now allocated: 5340556 bytes.
Unreferencing block incprefixes_mem_20120 (allocated as incprefixes_mem_20120) in space 'device': 0 references remaining.
352 bytes freed (now allocated: 5340204 bytes)
Allocating 352 bytes for incprefixes_mem_20120 in space 'device' (currently allocated: 5340204 bytes).
Received block of 352 bytes; now allocated: 5340556 bytes.
Unreferencing block aggregates_mem_20122 (allocated as aggregates_mem_20122) in space 'device': 0 references remaining.
352 bytes freed (now allocated: 5340204 bytes)
Allocating 352 bytes for aggregates_mem_20122 in space 'device' (currently allocated: 5340204 bytes).
Received block of 352 bytes; now allocated: 5340556 bytes.
Unreferencing block incprefixes_mem_20124 (allocated as incprefixes_mem_20124) in space 'device': 0 references remaining.
352 bytes freed (now allocated: 5340204 bytes)
Allocating 352 bytes for incprefixes_mem_20124 in space 'device' (currently allocated: 5340204 bytes).
Received block of 352 bytes; now allocated: 5340556 bytes.
Unreferencing block aggregates_mem_20126 (allocated as aggregates_mem_20126) in space 'device': 0 references remaining.
352 bytes freed (now allocated: 5340204 bytes)
Allocating 352 bytes for aggregates_mem_20126 in space 'device' (currently allocated: 5340204 bytes).
Received block of 352 bytes; now allocated: 5340556 bytes.
Unreferencing block incprefixes_mem_20128 (allocated as incprefixes_mem_20128) in space 'device': 0 references remaining.
352 bytes freed (now allocated: 5340204 bytes)
Allocating 352 bytes for incprefixes_mem_20128 in space 'device' (currently allocated: 5340204 bytes).
Received block of 352 bytes; now allocated: 5340556 bytes.
Unreferencing block aggregates_mem_20130 (allocated as aggregates_mem_20130) in space 'device': 0 references remaining.
352 bytes freed (now allocated: 5340204 bytes)
Allocating 352 bytes for aggregates_mem_20130 in space 'device' (currently allocated: 5340204 bytes).
Received block of 352 bytes; now allocated: 5340556 bytes.
Unreferencing block incprefixes_mem_20132 (allocated as incprefixes_mem_20132) in space 'device': 0 references remaining.
352 bytes freed (now allocated: 5340204 bytes)
Allocating 352 bytes for incprefixes_mem_20132 in space 'device' (currently allocated: 5340204 bytes).
Received block of 352 bytes; now allocated: 5340556 bytes.
Event: main.segscan_19140
Kernel main.segscan_19140 with
  grid=(131,1,1)
  block=(256,1,1)
  shared memory=8192

Unreferencing block mem_19805 (allocated as mem_19805) in space 'device': 2 references remaining.
Allocating 266664 bytes for mem_19805 in space 'device' (currently allocated: 5340556 bytes).
Received block of 266664 bytes; now allocated: 5607220 bytes.

# Copy GPU to GPU
Shape: [33333]
Dst offset: 0
Dst strides: 1
Src offset: 0
Src strides: 1
## Flat copy

Event: copy_dev_to_dev

Unreferencing block mem_19807 (allocated as mem_19807) in space 'device': 2 references remaining.
Allocating 266664 bytes for mem_19807 in space 'device' (currently allocated: 5607220 bytes).
Received block of 266664 bytes; now allocated: 5873884 bytes.

# Copy GPU to GPU
Shape: [33333]
Dst offset: 0
Dst strides: 1
Src offset: 0
Src strides: 1
## Flat copy

Event: copy_dev_to_dev

Event: main.gpuseq_20361
Kernel main.gpuseq_20361 with
  grid=(1,1,1)
  block=(1,1,1)
  shared memory=0

Event: main.segmap_19142
Kernel main.segmap_19142 with
  grid=(131,1,1)
  block=(256,1,1)
  shared memory=0

Unreferencing block mem_19807 (allocated as mem_19807) in space 'device': 1 references remaining.
Unreferencing block mem_19805 (allocated as mem_19805) in space 'device': 1 references remaining.
Unreferencing block mem_param_tmp_20085 (allocated as mem_19807) in space 'device': 0 references remaining.
266664 bytes freed (now allocated: 5607220 bytes)
Unreferencing block mem_param_tmp_20086 (allocated as mem_19805) in space 'device': 0 references remaining.
266664 bytes freed (now allocated: 5340556 bytes)
Unreferencing block status_flags_mem_20096 (allocated as status_flags_mem_20096) in space 'device': 0 references remaining.
44 bytes freed (now allocated: 5340512 bytes)
Allocating 44 bytes for status_flags_mem_20096 in space 'device' (currently allocated: 5340512 bytes).
Received block of 44 bytes; now allocated: 5340556 bytes.
Event: builtin#replicate_i8.replicate_20103
Kernel builtin#replicate_i8.replicate_20103 with
  grid=(1,1,1)
  block=(256,1,1)
  shared memory=0

Unreferencing block aggregates_mem_20118 (allocated as aggregates_mem_20118) in space 'device': 0 references remaining.
352 bytes freed (now allocated: 5340204 bytes)
Allocating 352 bytes for aggregates_mem_20118 in space 'device' (currently allocated: 5340204 bytes).
Received block of 352 bytes; now allocated: 5340556 bytes.
Unreferencing block incprefixes_mem_20120 (allocated as incprefixes_mem_20120) in space 'device': 0 references remaining.
352 bytes freed (now allocated: 5340204 bytes)
Allocating 352 bytes for incprefixes_mem_20120 in space 'device' (currently allocated: 5340204 bytes).
Received block of 352 bytes; now allocated: 5340556 bytes.
Unreferencing block aggregates_mem_20122 (allocated as aggregates_mem_20122) in space 'device': 0 references remaining.
352 bytes freed (now allocated: 5340204 bytes)
Allocating 352 bytes for aggregates_mem_20122 in space 'device' (currently allocated: 5340204 bytes).
Received block of 352 bytes; now allocated: 5340556 bytes.
Unreferencing block incprefixes_mem_20124 (allocated as incprefixes_mem_20124) in space 'device': 0 references remaining.
352 bytes freed (now allocated: 5340204 bytes)
Allocating 352 bytes for incprefixes_mem_20124 in space 'device' (currently allocated: 5340204 bytes).
Received block of 352 bytes; now allocated: 5340556 bytes.
Unreferencing block aggregates_mem_20126 (allocated as aggregates_mem_20126) in space 'device': 0 references remaining.
352 bytes freed (now allocated: 5340204 bytes)
Allocating 352 bytes for aggregates_mem_20126 in space 'device' (currently allocated: 5340204 bytes).
Received block of 352 bytes; now allocated: 5340556 bytes.
Unreferencing block incprefixes_mem_20128 (allocated as incprefixes_mem_20128) in space 'device': 0 references remaining.
352 bytes freed (now allocated: 5340204 bytes)
Allocating 352 bytes for incprefixes_mem_20128 in space 'device' (currently allocated: 5340204 bytes).
Received block of 352 bytes; now allocated: 5340556 bytes.
Unreferencing block aggregates_mem_20130 (allocated as aggregates_mem_20130) in space 'device': 0 references remaining.
352 bytes freed (now allocated: 5340204 bytes)
Allocating 352 bytes for aggregates_mem_20130 in space 'device' (currently allocated: 5340204 bytes).
Received block of 352 bytes; now allocated: 5340556 bytes.
Unreferencing block incprefixes_mem_20132 (allocated as incprefixes_mem_20132) in space 'device': 0 references remaining.
352 bytes freed (now allocated: 5340204 bytes)
Allocating 352 bytes for incprefixes_mem_20132 in space 'device' (currently allocated: 5340204 bytes).
Received block of 352 bytes; now allocated: 5340556 bytes.
Event: main.segscan_19140
Kernel main.segscan_19140 with
  grid=(131,1,1)
  block=(256,1,1)
  shared memory=8192

Unreferencing block mem_19805 (allocated as mem_19805) in space 'device': 2 references remaining.
Allocating 266664 bytes for mem_19805 in space 'device' (currently allocated: 5340556 bytes).
Received block of 266664 bytes; now allocated: 5607220 bytes.

# Copy GPU to GPU
Shape: [33333]
Dst offset: 0
Dst strides: 1
Src offset: 0
Src strides: 1
## Flat copy

Event: copy_dev_to_dev

Unreferencing block mem_19807 (allocated as mem_19807) in space 'device': 2 references remaining.
Allocating 266664 bytes for mem_19807 in space 'device' (currently allocated: 5607220 bytes).
Received block of 266664 bytes; now allocated: 5873884 bytes.

# Copy GPU to GPU
Shape: [33333]
Dst offset: 0
Dst strides: 1
Src offset: 0
Src strides: 1
## Flat copy

Event: copy_dev_to_dev

Event: main.gpuseq_20361
Kernel main.gpuseq_20361 with
  grid=(1,1,1)
  block=(1,1,1)
  shared memory=0

Event: main.segmap_19142
Kernel main.segmap_19142 with
  grid=(131,1,1)
  block=(256,1,1)
  shared memory=0

Unreferencing block mem_19807 (allocated as mem_19807) in space 'device': 1 references remaining.
Unreferencing block mem_19805 (allocated as mem_19805) in space 'device': 1 references remaining.
Unreferencing block mem_param_tmp_20085 (allocated as mem_19807) in space 'device': 0 references remaining.
266664 bytes freed (now allocated: 5607220 bytes)
Unreferencing block mem_param_tmp_20086 (allocated as mem_19805) in space 'device': 0 references remaining.
266664 bytes freed (now allocated: 5340556 bytes)
Unreferencing block status_flags_mem_20096 (allocated as status_flags_mem_20096) in space 'device': 0 references remaining.
44 bytes freed (now allocated: 5340512 bytes)
Allocating 44 bytes for status_flags_mem_20096 in space 'device' (currently allocated: 5340512 bytes).
Received block of 44 bytes; now allocated: 5340556 bytes.
Event: builtin#replicate_i8.replicate_20103
Kernel builtin#replicate_i8.replicate_20103 with
  grid=(1,1,1)
  block=(256,1,1)
  shared memory=0

Unreferencing block aggregates_mem_20118 (allocated as aggregates_mem_20118) in space 'device': 0 references remaining.
352 bytes freed (now allocated: 5340204 bytes)
Allocating 352 bytes for aggregates_mem_20118 in space 'device' (currently allocated: 5340204 bytes).
Received block of 352 bytes; now allocated: 5340556 bytes.
Unreferencing block incprefixes_mem_20120 (allocated as incprefixes_mem_20120) in space 'device': 0 references remaining.
352 bytes freed (now allocated: 5340204 bytes)
Allocating 352 bytes for incprefixes_mem_20120 in space 'device' (currently allocated: 5340204 bytes).
Received block of 352 bytes; now allocated: 5340556 bytes.
Unreferencing block aggregates_mem_20122 (allocated as aggregates_mem_20122) in space 'device': 0 references remaining.
352 bytes freed (now allocated: 5340204 bytes)
Allocating 352 bytes for aggregates_mem_20122 in space 'device' (currently allocated: 5340204 bytes).
Received block of 352 bytes; now allocated: 5340556 bytes.
Unreferencing block incprefixes_mem_20124 (allocated as incprefixes_mem_20124) in space 'device': 0 references remaining.
352 bytes freed (now allocated: 5340204 bytes)
Allocating 352 bytes for incprefixes_mem_20124 in space 'device' (currently allocated: 5340204 bytes).
Received block of 352 bytes; now allocated: 5340556 bytes.
Unreferencing block aggregates_mem_20126 (allocated as aggregates_mem_20126) in space 'device': 0 references remaining.
352 bytes freed (now allocated: 5340204 bytes)
Allocating 352 bytes for aggregates_mem_20126 in space 'device' (currently allocated: 5340204 bytes).
Received block of 352 bytes; now allocated: 5340556 bytes.
Unreferencing block incprefixes_mem_20128 (allocated as incprefixes_mem_20128) in space 'device': 0 references remaining.
352 bytes freed (now allocated: 5340204 bytes)
Allocating 352 bytes for incprefixes_mem_20128 in space 'device' (currently allocated: 5340204 bytes).
Received block of 352 bytes; now allocated: 5340556 bytes.
Unreferencing block aggregates_mem_20130 (allocated as aggregates_mem_20130) in space 'device': 0 references remaining.
352 bytes freed (now allocated: 5340204 bytes)
Allocating 352 bytes for aggregates_mem_20130 in space 'device' (currently allocated: 5340204 bytes).
Received block of 352 bytes; now allocated: 5340556 bytes.
Unreferencing block incprefixes_mem_20132 (allocated as incprefixes_mem_20132) in space 'device': 0 references remaining.
352 bytes freed (now allocated: 5340204 bytes)
Allocating 352 bytes for incprefixes_mem_20132 in space 'device' (currently allocated: 5340204 bytes).
Received block of 352 bytes; now allocated: 5340556 bytes.
Event: main.segscan_19140
Kernel main.segscan_19140 with
  grid=(131,1,1)
  block=(256,1,1)
  shared memory=8192

Unreferencing block mem_19805 (allocated as mem_19805) in space 'device': 2 references remaining.
Allocating 266664 bytes for mem_19805 in space 'device' (currently allocated: 5340556 bytes).
Received block of 266664 bytes; now allocated: 5607220 bytes.

# Copy GPU to GPU
Shape: [33333]
Dst offset: 0
Dst strides: 1
Src offset: 0
Src strides: 1
## Flat copy

Event: copy_dev_to_dev

Unreferencing block mem_19807 (allocated as mem_19807) in space 'device': 2 references remaining.
Allocating 266664 bytes for mem_19807 in space 'device' (currently allocated: 5607220 bytes).
Received block of 266664 bytes; now allocated: 5873884 bytes.

# Copy GPU to GPU
Shape: [33333]
Dst offset: 0
Dst strides: 1
Src offset: 0
Src strides: 1
## Flat copy

Event: copy_dev_to_dev

Event: main.gpuseq_20361
Kernel main.gpuseq_20361 with
  grid=(1,1,1)
  block=(1,1,1)
  shared memory=0

Event: main.segmap_19142
Kernel main.segmap_19142 with
  grid=(131,1,1)
  block=(256,1,1)
  shared memory=0

Unreferencing block mem_19807 (allocated as mem_19807) in space 'device': 1 references remaining.
Unreferencing block mem_19805 (allocated as mem_19805) in space 'device': 1 references remaining.
Unreferencing block mem_param_tmp_20085 (allocated as mem_19807) in space 'device': 0 references remaining.
266664 bytes freed (now allocated: 5607220 bytes)
Unreferencing block mem_param_tmp_20086 (allocated as mem_19805) in space 'device': 0 references remaining.
266664 bytes freed (now allocated: 5340556 bytes)
Unreferencing block status_flags_mem_20096 (allocated as status_flags_mem_20096) in space 'device': 0 references remaining.
44 bytes freed (now allocated: 5340512 bytes)
Allocating 44 bytes for status_flags_mem_20096 in space 'device' (currently allocated: 5340512 bytes).
Received block of 44 bytes; now allocated: 5340556 bytes.
Event: builtin#replicate_i8.replicate_20103
Kernel builtin#replicate_i8.replicate_20103 with
  grid=(1,1,1)
  block=(256,1,1)
  shared memory=0

Unreferencing block aggregates_mem_20118 (allocated as aggregates_mem_20118) in space 'device': 0 references remaining.
352 bytes freed (now allocated: 5340204 bytes)
Allocating 352 bytes for aggregates_mem_20118 in space 'device' (currently allocated: 5340204 bytes).
Received block of 352 bytes; now allocated: 5340556 bytes.
Unreferencing block incprefixes_mem_20120 (allocated as incprefixes_mem_20120) in space 'device': 0 references remaining.
352 bytes freed (now allocated: 5340204 bytes)
Allocating 352 bytes for incprefixes_mem_20120 in space 'device' (currently allocated: 5340204 bytes).
Received block of 352 bytes; now allocated: 5340556 bytes.
Unreferencing block aggregates_mem_20122 (allocated as aggregates_mem_20122) in space 'device': 0 references remaining.
352 bytes freed (now allocated: 5340204 bytes)
Allocating 352 bytes for aggregates_mem_20122 in space 'device' (currently allocated: 5340204 bytes).
Received block of 352 bytes; now allocated: 5340556 bytes.
Unreferencing block incprefixes_mem_20124 (allocated as incprefixes_mem_20124) in space 'device': 0 references remaining.
352 bytes freed (now allocated: 5340204 bytes)
Allocating 352 bytes for incprefixes_mem_20124 in space 'device' (currently allocated: 5340204 bytes).
Received block of 352 bytes; now allocated: 5340556 bytes.
Unreferencing block aggregates_mem_20126 (allocated as aggregates_mem_20126) in space 'device': 0 references remaining.
352 bytes freed (now allocated: 5340204 bytes)
Allocating 352 bytes for aggregates_mem_20126 in space 'device' (currently allocated: 5340204 bytes).
Received block of 352 bytes; now allocated: 5340556 bytes.
Unreferencing block incprefixes_mem_20128 (allocated as incprefixes_mem_20128) in space 'device': 0 references remaining.
352 bytes freed (now allocated: 5340204 bytes)
Allocating 352 bytes for incprefixes_mem_20128 in space 'device' (currently allocated: 5340204 bytes).
Received block of 352 bytes; now allocated: 5340556 bytes.
Unreferencing block aggregates_mem_20130 (allocated as aggregates_mem_20130) in space 'device': 0 references remaining.
352 bytes freed (now allocated: 5340204 bytes)
Allocating 352 bytes for aggregates_mem_20130 in space 'device' (currently allocated: 5340204 bytes).
Received block of 352 bytes; now allocated: 5340556 bytes.
Unreferencing block incprefixes_mem_20132 (allocated as incprefixes_mem_20132) in space 'device': 0 references remaining.
352 bytes freed (now allocated: 5340204 bytes)
Allocating 352 bytes for incprefixes_mem_20132 in space 'device' (currently allocated: 5340204 bytes).
Received block of 352 bytes; now allocated: 5340556 bytes.
Event: main.segscan_19140
Kernel main.segscan_19140 with
  grid=(131,1,1)
  block=(256,1,1)
  shared memory=8192

Unreferencing block mem_19805 (allocated as mem_19805) in space 'device': 2 references remaining.
Allocating 266664 bytes for mem_19805 in space 'device' (currently allocated: 5340556 bytes).
Received block of 266664 bytes; now allocated: 5607220 bytes.

# Copy GPU to GPU
Shape: [33333]
Dst offset: 0
Dst strides: 1
Src offset: 0
Src strides: 1
## Flat copy

Event: copy_dev_to_dev

Unreferencing block mem_19807 (allocated as mem_19807) in space 'device': 2 references remaining.
Allocating 266664 bytes for mem_19807 in space 'device' (currently allocated: 5607220 bytes).
Received block of 266664 bytes; now allocated: 5873884 bytes.

# Copy GPU to GPU
Shape: [33333]
Dst offset: 0
Dst strides: 1
Src offset: 0
Src strides: 1
## Flat copy

Event: copy_dev_to_dev

Event: main.gpuseq_20361
Kernel main.gpuseq_20361 with
  grid=(1,1,1)
  block=(1,1,1)
  shared memory=0

Event: main.segmap_19142
Kernel main.segmap_19142 with
  grid=(131,1,1)
  block=(256,1,1)
  shared memory=0

Unreferencing block mem_19807 (allocated as mem_19807) in space 'device': 1 references remaining.
Unreferencing block mem_19805 (allocated as mem_19805) in space 'device': 1 references remaining.
Unreferencing block mem_param_tmp_20085 (allocated as mem_19807) in space 'device': 0 references remaining.
266664 bytes freed (now allocated: 5607220 bytes)
Unreferencing block mem_param_tmp_20086 (allocated as mem_19805) in space 'device': 0 references remaining.
266664 bytes freed (now allocated: 5340556 bytes)
Unreferencing block status_flags_mem_20096 (allocated as status_flags_mem_20096) in space 'device': 0 references remaining.
44 bytes freed (now allocated: 5340512 bytes)
Allocating 44 bytes for status_flags_mem_20096 in space 'device' (currently allocated: 5340512 bytes).
Received block of 44 bytes; now allocated: 5340556 bytes.
Event: builtin#replicate_i8.replicate_20103
Kernel builtin#replicate_i8.replicate_20103 with
  grid=(1,1,1)
  block=(256,1,1)
  shared memory=0

Unreferencing block aggregates_mem_20118 (allocated as aggregates_mem_20118) in space 'device': 0 references remaining.
352 bytes freed (now allocated: 5340204 bytes)
Allocating 352 bytes for aggregates_mem_20118 in space 'device' (currently allocated: 5340204 bytes).
Received block of 352 bytes; now allocated: 5340556 bytes.
Unreferencing block incprefixes_mem_20120 (allocated as incprefixes_mem_20120) in space 'device': 0 references remaining.
352 bytes freed (now allocated: 5340204 bytes)
Allocating 352 bytes for incprefixes_mem_20120 in space 'device' (currently allocated: 5340204 bytes).
Received block of 352 bytes; now allocated: 5340556 bytes.
Unreferencing block aggregates_mem_20122 (allocated as aggregates_mem_20122) in space 'device': 0 references remaining.
352 bytes freed (now allocated: 5340204 bytes)
Allocating 352 bytes for aggregates_mem_20122 in space 'device' (currently allocated: 5340204 bytes).
Received block of 352 bytes; now allocated: 5340556 bytes.
Unreferencing block incprefixes_mem_20124 (allocated as incprefixes_mem_20124) in space 'device': 0 references remaining.
352 bytes freed (now allocated: 5340204 bytes)
Allocating 352 bytes for incprefixes_mem_20124 in space 'device' (currently allocated: 5340204 bytes).
Received block of 352 bytes; now allocated: 5340556 bytes.
Unreferencing block aggregates_mem_20126 (allocated as aggregates_mem_20126) in space 'device': 0 references remaining.
352 bytes freed (now allocated: 5340204 bytes)
Allocating 352 bytes for aggregates_mem_20126 in space 'device' (currently allocated: 5340204 bytes).
Received block of 352 bytes; now allocated: 5340556 bytes.
Unreferencing block incprefixes_mem_20128 (allocated as incprefixes_mem_20128) in space 'device': 0 references remaining.
352 bytes freed (now allocated: 5340204 bytes)
Allocating 352 bytes for incprefixes_mem_20128 in space 'device' (currently allocated: 5340204 bytes).
Received block of 352 bytes; now allocated: 5340556 bytes.
Unreferencing block aggregates_mem_20130 (allocated as aggregates_mem_20130) in space 'device': 0 references remaining.
352 bytes freed (now allocated: 5340204 bytes)
Allocating 352 bytes for aggregates_mem_20130 in space 'device' (currently allocated: 5340204 bytes).
Received block of 352 bytes; now allocated: 5340556 bytes.
Unreferencing block incprefixes_mem_20132 (allocated as incprefixes_mem_20132) in space 'device': 0 references remaining.
352 bytes freed (now allocated: 5340204 bytes)
Allocating 352 bytes for incprefixes_mem_20132 in space 'device' (currently allocated: 5340204 bytes).
Received block of 352 bytes; now allocated: 5340556 bytes.
Event: main.segscan_19140
Kernel main.segscan_19140 with
  grid=(131,1,1)
  block=(256,1,1)
  shared memory=8192

Unreferencing block mem_19805 (allocated as mem_19805) in space 'device': 2 references remaining.
Allocating 266664 bytes for mem_19805 in space 'device' (currently allocated: 5340556 bytes).
Received block of 266664 bytes; now allocated: 5607220 bytes.

# Copy GPU to GPU
Shape: [33333]
Dst offset: 0
Dst strides: 1
Src offset: 0
Src strides: 1
## Flat copy

Event: copy_dev_to_dev

Unreferencing block mem_19807 (allocated as mem_19807) in space 'device': 2 references remaining.
Allocating 266664 bytes for mem_19807 in space 'device' (currently allocated: 5607220 bytes).
Received block of 266664 bytes; now allocated: 5873884 bytes.

# Copy GPU to GPU
Shape: [33333]
Dst offset: 0
Dst strides: 1
Src offset: 0
Src strides: 1
## Flat copy

Event: copy_dev_to_dev

Event: main.gpuseq_20361
Kernel main.gpuseq_20361 with
  grid=(1,1,1)
  block=(1,1,1)
  shared memory=0

Event: main.segmap_19142
Kernel main.segmap_19142 with
  grid=(131,1,1)
  block=(256,1,1)
  shared memory=0

Unreferencing block mem_19807 (allocated as mem_19807) in space 'device': 1 references remaining.
Unreferencing block mem_19805 (allocated as mem_19805) in space 'device': 1 references remaining.
Unreferencing block mem_param_tmp_20085 (allocated as mem_19807) in space 'device': 0 references remaining.
266664 bytes freed (now allocated: 5607220 bytes)
Unreferencing block mem_param_tmp_20086 (allocated as mem_19805) in space 'device': 0 references remaining.
266664 bytes freed (now allocated: 5340556 bytes)
Unreferencing block status_flags_mem_20096 (allocated as status_flags_mem_20096) in space 'device': 0 references remaining.
44 bytes freed (now allocated: 5340512 bytes)
Allocating 44 bytes for status_flags_mem_20096 in space 'device' (currently allocated: 5340512 bytes).
Received block of 44 bytes; now allocated: 5340556 bytes.
Event: builtin#replicate_i8.replicate_20103
Kernel builtin#replicate_i8.replicate_20103 with
  grid=(1,1,1)
  block=(256,1,1)
  shared memory=0

Unreferencing block aggregates_mem_20118 (allocated as aggregates_mem_20118) in space 'device': 0 references remaining.
352 bytes freed (now allocated: 5340204 bytes)
Allocating 352 bytes for aggregates_mem_20118 in space 'device' (currently allocated: 5340204 bytes).
Received block of 352 bytes; now allocated: 5340556 bytes.
Unreferencing block incprefixes_mem_20120 (allocated as incprefixes_mem_20120) in space 'device': 0 references remaining.
352 bytes freed (now allocated: 5340204 bytes)
Allocating 352 bytes for incprefixes_mem_20120 in space 'device' (currently allocated: 5340204 bytes).
Received block of 352 bytes; now allocated: 5340556 bytes.
Unreferencing block aggregates_mem_20122 (allocated as aggregates_mem_20122) in space 'device': 0 references remaining.
352 bytes freed (now allocated: 5340204 bytes)
Allocating 352 bytes for aggregates_mem_20122 in space 'device' (currently allocated: 5340204 bytes).
Received block of 352 bytes; now allocated: 5340556 bytes.
Unreferencing block incprefixes_mem_20124 (allocated as incprefixes_mem_20124) in space 'device': 0 references remaining.
352 bytes freed (now allocated: 5340204 bytes)
Allocating 352 bytes for incprefixes_mem_20124 in space 'device' (currently allocated: 5340204 bytes).
Received block of 352 bytes; now allocated: 5340556 bytes.
Unreferencing block aggregates_mem_20126 (allocated as aggregates_mem_20126) in space 'device': 0 references remaining.
352 bytes freed (now allocated: 5340204 bytes)
Allocating 352 bytes for aggregates_mem_20126 in space 'device' (currently allocated: 5340204 bytes).
Received block of 352 bytes; now allocated: 5340556 bytes.
Unreferencing block incprefixes_mem_20128 (allocated as incprefixes_mem_20128) in space 'device': 0 references remaining.
352 bytes freed (now allocated: 5340204 bytes)
Allocating 352 bytes for incprefixes_mem_20128 in space 'device' (currently allocated: 5340204 bytes).
Received block of 352 bytes; now allocated: 5340556 bytes.
Unreferencing block aggregates_mem_20130 (allocated as aggregates_mem_20130) in space 'device': 0 references remaining.
352 bytes freed (now allocated: 5340204 bytes)
Allocating 352 bytes for aggregates_mem_20130 in space 'device' (currently allocated: 5340204 bytes).
Received block of 352 bytes; now allocated: 5340556 bytes.
Unreferencing block incprefixes_mem_20132 (allocated as incprefixes_mem_20132) in space 'device': 0 references remaining.
352 bytes freed (now allocated: 5340204 bytes)
Allocating 352 bytes for incprefixes_mem_20132 in space 'device' (currently allocated: 5340204 bytes).
Received block of 352 bytes; now allocated: 5340556 bytes.
Event: main.segscan_19140
Kernel main.segscan_19140 with
  grid=(131,1,1)
  block=(256,1,1)
  shared memory=8192

Unreferencing block mem_19805 (allocated as mem_19805) in space 'device': 2 references remaining.
Allocating 266664 bytes for mem_19805 in space 'device' (currently allocated: 5340556 bytes).
Received block of 266664 bytes; now allocated: 5607220 bytes.

# Copy GPU to GPU
Shape: [33333]
Dst offset: 0
Dst strides: 1
Src offset: 0
Src strides: 1
## Flat copy

Event: copy_dev_to_dev

Unreferencing block mem_19807 (allocated as mem_19807) in space 'device': 2 references remaining.
Allocating 266664 bytes for mem_19807 in space 'device' (currently allocated: 5607220 bytes).
Received block of 266664 bytes; now allocated: 5873884 bytes.

# Copy GPU to GPU
Shape: [33333]
Dst offset: 0
Dst strides: 1
Src offset: 0
Src strides: 1
## Flat copy

Event: copy_dev_to_dev

Event: main.gpuseq_20361
Kernel main.gpuseq_20361 with
  grid=(1,1,1)
  block=(1,1,1)
  shared memory=0

Event: main.segmap_19142
Kernel main.segmap_19142 with
  grid=(131,1,1)
  block=(256,1,1)
  shared memory=0

Unreferencing block mem_19807 (allocated as mem_19807) in space 'device': 1 references remaining.
Unreferencing block mem_19805 (allocated as mem_19805) in space 'device': 1 references remaining.
Unreferencing block mem_param_tmp_20085 (allocated as mem_19807) in space 'device': 0 references remaining.
266664 bytes freed (now allocated: 5607220 bytes)
Unreferencing block mem_param_tmp_20086 (allocated as mem_19805) in space 'device': 0 references remaining.
266664 bytes freed (now allocated: 5340556 bytes)
Unreferencing block status_flags_mem_20096 (allocated as status_flags_mem_20096) in space 'device': 0 references remaining.
44 bytes freed (now allocated: 5340512 bytes)
Allocating 44 bytes for status_flags_mem_20096 in space 'device' (currently allocated: 5340512 bytes).
Received block of 44 bytes; now allocated: 5340556 bytes.
Event: builtin#replicate_i8.replicate_20103
Kernel builtin#replicate_i8.replicate_20103 with
  grid=(1,1,1)
  block=(256,1,1)
  shared memory=0

Unreferencing block aggregates_mem_20118 (allocated as aggregates_mem_20118) in space 'device': 0 references remaining.
352 bytes freed (now allocated: 5340204 bytes)
Allocating 352 bytes for aggregates_mem_20118 in space 'device' (currently allocated: 5340204 bytes).
Received block of 352 bytes; now allocated: 5340556 bytes.
Unreferencing block incprefixes_mem_20120 (allocated as incprefixes_mem_20120) in space 'device': 0 references remaining.
352 bytes freed (now allocated: 5340204 bytes)
Allocating 352 bytes for incprefixes_mem_20120 in space 'device' (currently allocated: 5340204 bytes).
Received block of 352 bytes; now allocated: 5340556 bytes.
Unreferencing block aggregates_mem_20122 (allocated as aggregates_mem_20122) in space 'device': 0 references remaining.
352 bytes freed (now allocated: 5340204 bytes)
Allocating 352 bytes for aggregates_mem_20122 in space 'device' (currently allocated: 5340204 bytes).
Received block of 352 bytes; now allocated: 5340556 bytes.
Unreferencing block incprefixes_mem_20124 (allocated as incprefixes_mem_20124) in space 'device': 0 references remaining.
352 bytes freed (now allocated: 5340204 bytes)
Allocating 352 bytes for incprefixes_mem_20124 in space 'device' (currently allocated: 5340204 bytes).
Received block of 352 bytes; now allocated: 5340556 bytes.
Unreferencing block aggregates_mem_20126 (allocated as aggregates_mem_20126) in space 'device': 0 references remaining.
352 bytes freed (now allocated: 5340204 bytes)
Allocating 352 bytes for aggregates_mem_20126 in space 'device' (currently allocated: 5340204 bytes).
Received block of 352 bytes; now allocated: 5340556 bytes.
Unreferencing block incprefixes_mem_20128 (allocated as incprefixes_mem_20128) in space 'device': 0 references remaining.
352 bytes freed (now allocated: 5340204 bytes)
Allocating 352 bytes for incprefixes_mem_20128 in space 'device' (currently allocated: 5340204 bytes).
Received block of 352 bytes; now allocated: 5340556 bytes.
Unreferencing block aggregates_mem_20130 (allocated as aggregates_mem_20130) in space 'device': 0 references remaining.
352 bytes freed (now allocated: 5340204 bytes)
Allocating 352 bytes for aggregates_mem_20130 in space 'device' (currently allocated: 5340204 bytes).
Received block of 352 bytes; now allocated: 5340556 bytes.
Unreferencing block incprefixes_mem_20132 (allocated as incprefixes_mem_20132) in space 'device': 0 references remaining.
352 bytes freed (now allocated: 5340204 bytes)
Allocating 352 bytes for incprefixes_mem_20132 in space 'device' (currently allocated: 5340204 bytes).
Received block of 352 bytes; now allocated: 5340556 bytes.
Event: main.segscan_19140
Kernel main.segscan_19140 with
  grid=(131,1,1)
  block=(256,1,1)
  shared memory=8192

Unreferencing block mem_19805 (allocated as mem_19805) in space 'device': 2 references remaining.
Allocating 266664 bytes for mem_19805 in space 'device' (currently allocated: 5340556 bytes).
Received block of 266664 bytes; now allocated: 5607220 bytes.

# Copy GPU to GPU
Shape: [33333]
Dst offset: 0
Dst strides: 1
Src offset: 0
Src strides: 1
## Flat copy

Event: copy_dev_to_dev

Unreferencing block mem_19807 (allocated as mem_19807) in space 'device': 2 references remaining.
Allocating 266664 bytes for mem_19807 in space 'device' (currently allocated: 5607220 bytes).
Received block of 266664 bytes; now allocated: 5873884 bytes.

# Copy GPU to GPU
Shape: [33333]
Dst offset: 0
Dst strides: 1
Src offset: 0
Src strides: 1
## Flat copy

Event: copy_dev_to_dev

Event: main.gpuseq_20361
Kernel main.gpuseq_20361 with
  grid=(1,1,1)
  block=(1,1,1)
  shared memory=0

Event: main.segmap_19142
Kernel main.segmap_19142 with
  grid=(131,1,1)
  block=(256,1,1)
  shared memory=0

Unreferencing block mem_19807 (allocated as mem_19807) in space 'device': 1 references remaining.
Unreferencing block mem_19805 (allocated as mem_19805) in space 'device': 1 references remaining.
Unreferencing block mem_param_tmp_20085 (allocated as mem_19807) in space 'device': 0 references remaining.
266664 bytes freed (now allocated: 5607220 bytes)
Unreferencing block mem_param_tmp_20086 (allocated as mem_19805) in space 'device': 0 references remaining.
266664 bytes freed (now allocated: 5340556 bytes)
Unreferencing block status_flags_mem_20096 (allocated as status_flags_mem_20096) in space 'device': 0 references remaining.
44 bytes freed (now allocated: 5340512 bytes)
Allocating 44 bytes for status_flags_mem_20096 in space 'device' (currently allocated: 5340512 bytes).
Received block of 44 bytes; now allocated: 5340556 bytes.
Event: builtin#replicate_i8.replicate_20103
Kernel builtin#replicate_i8.replicate_20103 with
  grid=(1,1,1)
  block=(256,1,1)
  shared memory=0

Unreferencing block aggregates_mem_20118 (allocated as aggregates_mem_20118) in space 'device': 0 references remaining.
352 bytes freed (now allocated: 5340204 bytes)
Allocating 352 bytes for aggregates_mem_20118 in space 'device' (currently allocated: 5340204 bytes).
Received block of 352 bytes; now allocated: 5340556 bytes.
Unreferencing block incprefixes_mem_20120 (allocated as incprefixes_mem_20120) in space 'device': 0 references remaining.
352 bytes freed (now allocated: 5340204 bytes)
Allocating 352 bytes for incprefixes_mem_20120 in space 'device' (currently allocated: 5340204 bytes).
Received block of 352 bytes; now allocated: 5340556 bytes.
Unreferencing block aggregates_mem_20122 (allocated as aggregates_mem_20122) in space 'device': 0 references remaining.
352 bytes freed (now allocated: 5340204 bytes)
Allocating 352 bytes for aggregates_mem_20122 in space 'device' (currently allocated: 5340204 bytes).
Received block of 352 bytes; now allocated: 5340556 bytes.
Unreferencing block incprefixes_mem_20124 (allocated as incprefixes_mem_20124) in space 'device': 0 references remaining.
352 bytes freed (now allocated: 5340204 bytes)
Allocating 352 bytes for incprefixes_mem_20124 in space 'device' (currently allocated: 5340204 bytes).
Received block of 352 bytes; now allocated: 5340556 bytes.
Unreferencing block aggregates_mem_20126 (allocated as aggregates_mem_20126) in space 'device': 0 references remaining.
352 bytes freed (now allocated: 5340204 bytes)
Allocating 352 bytes for aggregates_mem_20126 in space 'device' (currently allocated: 5340204 bytes).
Received block of 352 bytes; now allocated: 5340556 bytes.
Unreferencing block incprefixes_mem_20128 (allocated as incprefixes_mem_20128) in space 'device': 0 references remaining.
352 bytes freed (now allocated: 5340204 bytes)
Allocating 352 bytes for incprefixes_mem_20128 in space 'device' (currently allocated: 5340204 bytes).
Received block of 352 bytes; now allocated: 5340556 bytes.
Unreferencing block aggregates_mem_20130 (allocated as aggregates_mem_20130) in space 'device': 0 references remaining.
352 bytes freed (now allocated: 5340204 bytes)
Allocating 352 bytes for aggregates_mem_20130 in space 'device' (currently allocated: 5340204 bytes).
Received block of 352 bytes; now allocated: 5340556 bytes.
Unreferencing block incprefixes_mem_20132 (allocated as incprefixes_mem_20132) in space 'device': 0 references remaining.
352 bytes freed (now allocated: 5340204 bytes)
Allocating 352 bytes for incprefixes_mem_20132 in space 'device' (currently allocated: 5340204 bytes).
Received block of 352 bytes; now allocated: 5340556 bytes.
Event: main.segscan_19140
Kernel main.segscan_19140 with
  grid=(131,1,1)
  block=(256,1,1)
  shared memory=8192

Unreferencing block mem_19805 (allocated as mem_19805) in space 'device': 2 references remaining.
Allocating 266664 bytes for mem_19805 in space 'device' (currently allocated: 5340556 bytes).
Received block of 266664 bytes; now allocated: 5607220 bytes.

# Copy GPU to GPU
Shape: [33333]
Dst offset: 0
Dst strides: 1
Src offset: 0
Src strides: 1
## Flat copy

Event: copy_dev_to_dev

Unreferencing block mem_19807 (allocated as mem_19807) in space 'device': 2 references remaining.
Allocating 266664 bytes for mem_19807 in space 'device' (currently allocated: 5607220 bytes).
Received block of 266664 bytes; now allocated: 5873884 bytes.

# Copy GPU to GPU
Shape: [33333]
Dst offset: 0
Dst strides: 1
Src offset: 0
Src strides: 1
## Flat copy

Event: copy_dev_to_dev

Event: main.gpuseq_20361
Kernel main.gpuseq_20361 with
  grid=(1,1,1)
  block=(1,1,1)
  shared memory=0

Event: main.segmap_19142
Kernel main.segmap_19142 with
  grid=(131,1,1)
  block=(256,1,1)
  shared memory=0

Unreferencing block mem_19807 (allocated as mem_19807) in space 'device': 1 references remaining.
Unreferencing block mem_19805 (allocated as mem_19805) in space 'device': 1 references remaining.
Unreferencing block mem_param_tmp_20085 (allocated as mem_19807) in space 'device': 0 references remaining.
266664 bytes freed (now allocated: 5607220 bytes)
Unreferencing block mem_param_tmp_20086 (allocated as mem_19805) in space 'device': 0 references remaining.
266664 bytes freed (now allocated: 5340556 bytes)
Unreferencing block status_flags_mem_20096 (allocated as status_flags_mem_20096) in space 'device': 0 references remaining.
44 bytes freed (now allocated: 5340512 bytes)
Allocating 44 bytes for status_flags_mem_20096 in space 'device' (currently allocated: 5340512 bytes).
Received block of 44 bytes; now allocated: 5340556 bytes.
Event: builtin#replicate_i8.replicate_20103
Kernel builtin#replicate_i8.replicate_20103 with
  grid=(1,1,1)
  block=(256,1,1)
  shared memory=0

Unreferencing block aggregates_mem_20118 (allocated as aggregates_mem_20118) in space 'device': 0 references remaining.
352 bytes freed (now allocated: 5340204 bytes)
Allocating 352 bytes for aggregates_mem_20118 in space 'device' (currently allocated: 5340204 bytes).
Received block of 352 bytes; now allocated: 5340556 bytes.
Unreferencing block incprefixes_mem_20120 (allocated as incprefixes_mem_20120) in space 'device': 0 references remaining.
352 bytes freed (now allocated: 5340204 bytes)
Allocating 352 bytes for incprefixes_mem_20120 in space 'device' (currently allocated: 5340204 bytes).
Received block of 352 bytes; now allocated: 5340556 bytes.
Unreferencing block aggregates_mem_20122 (allocated as aggregates_mem_20122) in space 'device': 0 references remaining.
352 bytes freed (now allocated: 5340204 bytes)
Allocating 352 bytes for aggregates_mem_20122 in space 'device' (currently allocated: 5340204 bytes).
Received block of 352 bytes; now allocated: 5340556 bytes.
Unreferencing block incprefixes_mem_20124 (allocated as incprefixes_mem_20124) in space 'device': 0 references remaining.
352 bytes freed (now allocated: 5340204 bytes)
Allocating 352 bytes for incprefixes_mem_20124 in space 'device' (currently allocated: 5340204 bytes).
Received block of 352 bytes; now allocated: 5340556 bytes.
Unreferencing block aggregates_mem_20126 (allocated as aggregates_mem_20126) in space 'device': 0 references remaining.
352 bytes freed (now allocated: 5340204 bytes)
Allocating 352 bytes for aggregates_mem_20126 in space 'device' (currently allocated: 5340204 bytes).
Received block of 352 bytes; now allocated: 5340556 bytes.
Unreferencing block incprefixes_mem_20128 (allocated as incprefixes_mem_20128) in space 'device': 0 references remaining.
352 bytes freed (now allocated: 5340204 bytes)
Allocating 352 bytes for incprefixes_mem_20128 in space 'device' (currently allocated: 5340204 bytes).
Received block of 352 bytes; now allocated: 5340556 bytes.
Unreferencing block aggregates_mem_20130 (allocated as aggregates_mem_20130) in space 'device': 0 references remaining.
352 bytes freed (now allocated: 5340204 bytes)
Allocating 352 bytes for aggregates_mem_20130 in space 'device' (currently allocated: 5340204 bytes).
Received block of 352 bytes; now allocated: 5340556 bytes.
Unreferencing block incprefixes_mem_20132 (allocated as incprefixes_mem_20132) in space 'device': 0 references remaining.
352 bytes freed (now allocated: 5340204 bytes)
Allocating 352 bytes for incprefixes_mem_20132 in space 'device' (currently allocated: 5340204 bytes).
Received block of 352 bytes; now allocated: 5340556 bytes.
Event: main.segscan_19140
Kernel main.segscan_19140 with
  grid=(131,1,1)
  block=(256,1,1)
  shared memory=8192

Unreferencing block mem_19805 (allocated as mem_19805) in space 'device': 2 references remaining.
Allocating 266664 bytes for mem_19805 in space 'device' (currently allocated: 5340556 bytes).
Received block of 266664 bytes; now allocated: 5607220 bytes.

# Copy GPU to GPU
Shape: [33333]
Dst offset: 0
Dst strides: 1
Src offset: 0
Src strides: 1
## Flat copy

Event: copy_dev_to_dev

Unreferencing block mem_19807 (allocated as mem_19807) in space 'device': 2 references remaining.
Allocating 266664 bytes for mem_19807 in space 'device' (currently allocated: 5607220 bytes).
Received block of 266664 bytes; now allocated: 5873884 bytes.

# Copy GPU to GPU
Shape: [33333]
Dst offset: 0
Dst strides: 1
Src offset: 0
Src strides: 1
## Flat copy

Event: copy_dev_to_dev

Event: main.gpuseq_20361
Kernel main.gpuseq_20361 with
  grid=(1,1,1)
  block=(1,1,1)
  shared memory=0

Event: main.segmap_19142
Kernel main.segmap_19142 with
  grid=(131,1,1)
  block=(256,1,1)
  shared memory=0

Unreferencing block mem_19807 (allocated as mem_19807) in space 'device': 1 references remaining.
Unreferencing block mem_19805 (allocated as mem_19805) in space 'device': 1 references remaining.
Unreferencing block mem_param_tmp_20085 (allocated as mem_19807) in space 'device': 0 references remaining.
266664 bytes freed (now allocated: 5607220 bytes)
Unreferencing block mem_param_tmp_20086 (allocated as mem_19805) in space 'device': 0 references remaining.
266664 bytes freed (now allocated: 5340556 bytes)
Unreferencing block status_flags_mem_20096 (allocated as status_flags_mem_20096) in space 'device': 0 references remaining.
44 bytes freed (now allocated: 5340512 bytes)
Allocating 44 bytes for status_flags_mem_20096 in space 'device' (currently allocated: 5340512 bytes).
Received block of 44 bytes; now allocated: 5340556 bytes.
Event: builtin#replicate_i8.replicate_20103
Kernel builtin#replicate_i8.replicate_20103 with
  grid=(1,1,1)
  block=(256,1,1)
  shared memory=0

Unreferencing block aggregates_mem_20118 (allocated as aggregates_mem_20118) in space 'device': 0 references remaining.
352 bytes freed (now allocated: 5340204 bytes)
Allocating 352 bytes for aggregates_mem_20118 in space 'device' (currently allocated: 5340204 bytes).
Received block of 352 bytes; now allocated: 5340556 bytes.
Unreferencing block incprefixes_mem_20120 (allocated as incprefixes_mem_20120) in space 'device': 0 references remaining.
352 bytes freed (now allocated: 5340204 bytes)
Allocating 352 bytes for incprefixes_mem_20120 in space 'device' (currently allocated: 5340204 bytes).
Received block of 352 bytes; now allocated: 5340556 bytes.
Unreferencing block aggregates_mem_20122 (allocated as aggregates_mem_20122) in space 'device': 0 references remaining.
352 bytes freed (now allocated: 5340204 bytes)
Allocating 352 bytes for aggregates_mem_20122 in space 'device' (currently allocated: 5340204 bytes).
Received block of 352 bytes; now allocated: 5340556 bytes.
Unreferencing block incprefixes_mem_20124 (allocated as incprefixes_mem_20124) in space 'device': 0 references remaining.
352 bytes freed (now allocated: 5340204 bytes)
Allocating 352 bytes for incprefixes_mem_20124 in space 'device' (currently allocated: 5340204 bytes).
Received block of 352 bytes; now allocated: 5340556 bytes.
Unreferencing block aggregates_mem_20126 (allocated as aggregates_mem_20126) in space 'device': 0 references remaining.
352 bytes freed (now allocated: 5340204 bytes)
Allocating 352 bytes for aggregates_mem_20126 in space 'device' (currently allocated: 5340204 bytes).
Received block of 352 bytes; now allocated: 5340556 bytes.
Unreferencing block incprefixes_mem_20128 (allocated as incprefixes_mem_20128) in space 'device': 0 references remaining.
352 bytes freed (now allocated: 5340204 bytes)
Allocating 352 bytes for incprefixes_mem_20128 in space 'device' (currently allocated: 5340204 bytes).
Received block of 352 bytes; now allocated: 5340556 bytes.
Unreferencing block aggregates_mem_20130 (allocated as aggregates_mem_20130) in space 'device': 0 references remaining.
352 bytes freed (now allocated: 5340204 bytes)
Allocating 352 bytes for aggregates_mem_20130 in space 'device' (currently allocated: 5340204 bytes).
Received block of 352 bytes; now allocated: 5340556 bytes.
Unreferencing block incprefixes_mem_20132 (allocated as incprefixes_mem_20132) in space 'device': 0 references remaining.
352 bytes freed (now allocated: 5340204 bytes)
Allocating 352 bytes for incprefixes_mem_20132 in space 'device' (currently allocated: 5340204 bytes).
Received block of 352 bytes; now allocated: 5340556 bytes.
Event: main.segscan_19140
Kernel main.segscan_19140 with
  grid=(131,1,1)
  block=(256,1,1)
  shared memory=8192

Unreferencing block mem_19805 (allocated as mem_19805) in space 'device': 2 references remaining.
Allocating 266664 bytes for mem_19805 in space 'device' (currently allocated: 5340556 bytes).
Received block of 266664 bytes; now allocated: 5607220 bytes.

# Copy GPU to GPU
Shape: [33333]
Dst offset: 0
Dst strides: 1
Src offset: 0
Src strides: 1
## Flat copy

Event: copy_dev_to_dev

Unreferencing block mem_19807 (allocated as mem_19807) in space 'device': 2 references remaining.
Allocating 266664 bytes for mem_19807 in space 'device' (currently allocated: 5607220 bytes).
Received block of 266664 bytes; now allocated: 5873884 bytes.

# Copy GPU to GPU
Shape: [33333]
Dst offset: 0
Dst strides: 1
Src offset: 0
Src strides: 1
## Flat copy

Event: copy_dev_to_dev

Event: main.gpuseq_20361
Kernel main.gpuseq_20361 with
  grid=(1,1,1)
  block=(1,1,1)
  shared memory=0

Event: main.segmap_19142
Kernel main.segmap_19142 with
  grid=(131,1,1)
  block=(256,1,1)
  shared memory=0

Unreferencing block mem_19807 (allocated as mem_19807) in space 'device': 1 references remaining.
Unreferencing block mem_19805 (allocated as mem_19805) in space 'device': 1 references remaining.
Unreferencing block mem_param_tmp_20085 (allocated as mem_19807) in space 'device': 0 references remaining.
266664 bytes freed (now allocated: 5607220 bytes)
Unreferencing block mem_param_tmp_20086 (allocated as mem_19805) in space 'device': 0 references remaining.
266664 bytes freed (now allocated: 5340556 bytes)
Unreferencing block status_flags_mem_20096 (allocated as status_flags_mem_20096) in space 'device': 0 references remaining.
44 bytes freed (now allocated: 5340512 bytes)
Allocating 44 bytes for status_flags_mem_20096 in space 'device' (currently allocated: 5340512 bytes).
Received block of 44 bytes; now allocated: 5340556 bytes.
Event: builtin#replicate_i8.replicate_20103
Kernel builtin#replicate_i8.replicate_20103 with
  grid=(1,1,1)
  block=(256,1,1)
  shared memory=0

Unreferencing block aggregates_mem_20118 (allocated as aggregates_mem_20118) in space 'device': 0 references remaining.
352 bytes freed (now allocated: 5340204 bytes)
Allocating 352 bytes for aggregates_mem_20118 in space 'device' (currently allocated: 5340204 bytes).
Received block of 352 bytes; now allocated: 5340556 bytes.
Unreferencing block incprefixes_mem_20120 (allocated as incprefixes_mem_20120) in space 'device': 0 references remaining.
352 bytes freed (now allocated: 5340204 bytes)
Allocating 352 bytes for incprefixes_mem_20120 in space 'device' (currently allocated: 5340204 bytes).
Received block of 352 bytes; now allocated: 5340556 bytes.
Unreferencing block aggregates_mem_20122 (allocated as aggregates_mem_20122) in space 'device': 0 references remaining.
352 bytes freed (now allocated: 5340204 bytes)
Allocating 352 bytes for aggregates_mem_20122 in space 'device' (currently allocated: 5340204 bytes).
Received block of 352 bytes; now allocated: 5340556 bytes.
Unreferencing block incprefixes_mem_20124 (allocated as incprefixes_mem_20124) in space 'device': 0 references remaining.
352 bytes freed (now allocated: 5340204 bytes)
Allocating 352 bytes for incprefixes_mem_20124 in space 'device' (currently allocated: 5340204 bytes).
Received block of 352 bytes; now allocated: 5340556 bytes.
Unreferencing block aggregates_mem_20126 (allocated as aggregates_mem_20126) in space 'device': 0 references remaining.
352 bytes freed (now allocated: 5340204 bytes)
Allocating 352 bytes for aggregates_mem_20126 in space 'device' (currently allocated: 5340204 bytes).
Received block of 352 bytes; now allocated: 5340556 bytes.
Unreferencing block incprefixes_mem_20128 (allocated as incprefixes_mem_20128) in space 'device': 0 references remaining.
352 bytes freed (now allocated: 5340204 bytes)
Allocating 352 bytes for incprefixes_mem_20128 in space 'device' (currently allocated: 5340204 bytes).
Received block of 352 bytes; now allocated: 5340556 bytes.
Unreferencing block aggregates_mem_20130 (allocated as aggregates_mem_20130) in space 'device': 0 references remaining.
352 bytes freed (now allocated: 5340204 bytes)
Allocating 352 bytes for aggregates_mem_20130 in space 'device' (currently allocated: 5340204 bytes).
Received block of 352 bytes; now allocated: 5340556 bytes.
Unreferencing block incprefixes_mem_20132 (allocated as incprefixes_mem_20132) in space 'device': 0 references remaining.
352 bytes freed (now allocated: 5340204 bytes)
Allocating 352 bytes for incprefixes_mem_20132 in space 'device' (currently allocated: 5340204 bytes).
Received block of 352 bytes; now allocated: 5340556 bytes.
Event: main.segscan_19140
Kernel main.segscan_19140 with
  grid=(131,1,1)
  block=(256,1,1)
  shared memory=8192

Unreferencing block mem_19805 (allocated as mem_19805) in space 'device': 2 references remaining.
Allocating 266664 bytes for mem_19805 in space 'device' (currently allocated: 5340556 bytes).
Received block of 266664 bytes; now allocated: 5607220 bytes.

# Copy GPU to GPU
Shape: [33333]
Dst offset: 0
Dst strides: 1
Src offset: 0
Src strides: 1
## Flat copy

Event: copy_dev_to_dev

Unreferencing block mem_19807 (allocated as mem_19807) in space 'device': 2 references remaining.
Allocating 266664 bytes for mem_19807 in space 'device' (currently allocated: 5607220 bytes).
Received block of 266664 bytes; now allocated: 5873884 bytes.

# Copy GPU to GPU
Shape: [33333]
Dst offset: 0
Dst strides: 1
Src offset: 0
Src strides: 1
## Flat copy

Event: copy_dev_to_dev

Event: main.gpuseq_20361
Kernel main.gpuseq_20361 with
  grid=(1,1,1)
  block=(1,1,1)
  shared memory=0

Event: main.segmap_19142
Kernel main.segmap_19142 with
  grid=(131,1,1)
  block=(256,1,1)
  shared memory=0

Unreferencing block mem_19807 (allocated as mem_19807) in space 'device': 1 references remaining.
Unreferencing block mem_19805 (allocated as mem_19805) in space 'device': 1 references remaining.
Unreferencing block mem_param_tmp_20085 (allocated as mem_19807) in space 'device': 0 references remaining.
266664 bytes freed (now allocated: 5607220 bytes)
Unreferencing block mem_param_tmp_20086 (allocated as mem_19805) in space 'device': 0 references remaining.
266664 bytes freed (now allocated: 5340556 bytes)
Unreferencing block status_flags_mem_20096 (allocated as status_flags_mem_20096) in space 'device': 0 references remaining.
44 bytes freed (now allocated: 5340512 bytes)
Allocating 44 bytes for status_flags_mem_20096 in space 'device' (currently allocated: 5340512 bytes).
Received block of 44 bytes; now allocated: 5340556 bytes.
Event: builtin#replicate_i8.replicate_20103
Kernel builtin#replicate_i8.replicate_20103 with
  grid=(1,1,1)
  block=(256,1,1)
  shared memory=0

Unreferencing block aggregates_mem_20118 (allocated as aggregates_mem_20118) in space 'device': 0 references remaining.
352 bytes freed (now allocated: 5340204 bytes)
Allocating 352 bytes for aggregates_mem_20118 in space 'device' (currently allocated: 5340204 bytes).
Received block of 352 bytes; now allocated: 5340556 bytes.
Unreferencing block incprefixes_mem_20120 (allocated as incprefixes_mem_20120) in space 'device': 0 references remaining.
352 bytes freed (now allocated: 5340204 bytes)
Allocating 352 bytes for incprefixes_mem_20120 in space 'device' (currently allocated: 5340204 bytes).
Received block of 352 bytes; now allocated: 5340556 bytes.
Unreferencing block aggregates_mem_20122 (allocated as aggregates_mem_20122) in space 'device': 0 references remaining.
352 bytes freed (now allocated: 5340204 bytes)
Allocating 352 bytes for aggregates_mem_20122 in space 'device' (currently allocated: 5340204 bytes).
Received block of 352 bytes; now allocated: 5340556 bytes.
Unreferencing block incprefixes_mem_20124 (allocated as incprefixes_mem_20124) in space 'device': 0 references remaining.
352 bytes freed (now allocated: 5340204 bytes)
Allocating 352 bytes for incprefixes_mem_20124 in space 'device' (currently allocated: 5340204 bytes).
Received block of 352 bytes; now allocated: 5340556 bytes.
Unreferencing block aggregates_mem_20126 (allocated as aggregates_mem_20126) in space 'device': 0 references remaining.
352 bytes freed (now allocated: 5340204 bytes)
Allocating 352 bytes for aggregates_mem_20126 in space 'device' (currently allocated: 5340204 bytes).
Received block of 352 bytes; now allocated: 5340556 bytes.
Unreferencing block incprefixes_mem_20128 (allocated as incprefixes_mem_20128) in space 'device': 0 references remaining.
352 bytes freed (now allocated: 5340204 bytes)
Allocating 352 bytes for incprefixes_mem_20128 in space 'device' (currently allocated: 5340204 bytes).
Received block of 352 bytes; now allocated: 5340556 bytes.
Unreferencing block aggregates_mem_20130 (allocated as aggregates_mem_20130) in space 'device': 0 references remaining.
352 bytes freed (now allocated: 5340204 bytes)
Allocating 352 bytes for aggregates_mem_20130 in space 'device' (currently allocated: 5340204 bytes).
Received block of 352 bytes; now allocated: 5340556 bytes.
Unreferencing block incprefixes_mem_20132 (allocated as incprefixes_mem_20132) in space 'device': 0 references remaining.
352 bytes freed (now allocated: 5340204 bytes)
Allocating 352 bytes for incprefixes_mem_20132 in space 'device' (currently allocated: 5340204 bytes).
Received block of 352 bytes; now allocated: 5340556 bytes.
Event: main.segscan_19140
Kernel main.segscan_19140 with
  grid=(131,1,1)
  block=(256,1,1)
  shared memory=8192

Unreferencing block mem_19805 (allocated as mem_19805) in space 'device': 2 references remaining.
Allocating 266664 bytes for mem_19805 in space 'device' (currently allocated: 5340556 bytes).
Received block of 266664 bytes; now allocated: 5607220 bytes.

# Copy GPU to GPU
Shape: [33333]
Dst offset: 0
Dst strides: 1
Src offset: 0
Src strides: 1
## Flat copy

Event: copy_dev_to_dev

Unreferencing block mem_19807 (allocated as mem_19807) in space 'device': 2 references remaining.
Allocating 266664 bytes for mem_19807 in space 'device' (currently allocated: 5607220 bytes).
Received block of 266664 bytes; now allocated: 5873884 bytes.

# Copy GPU to GPU
Shape: [33333]
Dst offset: 0
Dst strides: 1
Src offset: 0
Src strides: 1
## Flat copy

Event: copy_dev_to_dev

Event: main.gpuseq_20361
Kernel main.gpuseq_20361 with
  grid=(1,1,1)
  block=(1,1,1)
  shared memory=0

Event: main.segmap_19142
Kernel main.segmap_19142 with
  grid=(131,1,1)
  block=(256,1,1)
  shared memory=0

Unreferencing block mem_19807 (allocated as mem_19807) in space 'device': 1 references remaining.
Unreferencing block mem_19805 (allocated as mem_19805) in space 'device': 1 references remaining.
Unreferencing block mem_param_tmp_20085 (allocated as mem_19807) in space 'device': 0 references remaining.
266664 bytes freed (now allocated: 5607220 bytes)
Unreferencing block mem_param_tmp_20086 (allocated as mem_19805) in space 'device': 0 references remaining.
266664 bytes freed (now allocated: 5340556 bytes)
Unreferencing block status_flags_mem_20096 (allocated as status_flags_mem_20096) in space 'device': 0 references remaining.
44 bytes freed (now allocated: 5340512 bytes)
Allocating 44 bytes for status_flags_mem_20096 in space 'device' (currently allocated: 5340512 bytes).
Received block of 44 bytes; now allocated: 5340556 bytes.
Event: builtin#replicate_i8.replicate_20103
Kernel builtin#replicate_i8.replicate_20103 with
  grid=(1,1,1)
  block=(256,1,1)
  shared memory=0

Unreferencing block aggregates_mem_20118 (allocated as aggregates_mem_20118) in space 'device': 0 references remaining.
352 bytes freed (now allocated: 5340204 bytes)
Allocating 352 bytes for aggregates_mem_20118 in space 'device' (currently allocated: 5340204 bytes).
Received block of 352 bytes; now allocated: 5340556 bytes.
Unreferencing block incprefixes_mem_20120 (allocated as incprefixes_mem_20120) in space 'device': 0 references remaining.
352 bytes freed (now allocated: 5340204 bytes)
Allocating 352 bytes for incprefixes_mem_20120 in space 'device' (currently allocated: 5340204 bytes).
Received block of 352 bytes; now allocated: 5340556 bytes.
Unreferencing block aggregates_mem_20122 (allocated as aggregates_mem_20122) in space 'device': 0 references remaining.
352 bytes freed (now allocated: 5340204 bytes)
Allocating 352 bytes for aggregates_mem_20122 in space 'device' (currently allocated: 5340204 bytes).
Received block of 352 bytes; now allocated: 5340556 bytes.
Unreferencing block incprefixes_mem_20124 (allocated as incprefixes_mem_20124) in space 'device': 0 references remaining.
352 bytes freed (now allocated: 5340204 bytes)
Allocating 352 bytes for incprefixes_mem_20124 in space 'device' (currently allocated: 5340204 bytes).
Received block of 352 bytes; now allocated: 5340556 bytes.
Unreferencing block aggregates_mem_20126 (allocated as aggregates_mem_20126) in space 'device': 0 references remaining.
352 bytes freed (now allocated: 5340204 bytes)
Allocating 352 bytes for aggregates_mem_20126 in space 'device' (currently allocated: 5340204 bytes).
Received block of 352 bytes; now allocated: 5340556 bytes.
Unreferencing block incprefixes_mem_20128 (allocated as incprefixes_mem_20128) in space 'device': 0 references remaining.
352 bytes freed (now allocated: 5340204 bytes)
Allocating 352 bytes for incprefixes_mem_20128 in space 'device' (currently allocated: 5340204 bytes).
Received block of 352 bytes; now allocated: 5340556 bytes.
Unreferencing block aggregates_mem_20130 (allocated as aggregates_mem_20130) in space 'device': 0 references remaining.
352 bytes freed (now allocated: 5340204 bytes)
Allocating 352 bytes for aggregates_mem_20130 in space 'device' (currently allocated: 5340204 bytes).
Received block of 352 bytes; now allocated: 5340556 bytes.
Unreferencing block incprefixes_mem_20132 (allocated as incprefixes_mem_20132) in space 'device': 0 references remaining.
352 bytes freed (now allocated: 5340204 bytes)
Allocating 352 bytes for incprefixes_mem_20132 in space 'device' (currently allocated: 5340204 bytes).
Received block of 352 bytes; now allocated: 5340556 bytes.
Event: main.segscan_19140
Kernel main.segscan_19140 with
  grid=(131,1,1)
  block=(256,1,1)
  shared memory=8192

Unreferencing block mem_19805 (allocated as mem_19805) in space 'device': 2 references remaining.
Allocating 266664 bytes for mem_19805 in space 'device' (currently allocated: 5340556 bytes).
Received block of 266664 bytes; now allocated: 5607220 bytes.

# Copy GPU to GPU
Shape: [33333]
Dst offset: 0
Dst strides: 1
Src offset: 0
Src strides: 1
## Flat copy

Event: copy_dev_to_dev

Unreferencing block mem_19807 (allocated as mem_19807) in space 'device': 2 references remaining.
Allocating 266664 bytes for mem_19807 in space 'device' (currently allocated: 5607220 bytes).
Received block of 266664 bytes; now allocated: 5873884 bytes.

# Copy GPU to GPU
Shape: [33333]
Dst offset: 0
Dst strides: 1
Src offset: 0
Src strides: 1
## Flat copy

Event: copy_dev_to_dev

Event: main.gpuseq_20361
Kernel main.gpuseq_20361 with
  grid=(1,1,1)
  block=(1,1,1)
  shared memory=0

Event: main.segmap_19142
Kernel main.segmap_19142 with
  grid=(131,1,1)
  block=(256,1,1)
  shared memory=0

Unreferencing block mem_19807 (allocated as mem_19807) in space 'device': 1 references remaining.
Unreferencing block mem_19805 (allocated as mem_19805) in space 'device': 1 references remaining.
Unreferencing block mem_param_tmp_20085 (allocated as mem_19807) in space 'device': 0 references remaining.
266664 bytes freed (now allocated: 5607220 bytes)
Unreferencing block mem_param_tmp_20086 (allocated as mem_19805) in space 'device': 0 references remaining.
266664 bytes freed (now allocated: 5340556 bytes)
Unreferencing block status_flags_mem_20096 (allocated as status_flags_mem_20096) in space 'device': 0 references remaining.
44 bytes freed (now allocated: 5340512 bytes)
Allocating 44 bytes for status_flags_mem_20096 in space 'device' (currently allocated: 5340512 bytes).
Received block of 44 bytes; now allocated: 5340556 bytes.
Event: builtin#replicate_i8.replicate_20103
Kernel builtin#replicate_i8.replicate_20103 with
  grid=(1,1,1)
  block=(256,1,1)
  shared memory=0

Unreferencing block aggregates_mem_20118 (allocated as aggregates_mem_20118) in space 'device': 0 references remaining.
352 bytes freed (now allocated: 5340204 bytes)
Allocating 352 bytes for aggregates_mem_20118 in space 'device' (currently allocated: 5340204 bytes).
Received block of 352 bytes; now allocated: 5340556 bytes.
Unreferencing block incprefixes_mem_20120 (allocated as incprefixes_mem_20120) in space 'device': 0 references remaining.
352 bytes freed (now allocated: 5340204 bytes)
Allocating 352 bytes for incprefixes_mem_20120 in space 'device' (currently allocated: 5340204 bytes).
Received block of 352 bytes; now allocated: 5340556 bytes.
Unreferencing block aggregates_mem_20122 (allocated as aggregates_mem_20122) in space 'device': 0 references remaining.
352 bytes freed (now allocated: 5340204 bytes)
Allocating 352 bytes for aggregates_mem_20122 in space 'device' (currently allocated: 5340204 bytes).
Received block of 352 bytes; now allocated: 5340556 bytes.
Unreferencing block incprefixes_mem_20124 (allocated as incprefixes_mem_20124) in space 'device': 0 references remaining.
352 bytes freed (now allocated: 5340204 bytes)
Allocating 352 bytes for incprefixes_mem_20124 in space 'device' (currently allocated: 5340204 bytes).
Received block of 352 bytes; now allocated: 5340556 bytes.
Unreferencing block aggregates_mem_20126 (allocated as aggregates_mem_20126) in space 'device': 0 references remaining.
352 bytes freed (now allocated: 5340204 bytes)
Allocating 352 bytes for aggregates_mem_20126 in space 'device' (currently allocated: 5340204 bytes).
Received block of 352 bytes; now allocated: 5340556 bytes.
Unreferencing block incprefixes_mem_20128 (allocated as incprefixes_mem_20128) in space 'device': 0 references remaining.
352 bytes freed (now allocated: 5340204 bytes)
Allocating 352 bytes for incprefixes_mem_20128 in space 'device' (currently allocated: 5340204 bytes).
Received block of 352 bytes; now allocated: 5340556 bytes.
Unreferencing block aggregates_mem_20130 (allocated as aggregates_mem_20130) in space 'device': 0 references remaining.
352 bytes freed (now allocated: 5340204 bytes)
Allocating 352 bytes for aggregates_mem_20130 in space 'device' (currently allocated: 5340204 bytes).
Received block of 352 bytes; now allocated: 5340556 bytes.
Unreferencing block incprefixes_mem_20132 (allocated as incprefixes_mem_20132) in space 'device': 0 references remaining.
352 bytes freed (now allocated: 5340204 bytes)
Allocating 352 bytes for incprefixes_mem_20132 in space 'device' (currently allocated: 5340204 bytes).
Received block of 352 bytes; now allocated: 5340556 bytes.
Event: main.segscan_19140
Kernel main.segscan_19140 with
  grid=(131,1,1)
  block=(256,1,1)
  shared memory=8192

Unreferencing block mem_19805 (allocated as mem_19805) in space 'device': 2 references remaining.
Allocating 266664 bytes for mem_19805 in space 'device' (currently allocated: 5340556 bytes).
Received block of 266664 bytes; now allocated: 5607220 bytes.

# Copy GPU to GPU
Shape: [33333]
Dst offset: 0
Dst strides: 1
Src offset: 0
Src strides: 1
## Flat copy

Event: copy_dev_to_dev

Unreferencing block mem_19807 (allocated as mem_19807) in space 'device': 2 references remaining.
Allocating 266664 bytes for mem_19807 in space 'device' (currently allocated: 5607220 bytes).
Received block of 266664 bytes; now allocated: 5873884 bytes.

# Copy GPU to GPU
Shape: [33333]
Dst offset: 0
Dst strides: 1
Src offset: 0
Src strides: 1
## Flat copy

Event: copy_dev_to_dev

Event: main.gpuseq_20361
Kernel main.gpuseq_20361 with
  grid=(1,1,1)
  block=(1,1,1)
  shared memory=0

Event: main.segmap_19142
Kernel main.segmap_19142 with
  grid=(131,1,1)
  block=(256,1,1)
  shared memory=0

Unreferencing block mem_19807 (allocated as mem_19807) in space 'device': 1 references remaining.
Unreferencing block mem_19805 (allocated as mem_19805) in space 'device': 1 references remaining.
Unreferencing block mem_param_tmp_20085 (allocated as mem_19807) in space 'device': 0 references remaining.
266664 bytes freed (now allocated: 5607220 bytes)
Unreferencing block mem_param_tmp_20086 (allocated as mem_19805) in space 'device': 0 references remaining.
266664 bytes freed (now allocated: 5340556 bytes)
Unreferencing block status_flags_mem_20096 (allocated as status_flags_mem_20096) in space 'device': 0 references remaining.
44 bytes freed (now allocated: 5340512 bytes)
Allocating 44 bytes for status_flags_mem_20096 in space 'device' (currently allocated: 5340512 bytes).
Received block of 44 bytes; now allocated: 5340556 bytes.
Event: builtin#replicate_i8.replicate_20103
Kernel builtin#replicate_i8.replicate_20103 with
  grid=(1,1,1)
  block=(256,1,1)
  shared memory=0

Unreferencing block aggregates_mem_20118 (allocated as aggregates_mem_20118) in space 'device': 0 references remaining.
352 bytes freed (now allocated: 5340204 bytes)
Allocating 352 bytes for aggregates_mem_20118 in space 'device' (currently allocated: 5340204 bytes).
Received block of 352 bytes; now allocated: 5340556 bytes.
Unreferencing block incprefixes_mem_20120 (allocated as incprefixes_mem_20120) in space 'device': 0 references remaining.
352 bytes freed (now allocated: 5340204 bytes)
Allocating 352 bytes for incprefixes_mem_20120 in space 'device' (currently allocated: 5340204 bytes).
Received block of 352 bytes; now allocated: 5340556 bytes.
Unreferencing block aggregates_mem_20122 (allocated as aggregates_mem_20122) in space 'device': 0 references remaining.
352 bytes freed (now allocated: 5340204 bytes)
Allocating 352 bytes for aggregates_mem_20122 in space 'device' (currently allocated: 5340204 bytes).
Received block of 352 bytes; now allocated: 5340556 bytes.
Unreferencing block incprefixes_mem_20124 (allocated as incprefixes_mem_20124) in space 'device': 0 references remaining.
352 bytes freed (now allocated: 5340204 bytes)
Allocating 352 bytes for incprefixes_mem_20124 in space 'device' (currently allocated: 5340204 bytes).
Received block of 352 bytes; now allocated: 5340556 bytes.
Unreferencing block aggregates_mem_20126 (allocated as aggregates_mem_20126) in space 'device': 0 references remaining.
352 bytes freed (now allocated: 5340204 bytes)
Allocating 352 bytes for aggregates_mem_20126 in space 'device' (currently allocated: 5340204 bytes).
Received block of 352 bytes; now allocated: 5340556 bytes.
Unreferencing block incprefixes_mem_20128 (allocated as incprefixes_mem_20128) in space 'device': 0 references remaining.
352 bytes freed (now allocated: 5340204 bytes)
Allocating 352 bytes for incprefixes_mem_20128 in space 'device' (currently allocated: 5340204 bytes).
Received block of 352 bytes; now allocated: 5340556 bytes.
Unreferencing block aggregates_mem_20130 (allocated as aggregates_mem_20130) in space 'device': 0 references remaining.
352 bytes freed (now allocated: 5340204 bytes)
Allocating 352 bytes for aggregates_mem_20130 in space 'device' (currently allocated: 5340204 bytes).
Received block of 352 bytes; now allocated: 5340556 bytes.
Unreferencing block incprefixes_mem_20132 (allocated as incprefixes_mem_20132) in space 'device': 0 references remaining.
352 bytes freed (now allocated: 5340204 bytes)
Allocating 352 bytes for incprefixes_mem_20132 in space 'device' (currently allocated: 5340204 bytes).
Received block of 352 bytes; now allocated: 5340556 bytes.
Event: main.segscan_19140
Kernel main.segscan_19140 with
  grid=(131,1,1)
  block=(256,1,1)
  shared memory=8192

Unreferencing block mem_19805 (allocated as mem_19805) in space 'device': 2 references remaining.
Allocating 266664 bytes for mem_19805 in space 'device' (currently allocated: 5340556 bytes).
Received block of 266664 bytes; now allocated: 5607220 bytes.

# Copy GPU to GPU
Shape: [33333]
Dst offset: 0
Dst strides: 1
Src offset: 0
Src strides: 1
## Flat copy

Event: copy_dev_to_dev

Unreferencing block mem_19807 (allocated as mem_19807) in space 'device': 2 references remaining.
Allocating 266664 bytes for mem_19807 in space 'device' (currently allocated: 5607220 bytes).
Received block of 266664 bytes; now allocated: 5873884 bytes.

# Copy GPU to GPU
Shape: [33333]
Dst offset: 0
Dst strides: 1
Src offset: 0
Src strides: 1
## Flat copy

Event: copy_dev_to_dev

Event: main.gpuseq_20361
Kernel main.gpuseq_20361 with
  grid=(1,1,1)
  block=(1,1,1)
  shared memory=0

Event: main.segmap_19142
Kernel main.segmap_19142 with
  grid=(131,1,1)
  block=(256,1,1)
  shared memory=0

Unreferencing block mem_19807 (allocated as mem_19807) in space 'device': 1 references remaining.
Unreferencing block mem_19805 (allocated as mem_19805) in space 'device': 1 references remaining.
Unreferencing block mem_param_tmp_20085 (allocated as mem_19807) in space 'device': 0 references remaining.
266664 bytes freed (now allocated: 5607220 bytes)
Unreferencing block mem_param_tmp_20086 (allocated as mem_19805) in space 'device': 0 references remaining.
266664 bytes freed (now allocated: 5340556 bytes)
Unreferencing block status_flags_mem_20096 (allocated as status_flags_mem_20096) in space 'device': 0 references remaining.
44 bytes freed (now allocated: 5340512 bytes)
Allocating 44 bytes for status_flags_mem_20096 in space 'device' (currently allocated: 5340512 bytes).
Received block of 44 bytes; now allocated: 5340556 bytes.
Event: builtin#replicate_i8.replicate_20103
Kernel builtin#replicate_i8.replicate_20103 with
  grid=(1,1,1)
  block=(256,1,1)
  shared memory=0

Unreferencing block aggregates_mem_20118 (allocated as aggregates_mem_20118) in space 'device': 0 references remaining.
352 bytes freed (now allocated: 5340204 bytes)
Allocating 352 bytes for aggregates_mem_20118 in space 'device' (currently allocated: 5340204 bytes).
Received block of 352 bytes; now allocated: 5340556 bytes.
Unreferencing block incprefixes_mem_20120 (allocated as incprefixes_mem_20120) in space 'device': 0 references remaining.
352 bytes freed (now allocated: 5340204 bytes)
Allocating 352 bytes for incprefixes_mem_20120 in space 'device' (currently allocated: 5340204 bytes).
Received block of 352 bytes; now allocated: 5340556 bytes.
Unreferencing block aggregates_mem_20122 (allocated as aggregates_mem_20122) in space 'device': 0 references remaining.
352 bytes freed (now allocated: 5340204 bytes)
Allocating 352 bytes for aggregates_mem_20122 in space 'device' (currently allocated: 5340204 bytes).
Received block of 352 bytes; now allocated: 5340556 bytes.
Unreferencing block incprefixes_mem_20124 (allocated as incprefixes_mem_20124) in space 'device': 0 references remaining.
352 bytes freed (now allocated: 5340204 bytes)
Allocating 352 bytes for incprefixes_mem_20124 in space 'device' (currently allocated: 5340204 bytes).
Received block of 352 bytes; now allocated: 5340556 bytes.
Unreferencing block aggregates_mem_20126 (allocated as aggregates_mem_20126) in space 'device': 0 references remaining.
352 bytes freed (now allocated: 5340204 bytes)
Allocating 352 bytes for aggregates_mem_20126 in space 'device' (currently allocated: 5340204 bytes).
Received block of 352 bytes; now allocated: 5340556 bytes.
Unreferencing block incprefixes_mem_20128 (allocated as incprefixes_mem_20128) in space 'device': 0 references remaining.
352 bytes freed (now allocated: 5340204 bytes)
Allocating 352 bytes for incprefixes_mem_20128 in space 'device' (currently allocated: 5340204 bytes).
Received block of 352 bytes; now allocated: 5340556 bytes.
Unreferencing block aggregates_mem_20130 (allocated as aggregates_mem_20130) in space 'device': 0 references remaining.
352 bytes freed (now allocated: 5340204 bytes)
Allocating 352 bytes for aggregates_mem_20130 in space 'device' (currently allocated: 5340204 bytes).
Received block of 352 bytes; now allocated: 5340556 bytes.
Unreferencing block incprefixes_mem_20132 (allocated as incprefixes_mem_20132) in space 'device': 0 references remaining.
352 bytes freed (now allocated: 5340204 bytes)
Allocating 352 bytes for incprefixes_mem_20132 in space 'device' (currently allocated: 5340204 bytes).
Received block of 352 bytes; now allocated: 5340556 bytes.
Event: main.segscan_19140
Kernel main.segscan_19140 with
  grid=(131,1,1)
  block=(256,1,1)
  shared memory=8192

Unreferencing block mem_19805 (allocated as mem_19805) in space 'device': 2 references remaining.
Allocating 266664 bytes for mem_19805 in space 'device' (currently allocated: 5340556 bytes).
Received block of 266664 bytes; now allocated: 5607220 bytes.

# Copy GPU to GPU
Shape: [33333]
Dst offset: 0
Dst strides: 1
Src offset: 0
Src strides: 1
## Flat copy

Event: copy_dev_to_dev

Unreferencing block mem_19807 (allocated as mem_19807) in space 'device': 2 references remaining.
Allocating 266664 bytes for mem_19807 in space 'device' (currently allocated: 5607220 bytes).
Received block of 266664 bytes; now allocated: 5873884 bytes.

# Copy GPU to GPU
Shape: [33333]
Dst offset: 0
Dst strides: 1
Src offset: 0
Src strides: 1
## Flat copy

Event: copy_dev_to_dev

Event: main.gpuseq_20361
Kernel main.gpuseq_20361 with
  grid=(1,1,1)
  block=(1,1,1)
  shared memory=0

Event: main.segmap_19142
Kernel main.segmap_19142 with
  grid=(131,1,1)
  block=(256,1,1)
  shared memory=0

Unreferencing block mem_19807 (allocated as mem_19807) in space 'device': 1 references remaining.
Unreferencing block mem_19805 (allocated as mem_19805) in space 'device': 1 references remaining.
Unreferencing block mem_param_tmp_20085 (allocated as mem_19807) in space 'device': 0 references remaining.
266664 bytes freed (now allocated: 5607220 bytes)
Unreferencing block mem_param_tmp_20086 (allocated as mem_19805) in space 'device': 0 references remaining.
266664 bytes freed (now allocated: 5340556 bytes)
Unreferencing block status_flags_mem_20096 (allocated as status_flags_mem_20096) in space 'device': 0 references remaining.
44 bytes freed (now allocated: 5340512 bytes)
Allocating 44 bytes for status_flags_mem_20096 in space 'device' (currently allocated: 5340512 bytes).
Received block of 44 bytes; now allocated: 5340556 bytes.
Event: builtin#replicate_i8.replicate_20103
Kernel builtin#replicate_i8.replicate_20103 with
  grid=(1,1,1)
  block=(256,1,1)
  shared memory=0

Unreferencing block aggregates_mem_20118 (allocated as aggregates_mem_20118) in space 'device': 0 references remaining.
352 bytes freed (now allocated: 5340204 bytes)
Allocating 352 bytes for aggregates_mem_20118 in space 'device' (currently allocated: 5340204 bytes).
Received block of 352 bytes; now allocated: 5340556 bytes.
Unreferencing block incprefixes_mem_20120 (allocated as incprefixes_mem_20120) in space 'device': 0 references remaining.
352 bytes freed (now allocated: 5340204 bytes)
Allocating 352 bytes for incprefixes_mem_20120 in space 'device' (currently allocated: 5340204 bytes).
Received block of 352 bytes; now allocated: 5340556 bytes.
Unreferencing block aggregates_mem_20122 (allocated as aggregates_mem_20122) in space 'device': 0 references remaining.
352 bytes freed (now allocated: 5340204 bytes)
Allocating 352 bytes for aggregates_mem_20122 in space 'device' (currently allocated: 5340204 bytes).
Received block of 352 bytes; now allocated: 5340556 bytes.
Unreferencing block incprefixes_mem_20124 (allocated as incprefixes_mem_20124) in space 'device': 0 references remaining.
352 bytes freed (now allocated: 5340204 bytes)
Allocating 352 bytes for incprefixes_mem_20124 in space 'device' (currently allocated: 5340204 bytes).
Received block of 352 bytes; now allocated: 5340556 bytes.
Unreferencing block aggregates_mem_20126 (allocated as aggregates_mem_20126) in space 'device': 0 references remaining.
352 bytes freed (now allocated: 5340204 bytes)
Allocating 352 bytes for aggregates_mem_20126 in space 'device' (currently allocated: 5340204 bytes).
Received block of 352 bytes; now allocated: 5340556 bytes.
Unreferencing block incprefixes_mem_20128 (allocated as incprefixes_mem_20128) in space 'device': 0 references remaining.
352 bytes freed (now allocated: 5340204 bytes)
Allocating 352 bytes for incprefixes_mem_20128 in space 'device' (currently allocated: 5340204 bytes).
Received block of 352 bytes; now allocated: 5340556 bytes.
Unreferencing block aggregates_mem_20130 (allocated as aggregates_mem_20130) in space 'device': 0 references remaining.
352 bytes freed (now allocated: 5340204 bytes)
Allocating 352 bytes for aggregates_mem_20130 in space 'device' (currently allocated: 5340204 bytes).
Received block of 352 bytes; now allocated: 5340556 bytes.
Unreferencing block incprefixes_mem_20132 (allocated as incprefixes_mem_20132) in space 'device': 0 references remaining.
352 bytes freed (now allocated: 5340204 bytes)
Allocating 352 bytes for incprefixes_mem_20132 in space 'device' (currently allocated: 5340204 bytes).
Received block of 352 bytes; now allocated: 5340556 bytes.
Event: main.segscan_19140
Kernel main.segscan_19140 with
  grid=(131,1,1)
  block=(256,1,1)
  shared memory=8192

Unreferencing block mem_19805 (allocated as mem_19805) in space 'device': 2 references remaining.
Allocating 266664 bytes for mem_19805 in space 'device' (currently allocated: 5340556 bytes).
Received block of 266664 bytes; now allocated: 5607220 bytes.

# Copy GPU to GPU
Shape: [33333]
Dst offset: 0
Dst strides: 1
Src offset: 0
Src strides: 1
## Flat copy

Event: copy_dev_to_dev

Unreferencing block mem_19807 (allocated as mem_19807) in space 'device': 2 references remaining.
Allocating 266664 bytes for mem_19807 in space 'device' (currently allocated: 5607220 bytes).
Received block of 266664 bytes; now allocated: 5873884 bytes.

# Copy GPU to GPU
Shape: [33333]
Dst offset: 0
Dst strides: 1
Src offset: 0
Src strides: 1
## Flat copy

Event: copy_dev_to_dev

Event: main.gpuseq_20361
Kernel main.gpuseq_20361 with
  grid=(1,1,1)
  block=(1,1,1)
  shared memory=0

Event: main.segmap_19142
Kernel main.segmap_19142 with
  grid=(131,1,1)
  block=(256,1,1)
  shared memory=0

Unreferencing block mem_19807 (allocated as mem_19807) in space 'device': 1 references remaining.
Unreferencing block mem_19805 (allocated as mem_19805) in space 'device': 1 references remaining.
Unreferencing block mem_param_tmp_20085 (allocated as mem_19807) in space 'device': 0 references remaining.
266664 bytes freed (now allocated: 5607220 bytes)
Unreferencing block mem_param_tmp_20086 (allocated as mem_19805) in space 'device': 0 references remaining.
266664 bytes freed (now allocated: 5340556 bytes)
Unreferencing block status_flags_mem_20096 (allocated as status_flags_mem_20096) in space 'device': 0 references remaining.
44 bytes freed (now allocated: 5340512 bytes)
Allocating 44 bytes for status_flags_mem_20096 in space 'device' (currently allocated: 5340512 bytes).
Received block of 44 bytes; now allocated: 5340556 bytes.
Event: builtin#replicate_i8.replicate_20103
Kernel builtin#replicate_i8.replicate_20103 with
  grid=(1,1,1)
  block=(256,1,1)
  shared memory=0

Unreferencing block aggregates_mem_20118 (allocated as aggregates_mem_20118) in space 'device': 0 references remaining.
352 bytes freed (now allocated: 5340204 bytes)
Allocating 352 bytes for aggregates_mem_20118 in space 'device' (currently allocated: 5340204 bytes).
Received block of 352 bytes; now allocated: 5340556 bytes.
Unreferencing block incprefixes_mem_20120 (allocated as incprefixes_mem_20120) in space 'device': 0 references remaining.
352 bytes freed (now allocated: 5340204 bytes)
Allocating 352 bytes for incprefixes_mem_20120 in space 'device' (currently allocated: 5340204 bytes).
Received block of 352 bytes; now allocated: 5340556 bytes.
Unreferencing block aggregates_mem_20122 (allocated as aggregates_mem_20122) in space 'device': 0 references remaining.
352 bytes freed (now allocated: 5340204 bytes)
Allocating 352 bytes for aggregates_mem_20122 in space 'device' (currently allocated: 5340204 bytes).
Received block of 352 bytes; now allocated: 5340556 bytes.
Unreferencing block incprefixes_mem_20124 (allocated as incprefixes_mem_20124) in space 'device': 0 references remaining.
352 bytes freed (now allocated: 5340204 bytes)
Allocating 352 bytes for incprefixes_mem_20124 in space 'device' (currently allocated: 5340204 bytes).
Received block of 352 bytes; now allocated: 5340556 bytes.
Unreferencing block aggregates_mem_20126 (allocated as aggregates_mem_20126) in space 'device': 0 references remaining.
352 bytes freed (now allocated: 5340204 bytes)
Allocating 352 bytes for aggregates_mem_20126 in space 'device' (currently allocated: 5340204 bytes).
Received block of 352 bytes; now allocated: 5340556 bytes.
Unreferencing block incprefixes_mem_20128 (allocated as incprefixes_mem_20128) in space 'device': 0 references remaining.
352 bytes freed (now allocated: 5340204 bytes)
Allocating 352 bytes for incprefixes_mem_20128 in space 'device' (currently allocated: 5340204 bytes).
Received block of 352 bytes; now allocated: 5340556 bytes.
Unreferencing block aggregates_mem_20130 (allocated as aggregates_mem_20130) in space 'device': 0 references remaining.
352 bytes freed (now allocated: 5340204 bytes)
Allocating 352 bytes for aggregates_mem_20130 in space 'device' (currently allocated: 5340204 bytes).
Received block of 352 bytes; now allocated: 5340556 bytes.
Unreferencing block incprefixes_mem_20132 (allocated as incprefixes_mem_20132) in space 'device': 0 references remaining.
352 bytes freed (now allocated: 5340204 bytes)
Allocating 352 bytes for incprefixes_mem_20132 in space 'device' (currently allocated: 5340204 bytes).
Received block of 352 bytes; now allocated: 5340556 bytes.
Event: main.segscan_19140
Kernel main.segscan_19140 with
  grid=(131,1,1)
  block=(256,1,1)
  shared memory=8192

Unreferencing block mem_19805 (allocated as mem_19805) in space 'device': 2 references remaining.
Allocating 266664 bytes for mem_19805 in space 'device' (currently allocated: 5340556 bytes).
Received block of 266664 bytes; now allocated: 5607220 bytes.

# Copy GPU to GPU
Shape: [33333]
Dst offset: 0
Dst strides: 1
Src offset: 0
Src strides: 1
## Flat copy

Event: copy_dev_to_dev

Unreferencing block mem_19807 (allocated as mem_19807) in space 'device': 2 references remaining.
Allocating 266664 bytes for mem_19807 in space 'device' (currently allocated: 5607220 bytes).
Received block of 266664 bytes; now allocated: 5873884 bytes.

# Copy GPU to GPU
Shape: [33333]
Dst offset: 0
Dst strides: 1
Src offset: 0
Src strides: 1
## Flat copy

Event: copy_dev_to_dev

Event: main.gpuseq_20361
Kernel main.gpuseq_20361 with
  grid=(1,1,1)
  block=(1,1,1)
  shared memory=0

Event: main.segmap_19142
Kernel main.segmap_19142 with
  grid=(131,1,1)
  block=(256,1,1)
  shared memory=0

Unreferencing block mem_19807 (allocated as mem_19807) in space 'device': 1 references remaining.
Unreferencing block mem_19805 (allocated as mem_19805) in space 'device': 1 references remaining.
Unreferencing block mem_param_tmp_20085 (allocated as mem_19807) in space 'device': 0 references remaining.
266664 bytes freed (now allocated: 5607220 bytes)
Unreferencing block mem_param_tmp_20086 (allocated as mem_19805) in space 'device': 0 references remaining.
266664 bytes freed (now allocated: 5340556 bytes)
Unreferencing block status_flags_mem_20096 (allocated as status_flags_mem_20096) in space 'device': 0 references remaining.
44 bytes freed (now allocated: 5340512 bytes)
Allocating 44 bytes for status_flags_mem_20096 in space 'device' (currently allocated: 5340512 bytes).
Received block of 44 bytes; now allocated: 5340556 bytes.
Event: builtin#replicate_i8.replicate_20103
Kernel builtin#replicate_i8.replicate_20103 with
  grid=(1,1,1)
  block=(256,1,1)
  shared memory=0

Unreferencing block aggregates_mem_20118 (allocated as aggregates_mem_20118) in space 'device': 0 references remaining.
352 bytes freed (now allocated: 5340204 bytes)
Allocating 352 bytes for aggregates_mem_20118 in space 'device' (currently allocated: 5340204 bytes).
Received block of 352 bytes; now allocated: 5340556 bytes.
Unreferencing block incprefixes_mem_20120 (allocated as incprefixes_mem_20120) in space 'device': 0 references remaining.
352 bytes freed (now allocated: 5340204 bytes)
Allocating 352 bytes for incprefixes_mem_20120 in space 'device' (currently allocated: 5340204 bytes).
Received block of 352 bytes; now allocated: 5340556 bytes.
Unreferencing block aggregates_mem_20122 (allocated as aggregates_mem_20122) in space 'device': 0 references remaining.
352 bytes freed (now allocated: 5340204 bytes)
Allocating 352 bytes for aggregates_mem_20122 in space 'device' (currently allocated: 5340204 bytes).
Received block of 352 bytes; now allocated: 5340556 bytes.
Unreferencing block incprefixes_mem_20124 (allocated as incprefixes_mem_20124) in space 'device': 0 references remaining.
352 bytes freed (now allocated: 5340204 bytes)
Allocating 352 bytes for incprefixes_mem_20124 in space 'device' (currently allocated: 5340204 bytes).
Received block of 352 bytes; now allocated: 5340556 bytes.
Unreferencing block aggregates_mem_20126 (allocated as aggregates_mem_20126) in space 'device': 0 references remaining.
352 bytes freed (now allocated: 5340204 bytes)
Allocating 352 bytes for aggregates_mem_20126 in space 'device' (currently allocated: 5340204 bytes).
Received block of 352 bytes; now allocated: 5340556 bytes.
Unreferencing block incprefixes_mem_20128 (allocated as incprefixes_mem_20128) in space 'device': 0 references remaining.
352 bytes freed (now allocated: 5340204 bytes)
Allocating 352 bytes for incprefixes_mem_20128 in space 'device' (currently allocated: 5340204 bytes).
Received block of 352 bytes; now allocated: 5340556 bytes.
Unreferencing block aggregates_mem_20130 (allocated as aggregates_mem_20130) in space 'device': 0 references remaining.
352 bytes freed (now allocated: 5340204 bytes)
Allocating 352 bytes for aggregates_mem_20130 in space 'device' (currently allocated: 5340204 bytes).
Received block of 352 bytes; now allocated: 5340556 bytes.
Unreferencing block incprefixes_mem_20132 (allocated as incprefixes_mem_20132) in space 'device': 0 references remaining.
352 bytes freed (now allocated: 5340204 bytes)
Allocating 352 bytes for incprefixes_mem_20132 in space 'device' (currently allocated: 5340204 bytes).
Received block of 352 bytes; now allocated: 5340556 bytes.
Event: main.segscan_19140
Kernel main.segscan_19140 with
  grid=(131,1,1)
  block=(256,1,1)
  shared memory=8192

Unreferencing block mem_19805 (allocated as mem_19805) in space 'device': 2 references remaining.
Allocating 266664 bytes for mem_19805 in space 'device' (currently allocated: 5340556 bytes).
Received block of 266664 bytes; now allocated: 5607220 bytes.

# Copy GPU to GPU
Shape: [33333]
Dst offset: 0
Dst strides: 1
Src offset: 0
Src strides: 1
## Flat copy

Event: copy_dev_to_dev

Unreferencing block mem_19807 (allocated as mem_19807) in space 'device': 2 references remaining.
Allocating 266664 bytes for mem_19807 in space 'device' (currently allocated: 5607220 bytes).
Received block of 266664 bytes; now allocated: 5873884 bytes.

# Copy GPU to GPU
Shape: [33333]
Dst offset: 0
Dst strides: 1
Src offset: 0
Src strides: 1
## Flat copy

Event: copy_dev_to_dev

Event: main.gpuseq_20361
Kernel main.gpuseq_20361 with
  grid=(1,1,1)
  block=(1,1,1)
  shared memory=0

Event: main.segmap_19142
Kernel main.segmap_19142 with
  grid=(131,1,1)
  block=(256,1,1)
  shared memory=0

Unreferencing block mem_19807 (allocated as mem_19807) in space 'device': 1 references remaining.
Unreferencing block mem_19805 (allocated as mem_19805) in space 'device': 1 references remaining.
Unreferencing block mem_param_tmp_20085 (allocated as mem_19807) in space 'device': 0 references remaining.
266664 bytes freed (now allocated: 5607220 bytes)
Unreferencing block mem_param_tmp_20086 (allocated as mem_19805) in space 'device': 0 references remaining.
266664 bytes freed (now allocated: 5340556 bytes)
Unreferencing block status_flags_mem_20096 (allocated as status_flags_mem_20096) in space 'device': 0 references remaining.
44 bytes freed (now allocated: 5340512 bytes)
Allocating 44 bytes for status_flags_mem_20096 in space 'device' (currently allocated: 5340512 bytes).
Received block of 44 bytes; now allocated: 5340556 bytes.
Event: builtin#replicate_i8.replicate_20103
Kernel builtin#replicate_i8.replicate_20103 with
  grid=(1,1,1)
  block=(256,1,1)
  shared memory=0

Unreferencing block aggregates_mem_20118 (allocated as aggregates_mem_20118) in space 'device': 0 references remaining.
352 bytes freed (now allocated: 5340204 bytes)
Allocating 352 bytes for aggregates_mem_20118 in space 'device' (currently allocated: 5340204 bytes).
Received block of 352 bytes; now allocated: 5340556 bytes.
Unreferencing block incprefixes_mem_20120 (allocated as incprefixes_mem_20120) in space 'device': 0 references remaining.
352 bytes freed (now allocated: 5340204 bytes)
Allocating 352 bytes for incprefixes_mem_20120 in space 'device' (currently allocated: 5340204 bytes).
Received block of 352 bytes; now allocated: 5340556 bytes.
Unreferencing block aggregates_mem_20122 (allocated as aggregates_mem_20122) in space 'device': 0 references remaining.
352 bytes freed (now allocated: 5340204 bytes)
Allocating 352 bytes for aggregates_mem_20122 in space 'device' (currently allocated: 5340204 bytes).
Received block of 352 bytes; now allocated: 5340556 bytes.
Unreferencing block incprefixes_mem_20124 (allocated as incprefixes_mem_20124) in space 'device': 0 references remaining.
352 bytes freed (now allocated: 5340204 bytes)
Allocating 352 bytes for incprefixes_mem_20124 in space 'device' (currently allocated: 5340204 bytes).
Received block of 352 bytes; now allocated: 5340556 bytes.
Unreferencing block aggregates_mem_20126 (allocated as aggregates_mem_20126) in space 'device': 0 references remaining.
352 bytes freed (now allocated: 5340204 bytes)
Allocating 352 bytes for aggregates_mem_20126 in space 'device' (currently allocated: 5340204 bytes).
Received block of 352 bytes; now allocated: 5340556 bytes.
Unreferencing block incprefixes_mem_20128 (allocated as incprefixes_mem_20128) in space 'device': 0 references remaining.
352 bytes freed (now allocated: 5340204 bytes)
Allocating 352 bytes for incprefixes_mem_20128 in space 'device' (currently allocated: 5340204 bytes).
Received block of 352 bytes; now allocated: 5340556 bytes.
Unreferencing block aggregates_mem_20130 (allocated as aggregates_mem_20130) in space 'device': 0 references remaining.
352 bytes freed (now allocated: 5340204 bytes)
Allocating 352 bytes for aggregates_mem_20130 in space 'device' (currently allocated: 5340204 bytes).
Received block of 352 bytes; now allocated: 5340556 bytes.
Unreferencing block incprefixes_mem_20132 (allocated as incprefixes_mem_20132) in space 'device': 0 references remaining.
352 bytes freed (now allocated: 5340204 bytes)
Allocating 352 bytes for incprefixes_mem_20132 in space 'device' (currently allocated: 5340204 bytes).
Received block of 352 bytes; now allocated: 5340556 bytes.
Event: main.segscan_19140
Kernel main.segscan_19140 with
  grid=(131,1,1)
  block=(256,1,1)
  shared memory=8192

Unreferencing block mem_19805 (allocated as mem_19805) in space 'device': 2 references remaining.
Allocating 266664 bytes for mem_19805 in space 'device' (currently allocated: 5340556 bytes).
Received block of 266664 bytes; now allocated: 5607220 bytes.

# Copy GPU to GPU
Shape: [33333]
Dst offset: 0
Dst strides: 1
Src offset: 0
Src strides: 1
## Flat copy

Event: copy_dev_to_dev

Unreferencing block mem_19807 (allocated as mem_19807) in space 'device': 2 references remaining.
Allocating 266664 bytes for mem_19807 in space 'device' (currently allocated: 5607220 bytes).
Received block of 266664 bytes; now allocated: 5873884 bytes.

# Copy GPU to GPU
Shape: [33333]
Dst offset: 0
Dst strides: 1
Src offset: 0
Src strides: 1
## Flat copy

Event: copy_dev_to_dev

Event: main.gpuseq_20361
Kernel main.gpuseq_20361 with
  grid=(1,1,1)
  block=(1,1,1)
  shared memory=0

Event: main.segmap_19142
Kernel main.segmap_19142 with
  grid=(131,1,1)
  block=(256,1,1)
  shared memory=0

Unreferencing block mem_19807 (allocated as mem_19807) in space 'device': 1 references remaining.
Unreferencing block mem_19805 (allocated as mem_19805) in space 'device': 1 references remaining.
Unreferencing block mem_param_tmp_20085 (allocated as mem_19807) in space 'device': 0 references remaining.
266664 bytes freed (now allocated: 5607220 bytes)
Unreferencing block mem_param_tmp_20086 (allocated as mem_19805) in space 'device': 0 references remaining.
266664 bytes freed (now allocated: 5340556 bytes)
Unreferencing block status_flags_mem_20096 (allocated as status_flags_mem_20096) in space 'device': 0 references remaining.
44 bytes freed (now allocated: 5340512 bytes)
Allocating 44 bytes for status_flags_mem_20096 in space 'device' (currently allocated: 5340512 bytes).
Received block of 44 bytes; now allocated: 5340556 bytes.
Event: builtin#replicate_i8.replicate_20103
Kernel builtin#replicate_i8.replicate_20103 with
  grid=(1,1,1)
  block=(256,1,1)
  shared memory=0

Unreferencing block aggregates_mem_20118 (allocated as aggregates_mem_20118) in space 'device': 0 references remaining.
352 bytes freed (now allocated: 5340204 bytes)
Allocating 352 bytes for aggregates_mem_20118 in space 'device' (currently allocated: 5340204 bytes).
Received block of 352 bytes; now allocated: 5340556 bytes.
Unreferencing block incprefixes_mem_20120 (allocated as incprefixes_mem_20120) in space 'device': 0 references remaining.
352 bytes freed (now allocated: 5340204 bytes)
Allocating 352 bytes for incprefixes_mem_20120 in space 'device' (currently allocated: 5340204 bytes).
Received block of 352 bytes; now allocated: 5340556 bytes.
Unreferencing block aggregates_mem_20122 (allocated as aggregates_mem_20122) in space 'device': 0 references remaining.
352 bytes freed (now allocated: 5340204 bytes)
Allocating 352 bytes for aggregates_mem_20122 in space 'device' (currently allocated: 5340204 bytes).
Received block of 352 bytes; now allocated: 5340556 bytes.
Unreferencing block incprefixes_mem_20124 (allocated as incprefixes_mem_20124) in space 'device': 0 references remaining.
352 bytes freed (now allocated: 5340204 bytes)
Allocating 352 bytes for incprefixes_mem_20124 in space 'device' (currently allocated: 5340204 bytes).
Received block of 352 bytes; now allocated: 5340556 bytes.
Unreferencing block aggregates_mem_20126 (allocated as aggregates_mem_20126) in space 'device': 0 references remaining.
352 bytes freed (now allocated: 5340204 bytes)
Allocating 352 bytes for aggregates_mem_20126 in space 'device' (currently allocated: 5340204 bytes).
Received block of 352 bytes; now allocated: 5340556 bytes.
Unreferencing block incprefixes_mem_20128 (allocated as incprefixes_mem_20128) in space 'device': 0 references remaining.
352 bytes freed (now allocated: 5340204 bytes)
Allocating 352 bytes for incprefixes_mem_20128 in space 'device' (currently allocated: 5340204 bytes).
Received block of 352 bytes; now allocated: 5340556 bytes.
Unreferencing block aggregates_mem_20130 (allocated as aggregates_mem_20130) in space 'device': 0 references remaining.
352 bytes freed (now allocated: 5340204 bytes)
Allocating 352 bytes for aggregates_mem_20130 in space 'device' (currently allocated: 5340204 bytes).
Received block of 352 bytes; now allocated: 5340556 bytes.
Unreferencing block incprefixes_mem_20132 (allocated as incprefixes_mem_20132) in space 'device': 0 references remaining.
352 bytes freed (now allocated: 5340204 bytes)
Allocating 352 bytes for incprefixes_mem_20132 in space 'device' (currently allocated: 5340204 bytes).
Received block of 352 bytes; now allocated: 5340556 bytes.
Event: main.segscan_19140
Kernel main.segscan_19140 with
  grid=(131,1,1)
  block=(256,1,1)
  shared memory=8192

Unreferencing block mem_19805 (allocated as mem_19805) in space 'device': 2 references remaining.
Allocating 266664 bytes for mem_19805 in space 'device' (currently allocated: 5340556 bytes).
Received block of 266664 bytes; now allocated: 5607220 bytes.

# Copy GPU to GPU
Shape: [33333]
Dst offset: 0
Dst strides: 1
Src offset: 0
Src strides: 1
## Flat copy

Event: copy_dev_to_dev

Unreferencing block mem_19807 (allocated as mem_19807) in space 'device': 2 references remaining.
Allocating 266664 bytes for mem_19807 in space 'device' (currently allocated: 5607220 bytes).
Received block of 266664 bytes; now allocated: 5873884 bytes.

# Copy GPU to GPU
Shape: [33333]
Dst offset: 0
Dst strides: 1
Src offset: 0
Src strides: 1
## Flat copy

Event: copy_dev_to_dev

Event: main.gpuseq_20361
Kernel main.gpuseq_20361 with
  grid=(1,1,1)
  block=(1,1,1)
  shared memory=0

Event: main.segmap_19142
Kernel main.segmap_19142 with
  grid=(131,1,1)
  block=(256,1,1)
  shared memory=0

Unreferencing block mem_19807 (allocated as mem_19807) in space 'device': 1 references remaining.
Unreferencing block mem_19805 (allocated as mem_19805) in space 'device': 1 references remaining.
Unreferencing block mem_param_tmp_20085 (allocated as mem_19807) in space 'device': 0 references remaining.
266664 bytes freed (now allocated: 5607220 bytes)
Unreferencing block mem_param_tmp_20086 (allocated as mem_19805) in space 'device': 0 references remaining.
266664 bytes freed (now allocated: 5340556 bytes)
Unreferencing block status_flags_mem_20096 (allocated as status_flags_mem_20096) in space 'device': 0 references remaining.
44 bytes freed (now allocated: 5340512 bytes)
Allocating 44 bytes for status_flags_mem_20096 in space 'device' (currently allocated: 5340512 bytes).
Received block of 44 bytes; now allocated: 5340556 bytes.
Event: builtin#replicate_i8.replicate_20103
Kernel builtin#replicate_i8.replicate_20103 with
  grid=(1,1,1)
  block=(256,1,1)
  shared memory=0

Unreferencing block aggregates_mem_20118 (allocated as aggregates_mem_20118) in space 'device': 0 references remaining.
352 bytes freed (now allocated: 5340204 bytes)
Allocating 352 bytes for aggregates_mem_20118 in space 'device' (currently allocated: 5340204 bytes).
Received block of 352 bytes; now allocated: 5340556 bytes.
Unreferencing block incprefixes_mem_20120 (allocated as incprefixes_mem_20120) in space 'device': 0 references remaining.
352 bytes freed (now allocated: 5340204 bytes)
Allocating 352 bytes for incprefixes_mem_20120 in space 'device' (currently allocated: 5340204 bytes).
Received block of 352 bytes; now allocated: 5340556 bytes.
Unreferencing block aggregates_mem_20122 (allocated as aggregates_mem_20122) in space 'device': 0 references remaining.
352 bytes freed (now allocated: 5340204 bytes)
Allocating 352 bytes for aggregates_mem_20122 in space 'device' (currently allocated: 5340204 bytes).
Received block of 352 bytes; now allocated: 5340556 bytes.
Unreferencing block incprefixes_mem_20124 (allocated as incprefixes_mem_20124) in space 'device': 0 references remaining.
352 bytes freed (now allocated: 5340204 bytes)
Allocating 352 bytes for incprefixes_mem_20124 in space 'device' (currently allocated: 5340204 bytes).
Received block of 352 bytes; now allocated: 5340556 bytes.
Unreferencing block aggregates_mem_20126 (allocated as aggregates_mem_20126) in space 'device': 0 references remaining.
352 bytes freed (now allocated: 5340204 bytes)
Allocating 352 bytes for aggregates_mem_20126 in space 'device' (currently allocated: 5340204 bytes).
Received block of 352 bytes; now allocated: 5340556 bytes.
Unreferencing block incprefixes_mem_20128 (allocated as incprefixes_mem_20128) in space 'device': 0 references remaining.
352 bytes freed (now allocated: 5340204 bytes)
Allocating 352 bytes for incprefixes_mem_20128 in space 'device' (currently allocated: 5340204 bytes).
Received block of 352 bytes; now allocated: 5340556 bytes.
Unreferencing block aggregates_mem_20130 (allocated as aggregates_mem_20130) in space 'device': 0 references remaining.
352 bytes freed (now allocated: 5340204 bytes)
Allocating 352 bytes for aggregates_mem_20130 in space 'device' (currently allocated: 5340204 bytes).
Received block of 352 bytes; now allocated: 5340556 bytes.
Unreferencing block incprefixes_mem_20132 (allocated as incprefixes_mem_20132) in space 'device': 0 references remaining.
352 bytes freed (now allocated: 5340204 bytes)
Allocating 352 bytes for incprefixes_mem_20132 in space 'device' (currently allocated: 5340204 bytes).
Received block of 352 bytes; now allocated: 5340556 bytes.
Event: main.segscan_19140
Kernel main.segscan_19140 with
  grid=(131,1,1)
  block=(256,1,1)
  shared memory=8192

Unreferencing block mem_19805 (allocated as mem_19805) in space 'device': 2 references remaining.
Allocating 266664 bytes for mem_19805 in space 'device' (currently allocated: 5340556 bytes).
Received block of 266664 bytes; now allocated: 5607220 bytes.

# Copy GPU to GPU
Shape: [33333]
Dst offset: 0
Dst strides: 1
Src offset: 0
Src strides: 1
## Flat copy

Event: copy_dev_to_dev

Unreferencing block mem_19807 (allocated as mem_19807) in space 'device': 2 references remaining.
Allocating 266664 bytes for mem_19807 in space 'device' (currently allocated: 5607220 bytes).
Received block of 266664 bytes; now allocated: 5873884 bytes.

# Copy GPU to GPU
Shape: [33333]
Dst offset: 0
Dst strides: 1
Src offset: 0
Src strides: 1
## Flat copy

Event: copy_dev_to_dev

Event: main.gpuseq_20361
Kernel main.gpuseq_20361 with
  grid=(1,1,1)
  block=(1,1,1)
  shared memory=0

Event: main.segmap_19142
Kernel main.segmap_19142 with
  grid=(131,1,1)
  block=(256,1,1)
  shared memory=0

Unreferencing block mem_19807 (allocated as mem_19807) in space 'device': 1 references remaining.
Unreferencing block mem_19805 (allocated as mem_19805) in space 'device': 1 references remaining.
Unreferencing block mem_param_tmp_20085 (allocated as mem_19807) in space 'device': 0 references remaining.
266664 bytes freed (now allocated: 5607220 bytes)
Unreferencing block mem_param_tmp_20086 (allocated as mem_19805) in space 'device': 0 references remaining.
266664 bytes freed (now allocated: 5340556 bytes)
Unreferencing block status_flags_mem_20096 (allocated as status_flags_mem_20096) in space 'device': 0 references remaining.
44 bytes freed (now allocated: 5340512 bytes)
Allocating 44 bytes for status_flags_mem_20096 in space 'device' (currently allocated: 5340512 bytes).
Received block of 44 bytes; now allocated: 5340556 bytes.
Event: builtin#replicate_i8.replicate_20103
Kernel builtin#replicate_i8.replicate_20103 with
  grid=(1,1,1)
  block=(256,1,1)
  shared memory=0

Unreferencing block aggregates_mem_20118 (allocated as aggregates_mem_20118) in space 'device': 0 references remaining.
352 bytes freed (now allocated: 5340204 bytes)
Allocating 352 bytes for aggregates_mem_20118 in space 'device' (currently allocated: 5340204 bytes).
Received block of 352 bytes; now allocated: 5340556 bytes.
Unreferencing block incprefixes_mem_20120 (allocated as incprefixes_mem_20120) in space 'device': 0 references remaining.
352 bytes freed (now allocated: 5340204 bytes)
Allocating 352 bytes for incprefixes_mem_20120 in space 'device' (currently allocated: 5340204 bytes).
Received block of 352 bytes; now allocated: 5340556 bytes.
Unreferencing block aggregates_mem_20122 (allocated as aggregates_mem_20122) in space 'device': 0 references remaining.
352 bytes freed (now allocated: 5340204 bytes)
Allocating 352 bytes for aggregates_mem_20122 in space 'device' (currently allocated: 5340204 bytes).
Received block of 352 bytes; now allocated: 5340556 bytes.
Unreferencing block incprefixes_mem_20124 (allocated as incprefixes_mem_20124) in space 'device': 0 references remaining.
352 bytes freed (now allocated: 5340204 bytes)
Allocating 352 bytes for incprefixes_mem_20124 in space 'device' (currently allocated: 5340204 bytes).
Received block of 352 bytes; now allocated: 5340556 bytes.
Unreferencing block aggregates_mem_20126 (allocated as aggregates_mem_20126) in space 'device': 0 references remaining.
352 bytes freed (now allocated: 5340204 bytes)
Allocating 352 bytes for aggregates_mem_20126 in space 'device' (currently allocated: 5340204 bytes).
Received block of 352 bytes; now allocated: 5340556 bytes.
Unreferencing block incprefixes_mem_20128 (allocated as incprefixes_mem_20128) in space 'device': 0 references remaining.
352 bytes freed (now allocated: 5340204 bytes)
Allocating 352 bytes for incprefixes_mem_20128 in space 'device' (currently allocated: 5340204 bytes).
Received block of 352 bytes; now allocated: 5340556 bytes.
Unreferencing block aggregates_mem_20130 (allocated as aggregates_mem_20130) in space 'device': 0 references remaining.
352 bytes freed (now allocated: 5340204 bytes)
Allocating 352 bytes for aggregates_mem_20130 in space 'device' (currently allocated: 5340204 bytes).
Received block of 352 bytes; now allocated: 5340556 bytes.
Unreferencing block incprefixes_mem_20132 (allocated as incprefixes_mem_20132) in space 'device': 0 references remaining.
352 bytes freed (now allocated: 5340204 bytes)
Allocating 352 bytes for incprefixes_mem_20132 in space 'device' (currently allocated: 5340204 bytes).
Received block of 352 bytes; now allocated: 5340556 bytes.
Event: main.segscan_19140
Kernel main.segscan_19140 with
  grid=(131,1,1)
  block=(256,1,1)
  shared memory=8192

Unreferencing block mem_19805 (allocated as mem_19805) in space 'device': 2 references remaining.
Allocating 266664 bytes for mem_19805 in space 'device' (currently allocated: 5340556 bytes).
Received block of 266664 bytes; now allocated: 5607220 bytes.

# Copy GPU to GPU
Shape: [33333]
Dst offset: 0
Dst strides: 1
Src offset: 0
Src strides: 1
## Flat copy

Event: copy_dev_to_dev

Unreferencing block mem_19807 (allocated as mem_19807) in space 'device': 2 references remaining.
Allocating 266664 bytes for mem_19807 in space 'device' (currently allocated: 5607220 bytes).
Received block of 266664 bytes; now allocated: 5873884 bytes.

# Copy GPU to GPU
Shape: [33333]
Dst offset: 0
Dst strides: 1
Src offset: 0
Src strides: 1
## Flat copy

Event: copy_dev_to_dev

Event: main.gpuseq_20361
Kernel main.gpuseq_20361 with
  grid=(1,1,1)
  block=(1,1,1)
  shared memory=0

Event: main.segmap_19142
Kernel main.segmap_19142 with
  grid=(131,1,1)
  block=(256,1,1)
  shared memory=0

Unreferencing block mem_19807 (allocated as mem_19807) in space 'device': 1 references remaining.
Unreferencing block mem_19805 (allocated as mem_19805) in space 'device': 1 references remaining.
Unreferencing block mem_param_tmp_20085 (allocated as mem_19807) in space 'device': 0 references remaining.
266664 bytes freed (now allocated: 5607220 bytes)
Unreferencing block mem_param_tmp_20086 (allocated as mem_19805) in space 'device': 0 references remaining.
266664 bytes freed (now allocated: 5340556 bytes)
Unreferencing block status_flags_mem_20096 (allocated as status_flags_mem_20096) in space 'device': 0 references remaining.
44 bytes freed (now allocated: 5340512 bytes)
Allocating 44 bytes for status_flags_mem_20096 in space 'device' (currently allocated: 5340512 bytes).
Received block of 44 bytes; now allocated: 5340556 bytes.
Event: builtin#replicate_i8.replicate_20103
Kernel builtin#replicate_i8.replicate_20103 with
  grid=(1,1,1)
  block=(256,1,1)
  shared memory=0

Unreferencing block aggregates_mem_20118 (allocated as aggregates_mem_20118) in space 'device': 0 references remaining.
352 bytes freed (now allocated: 5340204 bytes)
Allocating 352 bytes for aggregates_mem_20118 in space 'device' (currently allocated: 5340204 bytes).
Received block of 352 bytes; now allocated: 5340556 bytes.
Unreferencing block incprefixes_mem_20120 (allocated as incprefixes_mem_20120) in space 'device': 0 references remaining.
352 bytes freed (now allocated: 5340204 bytes)
Allocating 352 bytes for incprefixes_mem_20120 in space 'device' (currently allocated: 5340204 bytes).
Received block of 352 bytes; now allocated: 5340556 bytes.
Unreferencing block aggregates_mem_20122 (allocated as aggregates_mem_20122) in space 'device': 0 references remaining.
352 bytes freed (now allocated: 5340204 bytes)
Allocating 352 bytes for aggregates_mem_20122 in space 'device' (currently allocated: 5340204 bytes).
Received block of 352 bytes; now allocated: 5340556 bytes.
Unreferencing block incprefixes_mem_20124 (allocated as incprefixes_mem_20124) in space 'device': 0 references remaining.
352 bytes freed (now allocated: 5340204 bytes)
Allocating 352 bytes for incprefixes_mem_20124 in space 'device' (currently allocated: 5340204 bytes).
Received block of 352 bytes; now allocated: 5340556 bytes.
Unreferencing block aggregates_mem_20126 (allocated as aggregates_mem_20126) in space 'device': 0 references remaining.
352 bytes freed (now allocated: 5340204 bytes)
Allocating 352 bytes for aggregates_mem_20126 in space 'device' (currently allocated: 5340204 bytes).
Received block of 352 bytes; now allocated: 5340556 bytes.
Unreferencing block incprefixes_mem_20128 (allocated as incprefixes_mem_20128) in space 'device': 0 references remaining.
352 bytes freed (now allocated: 5340204 bytes)
Allocating 352 bytes for incprefixes_mem_20128 in space 'device' (currently allocated: 5340204 bytes).
Received block of 352 bytes; now allocated: 5340556 bytes.
Unreferencing block aggregates_mem_20130 (allocated as aggregates_mem_20130) in space 'device': 0 references remaining.
352 bytes freed (now allocated: 5340204 bytes)
Allocating 352 bytes for aggregates_mem_20130 in space 'device' (currently allocated: 5340204 bytes).
Received block of 352 bytes; now allocated: 5340556 bytes.
Unreferencing block incprefixes_mem_20132 (allocated as incprefixes_mem_20132) in space 'device': 0 references remaining.
352 bytes freed (now allocated: 5340204 bytes)
Allocating 352 bytes for incprefixes_mem_20132 in space 'device' (currently allocated: 5340204 bytes).
Received block of 352 bytes; now allocated: 5340556 bytes.
Event: main.segscan_19140
Kernel main.segscan_19140 with
  grid=(131,1,1)
  block=(256,1,1)
  shared memory=8192

Unreferencing block mem_19805 (allocated as mem_19805) in space 'device': 2 references remaining.
Allocating 266664 bytes for mem_19805 in space 'device' (currently allocated: 5340556 bytes).
Received block of 266664 bytes; now allocated: 5607220 bytes.

# Copy GPU to GPU
Shape: [33333]
Dst offset: 0
Dst strides: 1
Src offset: 0
Src strides: 1
## Flat copy

Event: copy_dev_to_dev

Unreferencing block mem_19807 (allocated as mem_19807) in space 'device': 2 references remaining.
Allocating 266664 bytes for mem_19807 in space 'device' (currently allocated: 5607220 bytes).
Received block of 266664 bytes; now allocated: 5873884 bytes.

# Copy GPU to GPU
Shape: [33333]
Dst offset: 0
Dst strides: 1
Src offset: 0
Src strides: 1
## Flat copy

Event: copy_dev_to_dev

Event: main.gpuseq_20361
Kernel main.gpuseq_20361 with
  grid=(1,1,1)
  block=(1,1,1)
  shared memory=0

Event: main.segmap_19142
Kernel main.segmap_19142 with
  grid=(131,1,1)
  block=(256,1,1)
  shared memory=0

Unreferencing block mem_19807 (allocated as mem_19807) in space 'device': 1 references remaining.
Unreferencing block mem_19805 (allocated as mem_19805) in space 'device': 1 references remaining.
Unreferencing block mem_param_tmp_20085 (allocated as mem_19807) in space 'device': 0 references remaining.
266664 bytes freed (now allocated: 5607220 bytes)
Unreferencing block mem_param_tmp_20086 (allocated as mem_19805) in space 'device': 0 references remaining.
266664 bytes freed (now allocated: 5340556 bytes)
Unreferencing block status_flags_mem_20096 (allocated as status_flags_mem_20096) in space 'device': 0 references remaining.
44 bytes freed (now allocated: 5340512 bytes)
Allocating 44 bytes for status_flags_mem_20096 in space 'device' (currently allocated: 5340512 bytes).
Received block of 44 bytes; now allocated: 5340556 bytes.
Event: builtin#replicate_i8.replicate_20103
Kernel builtin#replicate_i8.replicate_20103 with
  grid=(1,1,1)
  block=(256,1,1)
  shared memory=0

Unreferencing block aggregates_mem_20118 (allocated as aggregates_mem_20118) in space 'device': 0 references remaining.
352 bytes freed (now allocated: 5340204 bytes)
Allocating 352 bytes for aggregates_mem_20118 in space 'device' (currently allocated: 5340204 bytes).
Received block of 352 bytes; now allocated: 5340556 bytes.
Unreferencing block incprefixes_mem_20120 (allocated as incprefixes_mem_20120) in space 'device': 0 references remaining.
352 bytes freed (now allocated: 5340204 bytes)
Allocating 352 bytes for incprefixes_mem_20120 in space 'device' (currently allocated: 5340204 bytes).
Received block of 352 bytes; now allocated: 5340556 bytes.
Unreferencing block aggregates_mem_20122 (allocated as aggregates_mem_20122) in space 'device': 0 references remaining.
352 bytes freed (now allocated: 5340204 bytes)
Allocating 352 bytes for aggregates_mem_20122 in space 'device' (currently allocated: 5340204 bytes).
Received block of 352 bytes; now allocated: 5340556 bytes.
Unreferencing block incprefixes_mem_20124 (allocated as incprefixes_mem_20124) in space 'device': 0 references remaining.
352 bytes freed (now allocated: 5340204 bytes)
Allocating 352 bytes for incprefixes_mem_20124 in space 'device' (currently allocated: 5340204 bytes).
Received block of 352 bytes; now allocated: 5340556 bytes.
Unreferencing block aggregates_mem_20126 (allocated as aggregates_mem_20126) in space 'device': 0 references remaining.
352 bytes freed (now allocated: 5340204 bytes)
Allocating 352 bytes for aggregates_mem_20126 in space 'device' (currently allocated: 5340204 bytes).
Received block of 352 bytes; now allocated: 5340556 bytes.
Unreferencing block incprefixes_mem_20128 (allocated as incprefixes_mem_20128) in space 'device': 0 references remaining.
352 bytes freed (now allocated: 5340204 bytes)
Allocating 352 bytes for incprefixes_mem_20128 in space 'device' (currently allocated: 5340204 bytes).
Received block of 352 bytes; now allocated: 5340556 bytes.
Unreferencing block aggregates_mem_20130 (allocated as aggregates_mem_20130) in space 'device': 0 references remaining.
352 bytes freed (now allocated: 5340204 bytes)
Allocating 352 bytes for aggregates_mem_20130 in space 'device' (currently allocated: 5340204 bytes).
Received block of 352 bytes; now allocated: 5340556 bytes.
Unreferencing block incprefixes_mem_20132 (allocated as incprefixes_mem_20132) in space 'device': 0 references remaining.
352 bytes freed (now allocated: 5340204 bytes)
Allocating 352 bytes for incprefixes_mem_20132 in space 'device' (currently allocated: 5340204 bytes).
Received block of 352 bytes; now allocated: 5340556 bytes.
Event: main.segscan_19140
Kernel main.segscan_19140 with
  grid=(131,1,1)
  block=(256,1,1)
  shared memory=8192

Unreferencing block mem_19805 (allocated as mem_19805) in space 'device': 2 references remaining.
Allocating 266664 bytes for mem_19805 in space 'device' (currently allocated: 5340556 bytes).
Received block of 266664 bytes; now allocated: 5607220 bytes.

# Copy GPU to GPU
Shape: [33333]
Dst offset: 0
Dst strides: 1
Src offset: 0
Src strides: 1
## Flat copy

Event: copy_dev_to_dev

Unreferencing block mem_19807 (allocated as mem_19807) in space 'device': 2 references remaining.
Allocating 266664 bytes for mem_19807 in space 'device' (currently allocated: 5607220 bytes).
Received block of 266664 bytes; now allocated: 5873884 bytes.

# Copy GPU to GPU
Shape: [33333]
Dst offset: 0
Dst strides: 1
Src offset: 0
Src strides: 1
## Flat copy

Event: copy_dev_to_dev

Event: main.gpuseq_20361
Kernel main.gpuseq_20361 with
  grid=(1,1,1)
  block=(1,1,1)
  shared memory=0

Event: main.segmap_19142
Kernel main.segmap_19142 with
  grid=(131,1,1)
  block=(256,1,1)
  shared memory=0

Unreferencing block mem_19807 (allocated as mem_19807) in space 'device': 1 references remaining.
Unreferencing block mem_19805 (allocated as mem_19805) in space 'device': 1 references remaining.
Unreferencing block mem_param_tmp_20085 (allocated as mem_19807) in space 'device': 0 references remaining.
266664 bytes freed (now allocated: 5607220 bytes)
Unreferencing block mem_param_tmp_20086 (allocated as mem_19805) in space 'device': 0 references remaining.
266664 bytes freed (now allocated: 5340556 bytes)
Unreferencing block status_flags_mem_20096 (allocated as status_flags_mem_20096) in space 'device': 0 references remaining.
44 bytes freed (now allocated: 5340512 bytes)
Allocating 44 bytes for status_flags_mem_20096 in space 'device' (currently allocated: 5340512 bytes).
Received block of 44 bytes; now allocated: 5340556 bytes.
Event: builtin#replicate_i8.replicate_20103
Kernel builtin#replicate_i8.replicate_20103 with
  grid=(1,1,1)
  block=(256,1,1)
  shared memory=0

Unreferencing block aggregates_mem_20118 (allocated as aggregates_mem_20118) in space 'device': 0 references remaining.
352 bytes freed (now allocated: 5340204 bytes)
Allocating 352 bytes for aggregates_mem_20118 in space 'device' (currently allocated: 5340204 bytes).
Received block of 352 bytes; now allocated: 5340556 bytes.
Unreferencing block incprefixes_mem_20120 (allocated as incprefixes_mem_20120) in space 'device': 0 references remaining.
352 bytes freed (now allocated: 5340204 bytes)
Allocating 352 bytes for incprefixes_mem_20120 in space 'device' (currently allocated: 5340204 bytes).
Received block of 352 bytes; now allocated: 5340556 bytes.
Unreferencing block aggregates_mem_20122 (allocated as aggregates_mem_20122) in space 'device': 0 references remaining.
352 bytes freed (now allocated: 5340204 bytes)
Allocating 352 bytes for aggregates_mem_20122 in space 'device' (currently allocated: 5340204 bytes).
Received block of 352 bytes; now allocated: 5340556 bytes.
Unreferencing block incprefixes_mem_20124 (allocated as incprefixes_mem_20124) in space 'device': 0 references remaining.
352 bytes freed (now allocated: 5340204 bytes)
Allocating 352 bytes for incprefixes_mem_20124 in space 'device' (currently allocated: 5340204 bytes).
Received block of 352 bytes; now allocated: 5340556 bytes.
Unreferencing block aggregates_mem_20126 (allocated as aggregates_mem_20126) in space 'device': 0 references remaining.
352 bytes freed (now allocated: 5340204 bytes)
Allocating 352 bytes for aggregates_mem_20126 in space 'device' (currently allocated: 5340204 bytes).
Received block of 352 bytes; now allocated: 5340556 bytes.
Unreferencing block incprefixes_mem_20128 (allocated as incprefixes_mem_20128) in space 'device': 0 references remaining.
352 bytes freed (now allocated: 5340204 bytes)
Allocating 352 bytes for incprefixes_mem_20128 in space 'device' (currently allocated: 5340204 bytes).
Received block of 352 bytes; now allocated: 5340556 bytes.
Unreferencing block aggregates_mem_20130 (allocated as aggregates_mem_20130) in space 'device': 0 references remaining.
352 bytes freed (now allocated: 5340204 bytes)
Allocating 352 bytes for aggregates_mem_20130 in space 'device' (currently allocated: 5340204 bytes).
Received block of 352 bytes; now allocated: 5340556 bytes.
Unreferencing block incprefixes_mem_20132 (allocated as incprefixes_mem_20132) in space 'device': 0 references remaining.
352 bytes freed (now allocated: 5340204 bytes)
Allocating 352 bytes for incprefixes_mem_20132 in space 'device' (currently allocated: 5340204 bytes).
Received block of 352 bytes; now allocated: 5340556 bytes.
Event: main.segscan_19140
Kernel main.segscan_19140 with
  grid=(131,1,1)
  block=(256,1,1)
  shared memory=8192

Unreferencing block mem_19805 (allocated as mem_19805) in space 'device': 2 references remaining.
Allocating 266664 bytes for mem_19805 in space 'device' (currently allocated: 5340556 bytes).
Received block of 266664 bytes; now allocated: 5607220 bytes.

# Copy GPU to GPU
Shape: [33333]
Dst offset: 0
Dst strides: 1
Src offset: 0
Src strides: 1
## Flat copy

Event: copy_dev_to_dev

Unreferencing block mem_19807 (allocated as mem_19807) in space 'device': 2 references remaining.
Allocating 266664 bytes for mem_19807 in space 'device' (currently allocated: 5607220 bytes).
Received block of 266664 bytes; now allocated: 5873884 bytes.

# Copy GPU to GPU
Shape: [33333]
Dst offset: 0
Dst strides: 1
Src offset: 0
Src strides: 1
## Flat copy

Event: copy_dev_to_dev

Event: main.gpuseq_20361
Kernel main.gpuseq_20361 with
  grid=(1,1,1)
  block=(1,1,1)
  shared memory=0

Event: main.segmap_19142
Kernel main.segmap_19142 with
  grid=(131,1,1)
  block=(256,1,1)
  shared memory=0

Unreferencing block mem_19807 (allocated as mem_19807) in space 'device': 1 references remaining.
Unreferencing block mem_19805 (allocated as mem_19805) in space 'device': 1 references remaining.
Unreferencing block mem_param_tmp_20085 (allocated as mem_19807) in space 'device': 0 references remaining.
266664 bytes freed (now allocated: 5607220 bytes)
Unreferencing block mem_param_tmp_20086 (allocated as mem_19805) in space 'device': 0 references remaining.
266664 bytes freed (now allocated: 5340556 bytes)
Unreferencing block status_flags_mem_20096 (allocated as status_flags_mem_20096) in space 'device': 0 references remaining.
44 bytes freed (now allocated: 5340512 bytes)
Allocating 44 bytes for status_flags_mem_20096 in space 'device' (currently allocated: 5340512 bytes).
Received block of 44 bytes; now allocated: 5340556 bytes.
Event: builtin#replicate_i8.replicate_20103
Kernel builtin#replicate_i8.replicate_20103 with
  grid=(1,1,1)
  block=(256,1,1)
  shared memory=0

Unreferencing block aggregates_mem_20118 (allocated as aggregates_mem_20118) in space 'device': 0 references remaining.
352 bytes freed (now allocated: 5340204 bytes)
Allocating 352 bytes for aggregates_mem_20118 in space 'device' (currently allocated: 5340204 bytes).
Received block of 352 bytes; now allocated: 5340556 bytes.
Unreferencing block incprefixes_mem_20120 (allocated as incprefixes_mem_20120) in space 'device': 0 references remaining.
352 bytes freed (now allocated: 5340204 bytes)
Allocating 352 bytes for incprefixes_mem_20120 in space 'device' (currently allocated: 5340204 bytes).
Received block of 352 bytes; now allocated: 5340556 bytes.
Unreferencing block aggregates_mem_20122 (allocated as aggregates_mem_20122) in space 'device': 0 references remaining.
352 bytes freed (now allocated: 5340204 bytes)
Allocating 352 bytes for aggregates_mem_20122 in space 'device' (currently allocated: 5340204 bytes).
Received block of 352 bytes; now allocated: 5340556 bytes.
Unreferencing block incprefixes_mem_20124 (allocated as incprefixes_mem_20124) in space 'device': 0 references remaining.
352 bytes freed (now allocated: 5340204 bytes)
Allocating 352 bytes for incprefixes_mem_20124 in space 'device' (currently allocated: 5340204 bytes).
Received block of 352 bytes; now allocated: 5340556 bytes.
Unreferencing block aggregates_mem_20126 (allocated as aggregates_mem_20126) in space 'device': 0 references remaining.
352 bytes freed (now allocated: 5340204 bytes)
Allocating 352 bytes for aggregates_mem_20126 in space 'device' (currently allocated: 5340204 bytes).
Received block of 352 bytes; now allocated: 5340556 bytes.
Unreferencing block incprefixes_mem_20128 (allocated as incprefixes_mem_20128) in space 'device': 0 references remaining.
352 bytes freed (now allocated: 5340204 bytes)
Allocating 352 bytes for incprefixes_mem_20128 in space 'device' (currently allocated: 5340204 bytes).
Received block of 352 bytes; now allocated: 5340556 bytes.
Unreferencing block aggregates_mem_20130 (allocated as aggregates_mem_20130) in space 'device': 0 references remaining.
352 bytes freed (now allocated: 5340204 bytes)
Allocating 352 bytes for aggregates_mem_20130 in space 'device' (currently allocated: 5340204 bytes).
Received block of 352 bytes; now allocated: 5340556 bytes.
Unreferencing block incprefixes_mem_20132 (allocated as incprefixes_mem_20132) in space 'device': 0 references remaining.
352 bytes freed (now allocated: 5340204 bytes)
Allocating 352 bytes for incprefixes_mem_20132 in space 'device' (currently allocated: 5340204 bytes).
Received block of 352 bytes; now allocated: 5340556 bytes.
Event: main.segscan_19140
Kernel main.segscan_19140 with
  grid=(131,1,1)
  block=(256,1,1)
  shared memory=8192

Unreferencing block mem_19805 (allocated as mem_19805) in space 'device': 2 references remaining.
Allocating 266664 bytes for mem_19805 in space 'device' (currently allocated: 5340556 bytes).
Received block of 266664 bytes; now allocated: 5607220 bytes.

# Copy GPU to GPU
Shape: [33333]
Dst offset: 0
Dst strides: 1
Src offset: 0
Src strides: 1
## Flat copy

Event: copy_dev_to_dev

Unreferencing block mem_19807 (allocated as mem_19807) in space 'device': 2 references remaining.
Allocating 266664 bytes for mem_19807 in space 'device' (currently allocated: 5607220 bytes).
Received block of 266664 bytes; now allocated: 5873884 bytes.

# Copy GPU to GPU
Shape: [33333]
Dst offset: 0
Dst strides: 1
Src offset: 0
Src strides: 1
## Flat copy

Event: copy_dev_to_dev

Event: main.gpuseq_20361
Kernel main.gpuseq_20361 with
  grid=(1,1,1)
  block=(1,1,1)
  shared memory=0

Event: main.segmap_19142
Kernel main.segmap_19142 with
  grid=(131,1,1)
  block=(256,1,1)
  shared memory=0

Unreferencing block mem_19807 (allocated as mem_19807) in space 'device': 1 references remaining.
Unreferencing block mem_19805 (allocated as mem_19805) in space 'device': 1 references remaining.
Unreferencing block mem_param_tmp_20085 (allocated as mem_19807) in space 'device': 0 references remaining.
266664 bytes freed (now allocated: 5607220 bytes)
Unreferencing block mem_param_tmp_20086 (allocated as mem_19805) in space 'device': 0 references remaining.
266664 bytes freed (now allocated: 5340556 bytes)
Unreferencing block status_flags_mem_20096 (allocated as status_flags_mem_20096) in space 'device': 0 references remaining.
44 bytes freed (now allocated: 5340512 bytes)
Allocating 44 bytes for status_flags_mem_20096 in space 'device' (currently allocated: 5340512 bytes).
Received block of 44 bytes; now allocated: 5340556 bytes.
Event: builtin#replicate_i8.replicate_20103
Kernel builtin#replicate_i8.replicate_20103 with
  grid=(1,1,1)
  block=(256,1,1)
  shared memory=0

Unreferencing block aggregates_mem_20118 (allocated as aggregates_mem_20118) in space 'device': 0 references remaining.
352 bytes freed (now allocated: 5340204 bytes)
Allocating 352 bytes for aggregates_mem_20118 in space 'device' (currently allocated: 5340204 bytes).
Received block of 352 bytes; now allocated: 5340556 bytes.
Unreferencing block incprefixes_mem_20120 (allocated as incprefixes_mem_20120) in space 'device': 0 references remaining.
352 bytes freed (now allocated: 5340204 bytes)
Allocating 352 bytes for incprefixes_mem_20120 in space 'device' (currently allocated: 5340204 bytes).
Received block of 352 bytes; now allocated: 5340556 bytes.
Unreferencing block aggregates_mem_20122 (allocated as aggregates_mem_20122) in space 'device': 0 references remaining.
352 bytes freed (now allocated: 5340204 bytes)
Allocating 352 bytes for aggregates_mem_20122 in space 'device' (currently allocated: 5340204 bytes).
Received block of 352 bytes; now allocated: 5340556 bytes.
Unreferencing block incprefixes_mem_20124 (allocated as incprefixes_mem_20124) in space 'device': 0 references remaining.
352 bytes freed (now allocated: 5340204 bytes)
Allocating 352 bytes for incprefixes_mem_20124 in space 'device' (currently allocated: 5340204 bytes).
Received block of 352 bytes; now allocated: 5340556 bytes.
Unreferencing block aggregates_mem_20126 (allocated as aggregates_mem_20126) in space 'device': 0 references remaining.
352 bytes freed (now allocated: 5340204 bytes)
Allocating 352 bytes for aggregates_mem_20126 in space 'device' (currently allocated: 5340204 bytes).
Received block of 352 bytes; now allocated: 5340556 bytes.
Unreferencing block incprefixes_mem_20128 (allocated as incprefixes_mem_20128) in space 'device': 0 references remaining.
352 bytes freed (now allocated: 5340204 bytes)
Allocating 352 bytes for incprefixes_mem_20128 in space 'device' (currently allocated: 5340204 bytes).
Received block of 352 bytes; now allocated: 5340556 bytes.
Unreferencing block aggregates_mem_20130 (allocated as aggregates_mem_20130) in space 'device': 0 references remaining.
352 bytes freed (now allocated: 5340204 bytes)
Allocating 352 bytes for aggregates_mem_20130 in space 'device' (currently allocated: 5340204 bytes).
Received block of 352 bytes; now allocated: 5340556 bytes.
Unreferencing block incprefixes_mem_20132 (allocated as incprefixes_mem_20132) in space 'device': 0 references remaining.
352 bytes freed (now allocated: 5340204 bytes)
Allocating 352 bytes for incprefixes_mem_20132 in space 'device' (currently allocated: 5340204 bytes).
Received block of 352 bytes; now allocated: 5340556 bytes.
Event: main.segscan_19140
Kernel main.segscan_19140 with
  grid=(131,1,1)
  block=(256,1,1)
  shared memory=8192

Unreferencing block mem_19805 (allocated as mem_19805) in space 'device': 2 references remaining.
Allocating 266664 bytes for mem_19805 in space 'device' (currently allocated: 5340556 bytes).
Received block of 266664 bytes; now allocated: 5607220 bytes.

# Copy GPU to GPU
Shape: [33333]
Dst offset: 0
Dst strides: 1
Src offset: 0
Src strides: 1
## Flat copy

Event: copy_dev_to_dev

Unreferencing block mem_19807 (allocated as mem_19807) in space 'device': 2 references remaining.
Allocating 266664 bytes for mem_19807 in space 'device' (currently allocated: 5607220 bytes).
Received block of 266664 bytes; now allocated: 5873884 bytes.

# Copy GPU to GPU
Shape: [33333]
Dst offset: 0
Dst strides: 1
Src offset: 0
Src strides: 1
## Flat copy

Event: copy_dev_to_dev

Event: main.gpuseq_20361
Kernel main.gpuseq_20361 with
  grid=(1,1,1)
  block=(1,1,1)
  shared memory=0

Event: main.segmap_19142
Kernel main.segmap_19142 with
  grid=(131,1,1)
  block=(256,1,1)
  shared memory=0

Unreferencing block mem_19807 (allocated as mem_19807) in space 'device': 1 references remaining.
Unreferencing block mem_19805 (allocated as mem_19805) in space 'device': 1 references remaining.
Unreferencing block mem_param_tmp_20085 (allocated as mem_19807) in space 'device': 0 references remaining.
266664 bytes freed (now allocated: 5607220 bytes)
Unreferencing block mem_param_tmp_20086 (allocated as mem_19805) in space 'device': 0 references remaining.
266664 bytes freed (now allocated: 5340556 bytes)
Unreferencing block status_flags_mem_20096 (allocated as status_flags_mem_20096) in space 'device': 0 references remaining.
44 bytes freed (now allocated: 5340512 bytes)
Allocating 44 bytes for status_flags_mem_20096 in space 'device' (currently allocated: 5340512 bytes).
Received block of 44 bytes; now allocated: 5340556 bytes.
Event: builtin#replicate_i8.replicate_20103
Kernel builtin#replicate_i8.replicate_20103 with
  grid=(1,1,1)
  block=(256,1,1)
  shared memory=0

Unreferencing block aggregates_mem_20118 (allocated as aggregates_mem_20118) in space 'device': 0 references remaining.
352 bytes freed (now allocated: 5340204 bytes)
Allocating 352 bytes for aggregates_mem_20118 in space 'device' (currently allocated: 5340204 bytes).
Received block of 352 bytes; now allocated: 5340556 bytes.
Unreferencing block incprefixes_mem_20120 (allocated as incprefixes_mem_20120) in space 'device': 0 references remaining.
352 bytes freed (now allocated: 5340204 bytes)
Allocating 352 bytes for incprefixes_mem_20120 in space 'device' (currently allocated: 5340204 bytes).
Received block of 352 bytes; now allocated: 5340556 bytes.
Unreferencing block aggregates_mem_20122 (allocated as aggregates_mem_20122) in space 'device': 0 references remaining.
352 bytes freed (now allocated: 5340204 bytes)
Allocating 352 bytes for aggregates_mem_20122 in space 'device' (currently allocated: 5340204 bytes).
Received block of 352 bytes; now allocated: 5340556 bytes.
Unreferencing block incprefixes_mem_20124 (allocated as incprefixes_mem_20124) in space 'device': 0 references remaining.
352 bytes freed (now allocated: 5340204 bytes)
Allocating 352 bytes for incprefixes_mem_20124 in space 'device' (currently allocated: 5340204 bytes).
Received block of 352 bytes; now allocated: 5340556 bytes.
Unreferencing block aggregates_mem_20126 (allocated as aggregates_mem_20126) in space 'device': 0 references remaining.
352 bytes freed (now allocated: 5340204 bytes)
Allocating 352 bytes for aggregates_mem_20126 in space 'device' (currently allocated: 5340204 bytes).
Received block of 352 bytes; now allocated: 5340556 bytes.
Unreferencing block incprefixes_mem_20128 (allocated as incprefixes_mem_20128) in space 'device': 0 references remaining.
352 bytes freed (now allocated: 5340204 bytes)
Allocating 352 bytes for incprefixes_mem_20128 in space 'device' (currently allocated: 5340204 bytes).
Received block of 352 bytes; now allocated: 5340556 bytes.
Unreferencing block aggregates_mem_20130 (allocated as aggregates_mem_20130) in space 'device': 0 references remaining.
352 bytes freed (now allocated: 5340204 bytes)
Allocating 352 bytes for aggregates_mem_20130 in space 'device' (currently allocated: 5340204 bytes).
Received block of 352 bytes; now allocated: 5340556 bytes.
Unreferencing block incprefixes_mem_20132 (allocated as incprefixes_mem_20132) in space 'device': 0 references remaining.
352 bytes freed (now allocated: 5340204 bytes)
Allocating 352 bytes for incprefixes_mem_20132 in space 'device' (currently allocated: 5340204 bytes).
Received block of 352 bytes; now allocated: 5340556 bytes.
Event: main.segscan_19140
Kernel main.segscan_19140 with
  grid=(131,1,1)
  block=(256,1,1)
  shared memory=8192

Unreferencing block mem_19805 (allocated as mem_19805) in space 'device': 2 references remaining.
Allocating 266664 bytes for mem_19805 in space 'device' (currently allocated: 5340556 bytes).
Received block of 266664 bytes; now allocated: 5607220 bytes.

# Copy GPU to GPU
Shape: [33333]
Dst offset: 0
Dst strides: 1
Src offset: 0
Src strides: 1
## Flat copy

Event: copy_dev_to_dev

Unreferencing block mem_19807 (allocated as mem_19807) in space 'device': 2 references remaining.
Allocating 266664 bytes for mem_19807 in space 'device' (currently allocated: 5607220 bytes).
Received block of 266664 bytes; now allocated: 5873884 bytes.

# Copy GPU to GPU
Shape: [33333]
Dst offset: 0
Dst strides: 1
Src offset: 0
Src strides: 1
## Flat copy

Event: copy_dev_to_dev

Event: main.gpuseq_20361
Kernel main.gpuseq_20361 with
  grid=(1,1,1)
  block=(1,1,1)
  shared memory=0

Event: main.segmap_19142
Kernel main.segmap_19142 with
  grid=(131,1,1)
  block=(256,1,1)
  shared memory=0

Unreferencing block mem_19807 (allocated as mem_19807) in space 'device': 1 references remaining.
Unreferencing block mem_19805 (allocated as mem_19805) in space 'device': 1 references remaining.
Unreferencing block mem_param_tmp_20085 (allocated as mem_19807) in space 'device': 0 references remaining.
266664 bytes freed (now allocated: 5607220 bytes)
Unreferencing block mem_param_tmp_20086 (allocated as mem_19805) in space 'device': 0 references remaining.
266664 bytes freed (now allocated: 5340556 bytes)
Unreferencing block mem_19777 (allocated as mem_19777) in space 'device': 0 references remaining.
266664 bytes freed (now allocated: 5073892 bytes)
Unreferencing block mem_19786 (allocated as mem_19786) in space 'device': 0 references remaining.
266664 bytes freed (now allocated: 4807228 bytes)
Unreferencing block mem_19795 (allocated as mem_19795) in space 'device': 0 references remaining.
266664 bytes freed (now allocated: 4540564 bytes)
Unreferencing block mem_19797 (allocated as mem_19797) in space 'device': 0 references remaining.
266664 bytes freed (now allocated: 4273900 bytes)
Unreferencing block mem_19799 (allocated as mem_19799) in space 'device': 0 references remaining.
266664 bytes freed (now allocated: 4007236 bytes)
Unreferencing block mem_19801 (allocated as mem_19801) in space 'device': 0 references remaining.
266664 bytes freed (now allocated: 3740572 bytes)
Unreferencing block mem_19803 (allocated as mem_19803) in space 'device': 0 references remaining.
133332 bytes freed (now allocated: 3607240 bytes)
Unreferencing block mem_19808 (allocated as mem_19808) in space 'device': 0 references remaining.
8 bytes freed (now allocated: 3607232 bytes)
Unreferencing block mem_19809 (allocated as mem_19809) in space 'device': 0 references remaining.
8 bytes freed (now allocated: 3607224 bytes)
Unreferencing block mem_19810 (allocated as mem_19810) in space 'device': 0 references remaining.
8 bytes freed (now allocated: 3607216 bytes)
Allocating 266664 bytes for mem_19820 in space 'device' (currently allocated: 3607216 bytes).
Received block of 266664 bytes; now allocated: 3873880 bytes.
Allocating 266664 bytes for mem_19822 in space 'device' (currently allocated: 3873880 bytes).
Received block of 266664 bytes; now allocated: 4140544 bytes.
Allocating 266664 bytes for mem_19824 in space 'device' (currently allocated: 4140544 bytes).
Received block of 266664 bytes; now allocated: 4407208 bytes.
Allocating 266664 bytes for mem_19826 in space 'device' (currently allocated: 4407208 bytes).
Received block of 266664 bytes; now allocated: 4673872 bytes.
Allocating 266664 bytes for mem_19828 in space 'device' (currently allocated: 4673872 bytes).
Received block of 266664 bytes; now allocated: 4940536 bytes.
Event: main.segmap_19184
Kernel main.segmap_19184 with
  grid=(131,1,1)
  block=(256,1,1)
  shared memory=0

Unreferencing block mem_19767 (allocated as mem_19767) in space 'device': 0 references remaining.
266664 bytes freed (now allocated: 4673872 bytes)
Unreferencing block mem_19769 (allocated as mem_19769) in space 'device': 0 references remaining.
266664 bytes freed (now allocated: 4407208 bytes)
Unreferencing block mem_19771 (allocated as mem_19771) in space 'device': 0 references remaining.
266664 bytes freed (now allocated: 4140544 bytes)
Unreferencing block mem_19773 (allocated as mem_19773) in space 'device': 0 references remaining.
266664 bytes freed (now allocated: 3873880 bytes)
Unreferencing block mem_19780 (allocated as mem_19780) in space 'device': 0 references remaining.
8 bytes freed (now allocated: 3873872 bytes)
Unreferencing block mem_19781 (allocated as mem_19781) in space 'device': 0 references remaining.
8 bytes freed (now allocated: 3873864 bytes)
Unreferencing block mem_19782 (allocated as mem_19782) in space 'device': 0 references remaining.
8 bytes freed (now allocated: 3873856 bytes)
Unreferencing block mem_19783 (allocated as mem_19783) in space 'device': 0 references remaining.
8 bytes freed (now allocated: 3873848 bytes)
Unreferencing block ext_mem_19816 (allocated as mem_19805) in space 'device': 3 references remaining.
Allocating 33332 bytes for mem_19830 in space 'device' (currently allocated: 3873848 bytes).
Received block of 33332 bytes; now allocated: 3907180 bytes.
Allocating 133328 bytes for mem_19832 in space 'device' (currently allocated: 3907180 bytes).
Received block of 133328 bytes; now allocated: 4040508 bytes.
Allocating 33332 bytes for mem_19833 in space 'device' (currently allocated: 4040508 bytes).
Received block of 33332 bytes; now allocated: 4073840 bytes.
Allocating 133328 bytes for mem_19835 in space 'device' (currently allocated: 4073840 bytes).
Received block of 133328 bytes; now allocated: 4207168 bytes.
Allocating 266656 bytes for mem_19837 in space 'device' (currently allocated: 4207168 bytes).
Received block of 266656 bytes; now allocated: 4473824 bytes.
Allocating 266656 bytes for mem_19839 in space 'device' (currently allocated: 4473824 bytes).
Received block of 266656 bytes; now allocated: 4740480 bytes.
Event: main.segmap_19414
Kernel main.segmap_19414 with
  grid=(131,1,1)
  block=(256,1,1)
  shared memory=0

Unreferencing block mem_19820 (allocated as mem_19820) in space 'device': 0 references remaining.
266664 bytes freed (now allocated: 4473816 bytes)
Allocating 33332 bytes for mem_19864 in space 'device' (currently allocated: 4473816 bytes).
Received block of 33332 bytes; now allocated: 4507148 bytes.

# Copy GPU to GPU
Shape: [33332]
Dst offset: 0
Dst strides: 1
Src offset: 0
Src strides: 1
## Flat copy

Event: copy_dev_to_dev

Allocating 133328 bytes for mem_19866 in space 'device' (currently allocated: 4507148 bytes).
Received block of 133328 bytes; now allocated: 4640476 bytes.

# Copy GPU to GPU
Shape: [33332]
Dst offset: 0
Dst strides: 1
Src offset: 0
Src strides: 1
## Flat copy

Event: copy_dev_to_dev

Allocating 33332 bytes for mem_19867 in space 'device' (currently allocated: 4640476 bytes).
Received block of 33332 bytes; now allocated: 4673808 bytes.

# Copy GPU to GPU
Shape: [33332]
Dst offset: 0
Dst strides: 1
Src offset: 0
Src strides: 1
## Flat copy

Event: copy_dev_to_dev

Allocating 133328 bytes for mem_19869 in space 'device' (currently allocated: 4673808 bytes).
Received block of 133328 bytes; now allocated: 4807136 bytes.

# Copy GPU to GPU
Shape: [33332]
Dst offset: 0
Dst strides: 1
Src offset: 0
Src strides: 1
## Flat copy

Event: copy_dev_to_dev

Allocating 266656 bytes for mem_19872 in space 'device' (currently allocated: 4807136 bytes).
Received block of 266664 bytes; now allocated: 5073800 bytes.
Allocating 266656 bytes for mem_19874 in space 'device' (currently allocated: 5073800 bytes).
Received block of 266664 bytes; now allocated: 5340464 bytes.
Allocating 266656 bytes for mem_19876 in space 'device' (currently allocated: 5340464 bytes).
Received block of 266664 bytes; now allocated: 5607128 bytes.
Allocating 266656 bytes for mem_19878 in space 'device' (currently allocated: 5607128 bytes).
Received block of 266664 bytes; now allocated: 5873792 bytes.
Event: main.segmap_19659
Kernel main.segmap_19659 with
  grid=(131,1,1)
  block=(256,1,1)
  shared memory=0

Unreferencing block mem_param_tmp_20406 (allocated as mem_19775) in space 'device': 4 references remaining.
Unreferencing block mem_param_tmp_20407 (allocated as mem_19775) in space 'device': 3 references remaining.
Unreferencing block mem_param_tmp_20408 (allocated as mem_19775) in space 'device': 2 references remaining.
Unreferencing block mem_param_tmp_20409 (allocated as mem_19775) in space 'device': 1 references remaining.
Unreferencing block mem_param_tmp_20410 (allocated as mem_19830) in space 'device': 1 references remaining.
Unreferencing block mem_param_tmp_20411 (allocated as mem_19832) in space 'device': 1 references remaining.
Unreferencing block mem_param_tmp_20412 (allocated as mem_19833) in space 'device': 1 references remaining.
Unreferencing block mem_param_tmp_20413 (allocated as mem_19835) in space 'device': 1 references remaining.
Unreferencing block mem_19864 (allocated as mem_19864) in space 'device': 2 references remaining.
Allocating 33332 bytes for mem_19864 in space 'device' (currently allocated: 5873792 bytes).
Received block of 33332 bytes; now allocated: 5907124 bytes.

# Copy GPU to GPU
Shape: [33332]
Dst offset: 0
Dst strides: 1
Src offset: 0
Src strides: 1
## Flat copy

Event: copy_dev_to_dev

Unreferencing block mem_19866 (allocated as mem_19866) in space 'device': 2 references remaining.
Allocating 133328 bytes for mem_19866 in space 'device' (currently allocated: 5907124 bytes).
Received block of 133328 bytes; now allocated: 6040452 bytes.

# Copy GPU to GPU
Shape: [33332]
Dst offset: 0
Dst strides: 1
Src offset: 0
Src strides: 1
## Flat copy

Event: copy_dev_to_dev

Unreferencing block mem_19867 (allocated as mem_19867) in space 'device': 2 references remaining.
Allocating 33332 bytes for mem_19867 in space 'device' (currently allocated: 6040452 bytes).
Received block of 33332 bytes; now allocated: 6073784 bytes.

# Copy GPU to GPU
Shape: [33332]
Dst offset: 0
Dst strides: 1
Src offset: 0
Src strides: 1
## Flat copy

Event: copy_dev_to_dev

Unreferencing block mem_19869 (allocated as mem_19869) in space 'device': 2 references remaining.
Allocating 133328 bytes for mem_19869 in space 'device' (currently allocated: 6073784 bytes).
Received block of 133332 bytes; now allocated: 6207116 bytes.

# Copy GPU to GPU
Shape: [33332]
Dst offset: 0
Dst strides: 1
Src offset: 0
Src strides: 1
## Flat copy

Event: copy_dev_to_dev

Unreferencing block mem_19872 (allocated as mem_19872) in space 'device': 2 references remaining.
Allocating 266656 bytes for mem_19872 in space 'device' (currently allocated: 6207116 bytes).
Received block of 266664 bytes; now allocated: 6473780 bytes.
Unreferencing block mem_19874 (allocated as mem_19874) in space 'device': 2 references remaining.
Allocating 266656 bytes for mem_19874 in space 'device' (currently allocated: 6473780 bytes).
Received block of 266664 bytes; now allocated: 6740444 bytes.
Unreferencing block mem_19876 (allocated as mem_19876) in space 'device': 2 references remaining.
Allocating 266656 bytes for mem_19876 in space 'device' (currently allocated: 6740444 bytes).
Received block of 266664 bytes; now allocated: 7007108 bytes.
Unreferencing block mem_19878 (allocated as mem_19878) in space 'device': 2 references remaining.
Allocating 266656 bytes for mem_19878 in space 'device' (currently allocated: 7007108 bytes).
Received block of 266664 bytes; now allocated: 7273772 bytes.
Event: main.segmap_19659
Kernel main.segmap_19659 with
  grid=(131,1,1)
  block=(256,1,1)
  shared memory=0

Unreferencing block mem_19872 (allocated as mem_19872) in space 'device': 1 references remaining.
Unreferencing block mem_19874 (allocated as mem_19874) in space 'device': 1 references remaining.
Unreferencing block mem_19876 (allocated as mem_19876) in space 'device': 1 references remaining.
Unreferencing block mem_19878 (allocated as mem_19878) in space 'device': 1 references remaining.
Unreferencing block mem_19864 (allocated as mem_19864) in space 'device': 1 references remaining.
Unreferencing block mem_19866 (allocated as mem_19866) in space 'device': 1 references remaining.
Unreferencing block mem_19867 (allocated as mem_19867) in space 'device': 1 references remaining.
Unreferencing block mem_19869 (allocated as mem_19869) in space 'device': 1 references remaining.
Unreferencing block mem_param_tmp_20406 (allocated as mem_19872) in space 'device': 0 references remaining.
266664 bytes freed (now allocated: 7007108 bytes)
Unreferencing block mem_param_tmp_20407 (allocated as mem_19874) in space 'device': 0 references remaining.
266664 bytes freed (now allocated: 6740444 bytes)
Unreferencing block mem_param_tmp_20408 (allocated as mem_19876) in space 'device': 0 references remaining.
266664 bytes freed (now allocated: 6473780 bytes)
Unreferencing block mem_param_tmp_20409 (allocated as mem_19878) in space 'device': 0 references remaining.
266664 bytes freed (now allocated: 6207116 bytes)
Unreferencing block mem_param_tmp_20410 (allocated as mem_19864) in space 'device': 0 references remaining.
33332 bytes freed (now allocated: 6173784 bytes)
Unreferencing block mem_param_tmp_20411 (allocated as mem_19866) in space 'device': 0 references remaining.
133328 bytes freed (now allocated: 6040456 bytes)
Unreferencing block mem_param_tmp_20412 (allocated as mem_19867) in space 'device': 0 references remaining.
33332 bytes freed (now allocated: 6007124 bytes)
Unreferencing block mem_param_tmp_20413 (allocated as mem_19869) in space 'device': 0 references remaining.
133328 bytes freed (now allocated: 5873796 bytes)
Unreferencing block mem_19864 (allocated as mem_19864) in space 'device': 2 references remaining.
Allocating 33332 bytes for mem_19864 in space 'device' (currently allocated: 5873796 bytes).
Received block of 33332 bytes; now allocated: 5907128 bytes.

# Copy GPU to GPU
Shape: [33332]
Dst offset: 0
Dst strides: 1
Src offset: 0
Src strides: 1
## Flat copy

Event: copy_dev_to_dev

Unreferencing block mem_19866 (allocated as mem_19866) in space 'device': 2 references remaining.
Allocating 133328 bytes for mem_19866 in space 'device' (currently allocated: 5907128 bytes).
Received block of 133328 bytes; now allocated: 6040456 bytes.

# Copy GPU to GPU
Shape: [33332]
Dst offset: 0
Dst strides: 1
Src offset: 0
Src strides: 1
## Flat copy

Event: copy_dev_to_dev

Unreferencing block mem_19867 (allocated as mem_19867) in space 'device': 2 references remaining.
Allocating 33332 bytes for mem_19867 in space 'device' (currently allocated: 6040456 bytes).
Received block of 33332 bytes; now allocated: 6073788 bytes.

# Copy GPU to GPU
Shape: [33332]
Dst offset: 0
Dst strides: 1
Src offset: 0
Src strides: 1
## Flat copy

Event: copy_dev_to_dev

Unreferencing block mem_19869 (allocated as mem_19869) in space 'device': 2 references remaining.
Allocating 133328 bytes for mem_19869 in space 'device' (currently allocated: 6073788 bytes).
Received block of 133328 bytes; now allocated: 6207116 bytes.

# Copy GPU to GPU
Shape: [33332]
Dst offset: 0
Dst strides: 1
Src offset: 0
Src strides: 1
## Flat copy

Event: copy_dev_to_dev

Unreferencing block mem_19872 (allocated as mem_19872) in space 'device': 2 references remaining.
Allocating 266656 bytes for mem_19872 in space 'device' (currently allocated: 6207116 bytes).
Received block of 266664 bytes; now allocated: 6473780 bytes.
Unreferencing block mem_19874 (allocated as mem_19874) in space 'device': 2 references remaining.
Allocating 266656 bytes for mem_19874 in space 'device' (currently allocated: 6473780 bytes).
Received block of 266664 bytes; now allocated: 6740444 bytes.
Unreferencing block mem_19876 (allocated as mem_19876) in space 'device': 2 references remaining.
Allocating 266656 bytes for mem_19876 in space 'device' (currently allocated: 6740444 bytes).
Received block of 266664 bytes; now allocated: 7007108 bytes.
Unreferencing block mem_19878 (allocated as mem_19878) in space 'device': 2 references remaining.
Allocating 266656 bytes for mem_19878 in space 'device' (currently allocated: 7007108 bytes).
Received block of 266664 bytes; now allocated: 7273772 bytes.
Event: main.segmap_19659
Kernel main.segmap_19659 with
  grid=(131,1,1)
  block=(256,1,1)
  shared memory=0

Unreferencing block mem_19872 (allocated as mem_19872) in space 'device': 1 references remaining.
Unreferencing block mem_19874 (allocated as mem_19874) in space 'device': 1 references remaining.
Unreferencing block mem_19876 (allocated as mem_19876) in space 'device': 1 references remaining.
Unreferencing block mem_19878 (allocated as mem_19878) in space 'device': 1 references remaining.
Unreferencing block mem_19864 (allocated as mem_19864) in space 'device': 1 references remaining.
Unreferencing block mem_19866 (allocated as mem_19866) in space 'device': 1 references remaining.
Unreferencing block mem_19867 (allocated as mem_19867) in space 'device': 1 references remaining.
Unreferencing block mem_19869 (allocated as mem_19869) in space 'device': 1 references remaining.
Unreferencing block mem_param_tmp_20406 (allocated as mem_19872) in space 'device': 0 references remaining.
266664 bytes freed (now allocated: 7007108 bytes)
Unreferencing block mem_param_tmp_20407 (allocated as mem_19874) in space 'device': 0 references remaining.
266664 bytes freed (now allocated: 6740444 bytes)
Unreferencing block mem_param_tmp_20408 (allocated as mem_19876) in space 'device': 0 references remaining.
266664 bytes freed (now allocated: 6473780 bytes)
Unreferencing block mem_param_tmp_20409 (allocated as mem_19878) in space 'device': 0 references remaining.
266664 bytes freed (now allocated: 6207116 bytes)
Unreferencing block mem_param_tmp_20410 (allocated as mem_19864) in space 'device': 0 references remaining.
33332 bytes freed (now allocated: 6173784 bytes)
Unreferencing block mem_param_tmp_20411 (allocated as mem_19866) in space 'device': 0 references remaining.
133328 bytes freed (now allocated: 6040456 bytes)
Unreferencing block mem_param_tmp_20412 (allocated as mem_19867) in space 'device': 0 references remaining.
33332 bytes freed (now allocated: 6007124 bytes)
Unreferencing block mem_param_tmp_20413 (allocated as mem_19869) in space 'device': 0 references remaining.
133332 bytes freed (now allocated: 5873792 bytes)
Unreferencing block mem_19864 (allocated as mem_19864) in space 'device': 2 references remaining.
Allocating 33332 bytes for mem_19864 in space 'device' (currently allocated: 5873792 bytes).
Received block of 33332 bytes; now allocated: 5907124 bytes.

# Copy GPU to GPU
Shape: [33332]
Dst offset: 0
Dst strides: 1
Src offset: 0
Src strides: 1
## Flat copy

Event: copy_dev_to_dev

Unreferencing block mem_19866 (allocated as mem_19866) in space 'device': 2 references remaining.
Allocating 133328 bytes for mem_19866 in space 'device' (currently allocated: 5907124 bytes).
Received block of 133328 bytes; now allocated: 6040452 bytes.

# Copy GPU to GPU
Shape: [33332]
Dst offset: 0
Dst strides: 1
Src offset: 0
Src strides: 1
## Flat copy

Event: copy_dev_to_dev

Unreferencing block mem_19867 (allocated as mem_19867) in space 'device': 2 references remaining.
Allocating 33332 bytes for mem_19867 in space 'device' (currently allocated: 6040452 bytes).
Received block of 33332 bytes; now allocated: 6073784 bytes.

# Copy GPU to GPU
Shape: [33332]
Dst offset: 0
Dst strides: 1
Src offset: 0
Src strides: 1
## Flat copy

Event: copy_dev_to_dev

Unreferencing block mem_19869 (allocated as mem_19869) in space 'device': 2 references remaining.
Allocating 133328 bytes for mem_19869 in space 'device' (currently allocated: 6073784 bytes).
Received block of 133332 bytes; now allocated: 6207116 bytes.

# Copy GPU to GPU
Shape: [33332]
Dst offset: 0
Dst strides: 1
Src offset: 0
Src strides: 1
## Flat copy

Event: copy_dev_to_dev

Unreferencing block mem_19872 (allocated as mem_19872) in space 'device': 2 references remaining.
Allocating 266656 bytes for mem_19872 in space 'device' (currently allocated: 6207116 bytes).
Received block of 266664 bytes; now allocated: 6473780 bytes.
Unreferencing block mem_19874 (allocated as mem_19874) in space 'device': 2 references remaining.
Allocating 266656 bytes for mem_19874 in space 'device' (currently allocated: 6473780 bytes).
Received block of 266664 bytes; now allocated: 6740444 bytes.
Unreferencing block mem_19876 (allocated as mem_19876) in space 'device': 2 references remaining.
Allocating 266656 bytes for mem_19876 in space 'device' (currently allocated: 6740444 bytes).
Received block of 266664 bytes; now allocated: 7007108 bytes.
Unreferencing block mem_19878 (allocated as mem_19878) in space 'device': 2 references remaining.
Allocating 266656 bytes for mem_19878 in space 'device' (currently allocated: 7007108 bytes).
Received block of 266664 bytes; now allocated: 7273772 bytes.
Event: main.segmap_19659
Kernel main.segmap_19659 with
  grid=(131,1,1)
  block=(256,1,1)
  shared memory=0

Unreferencing block mem_19872 (allocated as mem_19872) in space 'device': 1 references remaining.
Unreferencing block mem_19874 (allocated as mem_19874) in space 'device': 1 references remaining.
Unreferencing block mem_19876 (allocated as mem_19876) in space 'device': 1 references remaining.
Unreferencing block mem_19878 (allocated as mem_19878) in space 'device': 1 references remaining.
Unreferencing block mem_19864 (allocated as mem_19864) in space 'device': 1 references remaining.
Unreferencing block mem_19866 (allocated as mem_19866) in space 'device': 1 references remaining.
Unreferencing block mem_19867 (allocated as mem_19867) in space 'device': 1 references remaining.
Unreferencing block mem_19869 (allocated as mem_19869) in space 'device': 1 references remaining.
Unreferencing block mem_param_tmp_20406 (allocated as mem_19872) in space 'device': 0 references remaining.
266664 bytes freed (now allocated: 7007108 bytes)
Unreferencing block mem_param_tmp_20407 (allocated as mem_19874) in space 'device': 0 references remaining.
266664 bytes freed (now allocated: 6740444 bytes)
Unreferencing block mem_param_tmp_20408 (allocated as mem_19876) in space 'device': 0 references remaining.
266664 bytes freed (now allocated: 6473780 bytes)
Unreferencing block mem_param_tmp_20409 (allocated as mem_19878) in space 'device': 0 references remaining.
266664 bytes freed (now allocated: 6207116 bytes)
Unreferencing block mem_param_tmp_20410 (allocated as mem_19864) in space 'device': 0 references remaining.
33332 bytes freed (now allocated: 6173784 bytes)
Unreferencing block mem_param_tmp_20411 (allocated as mem_19866) in space 'device': 0 references remaining.
133328 bytes freed (now allocated: 6040456 bytes)
Unreferencing block mem_param_tmp_20412 (allocated as mem_19867) in space 'device': 0 references remaining.
33332 bytes freed (now allocated: 6007124 bytes)
Unreferencing block mem_param_tmp_20413 (allocated as mem_19869) in space 'device': 0 references remaining.
133328 bytes freed (now allocated: 5873796 bytes)
Unreferencing block mem_19864 (allocated as mem_19864) in space 'device': 2 references remaining.
Allocating 33332 bytes for mem_19864 in space 'device' (currently allocated: 5873796 bytes).
Received block of 33332 bytes; now allocated: 5907128 bytes.

# Copy GPU to GPU
Shape: [33332]
Dst offset: 0
Dst strides: 1
Src offset: 0
Src strides: 1
## Flat copy

Event: copy_dev_to_dev

Unreferencing block mem_19866 (allocated as mem_19866) in space 'device': 2 references remaining.
Allocating 133328 bytes for mem_19866 in space 'device' (currently allocated: 5907128 bytes).
Received block of 133328 bytes; now allocated: 6040456 bytes.

# Copy GPU to GPU
Shape: [33332]
Dst offset: 0
Dst strides: 1
Src offset: 0
Src strides: 1
## Flat copy

Event: copy_dev_to_dev

Unreferencing block mem_19867 (allocated as mem_19867) in space 'device': 2 references remaining.
Allocating 33332 bytes for mem_19867 in space 'device' (currently allocated: 6040456 bytes).
Received block of 33332 bytes; now allocated: 6073788 bytes.

# Copy GPU to GPU
Shape: [33332]
Dst offset: 0
Dst strides: 1
Src offset: 0
Src strides: 1
## Flat copy

Event: copy_dev_to_dev

Unreferencing block mem_19869 (allocated as mem_19869) in space 'device': 2 references remaining.
Allocating 133328 bytes for mem_19869 in space 'device' (currently allocated: 6073788 bytes).
Received block of 133328 bytes; now allocated: 6207116 bytes.

# Copy GPU to GPU
Shape: [33332]
Dst offset: 0
Dst strides: 1
Src offset: 0
Src strides: 1
## Flat copy

Event: copy_dev_to_dev

Unreferencing block mem_19872 (allocated as mem_19872) in space 'device': 2 references remaining.
Allocating 266656 bytes for mem_19872 in space 'device' (currently allocated: 6207116 bytes).
Received block of 266664 bytes; now allocated: 6473780 bytes.
Unreferencing block mem_19874 (allocated as mem_19874) in space 'device': 2 references remaining.
Allocating 266656 bytes for mem_19874 in space 'device' (currently allocated: 6473780 bytes).
Received block of 266664 bytes; now allocated: 6740444 bytes.
Unreferencing block mem_19876 (allocated as mem_19876) in space 'device': 2 references remaining.
Allocating 266656 bytes for mem_19876 in space 'device' (currently allocated: 6740444 bytes).
Received block of 266664 bytes; now allocated: 7007108 bytes.
Unreferencing block mem_19878 (allocated as mem_19878) in space 'device': 2 references remaining.
Allocating 266656 bytes for mem_19878 in space 'device' (currently allocated: 7007108 bytes).
Received block of 266664 bytes; now allocated: 7273772 bytes.
Event: main.segmap_19659
Kernel main.segmap_19659 with
  grid=(131,1,1)
  block=(256,1,1)
  shared memory=0

Unreferencing block mem_19872 (allocated as mem_19872) in space 'device': 1 references remaining.
Unreferencing block mem_19874 (allocated as mem_19874) in space 'device': 1 references remaining.
Unreferencing block mem_19876 (allocated as mem_19876) in space 'device': 1 references remaining.
Unreferencing block mem_19878 (allocated as mem_19878) in space 'device': 1 references remaining.
Unreferencing block mem_19864 (allocated as mem_19864) in space 'device': 1 references remaining.
Unreferencing block mem_19866 (allocated as mem_19866) in space 'device': 1 references remaining.
Unreferencing block mem_19867 (allocated as mem_19867) in space 'device': 1 references remaining.
Unreferencing block mem_19869 (allocated as mem_19869) in space 'device': 1 references remaining.
Unreferencing block mem_param_tmp_20406 (allocated as mem_19872) in space 'device': 0 references remaining.
266664 bytes freed (now allocated: 7007108 bytes)
Unreferencing block mem_param_tmp_20407 (allocated as mem_19874) in space 'device': 0 references remaining.
266664 bytes freed (now allocated: 6740444 bytes)
Unreferencing block mem_param_tmp_20408 (allocated as mem_19876) in space 'device': 0 references remaining.
266664 bytes freed (now allocated: 6473780 bytes)
Unreferencing block mem_param_tmp_20409 (allocated as mem_19878) in space 'device': 0 references remaining.
266664 bytes freed (now allocated: 6207116 bytes)
Unreferencing block mem_param_tmp_20410 (allocated as mem_19864) in space 'device': 0 references remaining.
33332 bytes freed (now allocated: 6173784 bytes)
Unreferencing block mem_param_tmp_20411 (allocated as mem_19866) in space 'device': 0 references remaining.
133328 bytes freed (now allocated: 6040456 bytes)
Unreferencing block mem_param_tmp_20412 (allocated as mem_19867) in space 'device': 0 references remaining.
33332 bytes freed (now allocated: 6007124 bytes)
Unreferencing block mem_param_tmp_20413 (allocated as mem_19869) in space 'device': 0 references remaining.
133332 bytes freed (now allocated: 5873792 bytes)
Unreferencing block mem_19864 (allocated as mem_19864) in space 'device': 2 references remaining.
Allocating 33332 bytes for mem_19864 in space 'device' (currently allocated: 5873792 bytes).
Received block of 33332 bytes; now allocated: 5907124 bytes.

# Copy GPU to GPU
Shape: [33332]
Dst offset: 0
Dst strides: 1
Src offset: 0
Src strides: 1
## Flat copy

Event: copy_dev_to_dev

Unreferencing block mem_19866 (allocated as mem_19866) in space 'device': 2 references remaining.
Allocating 133328 bytes for mem_19866 in space 'device' (currently allocated: 5907124 bytes).
Received block of 133328 bytes; now allocated: 6040452 bytes.

# Copy GPU to GPU
Shape: [33332]
Dst offset: 0
Dst strides: 1
Src offset: 0
Src strides: 1
## Flat copy

Event: copy_dev_to_dev

Unreferencing block mem_19867 (allocated as mem_19867) in space 'device': 2 references remaining.
Allocating 33332 bytes for mem_19867 in space 'device' (currently allocated: 6040452 bytes).
Received block of 33332 bytes; now allocated: 6073784 bytes.

# Copy GPU to GPU
Shape: [33332]
Dst offset: 0
Dst strides: 1
Src offset: 0
Src strides: 1
## Flat copy

Event: copy_dev_to_dev

Unreferencing block mem_19869 (allocated as mem_19869) in space 'device': 2 references remaining.
Allocating 133328 bytes for mem_19869 in space 'device' (currently allocated: 6073784 bytes).
Received block of 133332 bytes; now allocated: 6207116 bytes.

# Copy GPU to GPU
Shape: [33332]
Dst offset: 0
Dst strides: 1
Src offset: 0
Src strides: 1
## Flat copy

Event: copy_dev_to_dev

Unreferencing block mem_19872 (allocated as mem_19872) in space 'device': 2 references remaining.
Allocating 266656 bytes for mem_19872 in space 'device' (currently allocated: 6207116 bytes).
Received block of 266664 bytes; now allocated: 6473780 bytes.
Unreferencing block mem_19874 (allocated as mem_19874) in space 'device': 2 references remaining.
Allocating 266656 bytes for mem_19874 in space 'device' (currently allocated: 6473780 bytes).
Received block of 266664 bytes; now allocated: 6740444 bytes.
Unreferencing block mem_19876 (allocated as mem_19876) in space 'device': 2 references remaining.
Allocating 266656 bytes for mem_19876 in space 'device' (currently allocated: 6740444 bytes).
Received block of 266664 bytes; now allocated: 7007108 bytes.
Unreferencing block mem_19878 (allocated as mem_19878) in space 'device': 2 references remaining.
Allocating 266656 bytes for mem_19878 in space 'device' (currently allocated: 7007108 bytes).
Received block of 266664 bytes; now allocated: 7273772 bytes.
Event: main.segmap_19659
Kernel main.segmap_19659 with
  grid=(131,1,1)
  block=(256,1,1)
  shared memory=0

Unreferencing block mem_19872 (allocated as mem_19872) in space 'device': 1 references remaining.
Unreferencing block mem_19874 (allocated as mem_19874) in space 'device': 1 references remaining.
Unreferencing block mem_19876 (allocated as mem_19876) in space 'device': 1 references remaining.
Unreferencing block mem_19878 (allocated as mem_19878) in space 'device': 1 references remaining.
Unreferencing block mem_19864 (allocated as mem_19864) in space 'device': 1 references remaining.
Unreferencing block mem_19866 (allocated as mem_19866) in space 'device': 1 references remaining.
Unreferencing block mem_19867 (allocated as mem_19867) in space 'device': 1 references remaining.
Unreferencing block mem_19869 (allocated as mem_19869) in space 'device': 1 references remaining.
Unreferencing block mem_param_tmp_20406 (allocated as mem_19872) in space 'device': 0 references remaining.
266664 bytes freed (now allocated: 7007108 bytes)
Unreferencing block mem_param_tmp_20407 (allocated as mem_19874) in space 'device': 0 references remaining.
266664 bytes freed (now allocated: 6740444 bytes)
Unreferencing block mem_param_tmp_20408 (allocated as mem_19876) in space 'device': 0 references remaining.
266664 bytes freed (now allocated: 6473780 bytes)
Unreferencing block mem_param_tmp_20409 (allocated as mem_19878) in space 'device': 0 references remaining.
266664 bytes freed (now allocated: 6207116 bytes)
Unreferencing block mem_param_tmp_20410 (allocated as mem_19864) in space 'device': 0 references remaining.
33332 bytes freed (now allocated: 6173784 bytes)
Unreferencing block mem_param_tmp_20411 (allocated as mem_19866) in space 'device': 0 references remaining.
133328 bytes freed (now allocated: 6040456 bytes)
Unreferencing block mem_param_tmp_20412 (allocated as mem_19867) in space 'device': 0 references remaining.
33332 bytes freed (now allocated: 6007124 bytes)
Unreferencing block mem_param_tmp_20413 (allocated as mem_19869) in space 'device': 0 references remaining.
133328 bytes freed (now allocated: 5873796 bytes)
Unreferencing block mem_19864 (allocated as mem_19864) in space 'device': 2 references remaining.
Allocating 33332 bytes for mem_19864 in space 'device' (currently allocated: 5873796 bytes).
Received block of 33332 bytes; now allocated: 5907128 bytes.

# Copy GPU to GPU
Shape: [33332]
Dst offset: 0
Dst strides: 1
Src offset: 0
Src strides: 1
## Flat copy

Event: copy_dev_to_dev

Unreferencing block mem_19866 (allocated as mem_19866) in space 'device': 2 references remaining.
Allocating 133328 bytes for mem_19866 in space 'device' (currently allocated: 5907128 bytes).
Received block of 133328 bytes; now allocated: 6040456 bytes.

# Copy GPU to GPU
Shape: [33332]
Dst offset: 0
Dst strides: 1
Src offset: 0
Src strides: 1
## Flat copy

Event: copy_dev_to_dev

Unreferencing block mem_19867 (allocated as mem_19867) in space 'device': 2 references remaining.
Allocating 33332 bytes for mem_19867 in space 'device' (currently allocated: 6040456 bytes).
Received block of 33332 bytes; now allocated: 6073788 bytes.

# Copy GPU to GPU
Shape: [33332]
Dst offset: 0
Dst strides: 1
Src offset: 0
Src strides: 1
## Flat copy

Event: copy_dev_to_dev

Unreferencing block mem_19869 (allocated as mem_19869) in space 'device': 2 references remaining.
Allocating 133328 bytes for mem_19869 in space 'device' (currently allocated: 6073788 bytes).
Received block of 133328 bytes; now allocated: 6207116 bytes.

# Copy GPU to GPU
Shape: [33332]
Dst offset: 0
Dst strides: 1
Src offset: 0
Src strides: 1
## Flat copy

Event: copy_dev_to_dev

Unreferencing block mem_19872 (allocated as mem_19872) in space 'device': 2 references remaining.
Allocating 266656 bytes for mem_19872 in space 'device' (currently allocated: 6207116 bytes).
Received block of 266664 bytes; now allocated: 6473780 bytes.
Unreferencing block mem_19874 (allocated as mem_19874) in space 'device': 2 references remaining.
Allocating 266656 bytes for mem_19874 in space 'device' (currently allocated: 6473780 bytes).
Received block of 266664 bytes; now allocated: 6740444 bytes.
Unreferencing block mem_19876 (allocated as mem_19876) in space 'device': 2 references remaining.
Allocating 266656 bytes for mem_19876 in space 'device' (currently allocated: 6740444 bytes).
Received block of 266664 bytes; now allocated: 7007108 bytes.
Unreferencing block mem_19878 (allocated as mem_19878) in space 'device': 2 references remaining.
Allocating 266656 bytes for mem_19878 in space 'device' (currently allocated: 7007108 bytes).
Received block of 266664 bytes; now allocated: 7273772 bytes.
Event: main.segmap_19659
Kernel main.segmap_19659 with
  grid=(131,1,1)
  block=(256,1,1)
  shared memory=0

Unreferencing block mem_19872 (allocated as mem_19872) in space 'device': 1 references remaining.
Unreferencing block mem_19874 (allocated as mem_19874) in space 'device': 1 references remaining.
Unreferencing block mem_19876 (allocated as mem_19876) in space 'device': 1 references remaining.
Unreferencing block mem_19878 (allocated as mem_19878) in space 'device': 1 references remaining.
Unreferencing block mem_19864 (allocated as mem_19864) in space 'device': 1 references remaining.
Unreferencing block mem_19866 (allocated as mem_19866) in space 'device': 1 references remaining.
Unreferencing block mem_19867 (allocated as mem_19867) in space 'device': 1 references remaining.
Unreferencing block mem_19869 (allocated as mem_19869) in space 'device': 1 references remaining.
Unreferencing block mem_param_tmp_20406 (allocated as mem_19872) in space 'device': 0 references remaining.
266664 bytes freed (now allocated: 7007108 bytes)
Unreferencing block mem_param_tmp_20407 (allocated as mem_19874) in space 'device': 0 references remaining.
266664 bytes freed (now allocated: 6740444 bytes)
Unreferencing block mem_param_tmp_20408 (allocated as mem_19876) in space 'device': 0 references remaining.
266664 bytes freed (now allocated: 6473780 bytes)
Unreferencing block mem_param_tmp_20409 (allocated as mem_19878) in space 'device': 0 references remaining.
266664 bytes freed (now allocated: 6207116 bytes)
Unreferencing block mem_param_tmp_20410 (allocated as mem_19864) in space 'device': 0 references remaining.
33332 bytes freed (now allocated: 6173784 bytes)
Unreferencing block mem_param_tmp_20411 (allocated as mem_19866) in space 'device': 0 references remaining.
133328 bytes freed (now allocated: 6040456 bytes)
Unreferencing block mem_param_tmp_20412 (allocated as mem_19867) in space 'device': 0 references remaining.
33332 bytes freed (now allocated: 6007124 bytes)
Unreferencing block mem_param_tmp_20413 (allocated as mem_19869) in space 'device': 0 references remaining.
133332 bytes freed (now allocated: 5873792 bytes)
Unreferencing block mem_19864 (allocated as mem_19864) in space 'device': 2 references remaining.
Allocating 33332 bytes for mem_19864 in space 'device' (currently allocated: 5873792 bytes).
Received block of 33332 bytes; now allocated: 5907124 bytes.

# Copy GPU to GPU
Shape: [33332]
Dst offset: 0
Dst strides: 1
Src offset: 0
Src strides: 1
## Flat copy

Event: copy_dev_to_dev

Unreferencing block mem_19866 (allocated as mem_19866) in space 'device': 2 references remaining.
Allocating 133328 bytes for mem_19866 in space 'device' (currently allocated: 5907124 bytes).
Received block of 133328 bytes; now allocated: 6040452 bytes.

# Copy GPU to GPU
Shape: [33332]
Dst offset: 0
Dst strides: 1
Src offset: 0
Src strides: 1
## Flat copy

Event: copy_dev_to_dev

Unreferencing block mem_19867 (allocated as mem_19867) in space 'device': 2 references remaining.
Allocating 33332 bytes for mem_19867 in space 'device' (currently allocated: 6040452 bytes).
Received block of 33332 bytes; now allocated: 6073784 bytes.

# Copy GPU to GPU
Shape: [33332]
Dst offset: 0
Dst strides: 1
Src offset: 0
Src strides: 1
## Flat copy

Event: copy_dev_to_dev

Unreferencing block mem_19869 (allocated as mem_19869) in space 'device': 2 references remaining.
Allocating 133328 bytes for mem_19869 in space 'device' (currently allocated: 6073784 bytes).
Received block of 133332 bytes; now allocated: 6207116 bytes.

# Copy GPU to GPU
Shape: [33332]
Dst offset: 0
Dst strides: 1
Src offset: 0
Src strides: 1
## Flat copy

Event: copy_dev_to_dev

Unreferencing block mem_19872 (allocated as mem_19872) in space 'device': 2 references remaining.
Allocating 266656 bytes for mem_19872 in space 'device' (currently allocated: 6207116 bytes).
Received block of 266664 bytes; now allocated: 6473780 bytes.
Unreferencing block mem_19874 (allocated as mem_19874) in space 'device': 2 references remaining.
Allocating 266656 bytes for mem_19874 in space 'device' (currently allocated: 6473780 bytes).
Received block of 266664 bytes; now allocated: 6740444 bytes.
Unreferencing block mem_19876 (allocated as mem_19876) in space 'device': 2 references remaining.
Allocating 266656 bytes for mem_19876 in space 'device' (currently allocated: 6740444 bytes).
Received block of 266664 bytes; now allocated: 7007108 bytes.
Unreferencing block mem_19878 (allocated as mem_19878) in space 'device': 2 references remaining.
Allocating 266656 bytes for mem_19878 in space 'device' (currently allocated: 7007108 bytes).
Received block of 266664 bytes; now allocated: 7273772 bytes.
Event: main.segmap_19659
Kernel main.segmap_19659 with
  grid=(131,1,1)
  block=(256,1,1)
  shared memory=0

Unreferencing block mem_19872 (allocated as mem_19872) in space 'device': 1 references remaining.
Unreferencing block mem_19874 (allocated as mem_19874) in space 'device': 1 references remaining.
Unreferencing block mem_19876 (allocated as mem_19876) in space 'device': 1 references remaining.
Unreferencing block mem_19878 (allocated as mem_19878) in space 'device': 1 references remaining.
Unreferencing block mem_19864 (allocated as mem_19864) in space 'device': 1 references remaining.
Unreferencing block mem_19866 (allocated as mem_19866) in space 'device': 1 references remaining.
Unreferencing block mem_19867 (allocated as mem_19867) in space 'device': 1 references remaining.
Unreferencing block mem_19869 (allocated as mem_19869) in space 'device': 1 references remaining.
Unreferencing block mem_param_tmp_20406 (allocated as mem_19872) in space 'device': 0 references remaining.
266664 bytes freed (now allocated: 7007108 bytes)
Unreferencing block mem_param_tmp_20407 (allocated as mem_19874) in space 'device': 0 references remaining.
266664 bytes freed (now allocated: 6740444 bytes)
Unreferencing block mem_param_tmp_20408 (allocated as mem_19876) in space 'device': 0 references remaining.
266664 bytes freed (now allocated: 6473780 bytes)
Unreferencing block mem_param_tmp_20409 (allocated as mem_19878) in space 'device': 0 references remaining.
266664 bytes freed (now allocated: 6207116 bytes)
Unreferencing block mem_param_tmp_20410 (allocated as mem_19864) in space 'device': 0 references remaining.
33332 bytes freed (now allocated: 6173784 bytes)
Unreferencing block mem_param_tmp_20411 (allocated as mem_19866) in space 'device': 0 references remaining.
133328 bytes freed (now allocated: 6040456 bytes)
Unreferencing block mem_param_tmp_20412 (allocated as mem_19867) in space 'device': 0 references remaining.
33332 bytes freed (now allocated: 6007124 bytes)
Unreferencing block mem_param_tmp_20413 (allocated as mem_19869) in space 'device': 0 references remaining.
133328 bytes freed (now allocated: 5873796 bytes)
Unreferencing block mem_19864 (allocated as mem_19864) in space 'device': 2 references remaining.
Allocating 33332 bytes for mem_19864 in space 'device' (currently allocated: 5873796 bytes).
Received block of 33332 bytes; now allocated: 5907128 bytes.

# Copy GPU to GPU
Shape: [33332]
Dst offset: 0
Dst strides: 1
Src offset: 0
Src strides: 1
## Flat copy

Event: copy_dev_to_dev

Unreferencing block mem_19866 (allocated as mem_19866) in space 'device': 2 references remaining.
Allocating 133328 bytes for mem_19866 in space 'device' (currently allocated: 5907128 bytes).
Received block of 133328 bytes; now allocated: 6040456 bytes.

# Copy GPU to GPU
Shape: [33332]
Dst offset: 0
Dst strides: 1
Src offset: 0
Src strides: 1
## Flat copy

Event: copy_dev_to_dev

Unreferencing block mem_19867 (allocated as mem_19867) in space 'device': 2 references remaining.
Allocating 33332 bytes for mem_19867 in space 'device' (currently allocated: 6040456 bytes).
Received block of 33332 bytes; now allocated: 6073788 bytes.

# Copy GPU to GPU
Shape: [33332]
Dst offset: 0
Dst strides: 1
Src offset: 0
Src strides: 1
## Flat copy

Event: copy_dev_to_dev

Unreferencing block mem_19869 (allocated as mem_19869) in space 'device': 2 references remaining.
Allocating 133328 bytes for mem_19869 in space 'device' (currently allocated: 6073788 bytes).
Received block of 133328 bytes; now allocated: 6207116 bytes.

# Copy GPU to GPU
Shape: [33332]
Dst offset: 0
Dst strides: 1
Src offset: 0
Src strides: 1
## Flat copy

Event: copy_dev_to_dev

Unreferencing block mem_19872 (allocated as mem_19872) in space 'device': 2 references remaining.
Allocating 266656 bytes for mem_19872 in space 'device' (currently allocated: 6207116 bytes).
Received block of 266664 bytes; now allocated: 6473780 bytes.
Unreferencing block mem_19874 (allocated as mem_19874) in space 'device': 2 references remaining.
Allocating 266656 bytes for mem_19874 in space 'device' (currently allocated: 6473780 bytes).
Received block of 266664 bytes; now allocated: 6740444 bytes.
Unreferencing block mem_19876 (allocated as mem_19876) in space 'device': 2 references remaining.
Allocating 266656 bytes for mem_19876 in space 'device' (currently allocated: 6740444 bytes).
Received block of 266664 bytes; now allocated: 7007108 bytes.
Unreferencing block mem_19878 (allocated as mem_19878) in space 'device': 2 references remaining.
Allocating 266656 bytes for mem_19878 in space 'device' (currently allocated: 7007108 bytes).
Received block of 266664 bytes; now allocated: 7273772 bytes.
Event: main.segmap_19659
Kernel main.segmap_19659 with
  grid=(131,1,1)
  block=(256,1,1)
  shared memory=0

Unreferencing block mem_19872 (allocated as mem_19872) in space 'device': 1 references remaining.
Unreferencing block mem_19874 (allocated as mem_19874) in space 'device': 1 references remaining.
Unreferencing block mem_19876 (allocated as mem_19876) in space 'device': 1 references remaining.
Unreferencing block mem_19878 (allocated as mem_19878) in space 'device': 1 references remaining.
Unreferencing block mem_19864 (allocated as mem_19864) in space 'device': 1 references remaining.
Unreferencing block mem_19866 (allocated as mem_19866) in space 'device': 1 references remaining.
Unreferencing block mem_19867 (allocated as mem_19867) in space 'device': 1 references remaining.
Unreferencing block mem_19869 (allocated as mem_19869) in space 'device': 1 references remaining.
Unreferencing block mem_param_tmp_20406 (allocated as mem_19872) in space 'device': 0 references remaining.
266664 bytes freed (now allocated: 7007108 bytes)
Unreferencing block mem_param_tmp_20407 (allocated as mem_19874) in space 'device': 0 references remaining.
266664 bytes freed (now allocated: 6740444 bytes)
Unreferencing block mem_param_tmp_20408 (allocated as mem_19876) in space 'device': 0 references remaining.
266664 bytes freed (now allocated: 6473780 bytes)
Unreferencing block mem_param_tmp_20409 (allocated as mem_19878) in space 'device': 0 references remaining.
266664 bytes freed (now allocated: 6207116 bytes)
Unreferencing block mem_param_tmp_20410 (allocated as mem_19864) in space 'device': 0 references remaining.
33332 bytes freed (now allocated: 6173784 bytes)
Unreferencing block mem_param_tmp_20411 (allocated as mem_19866) in space 'device': 0 references remaining.
133328 bytes freed (now allocated: 6040456 bytes)
Unreferencing block mem_param_tmp_20412 (allocated as mem_19867) in space 'device': 0 references remaining.
33332 bytes freed (now allocated: 6007124 bytes)
Unreferencing block mem_param_tmp_20413 (allocated as mem_19869) in space 'device': 0 references remaining.
133332 bytes freed (now allocated: 5873792 bytes)
Unreferencing block mem_19864 (allocated as mem_19864) in space 'device': 2 references remaining.
Allocating 33332 bytes for mem_19864 in space 'device' (currently allocated: 5873792 bytes).
Received block of 33332 bytes; now allocated: 5907124 bytes.

# Copy GPU to GPU
Shape: [33332]
Dst offset: 0
Dst strides: 1
Src offset: 0
Src strides: 1
## Flat copy

Event: copy_dev_to_dev

Unreferencing block mem_19866 (allocated as mem_19866) in space 'device': 2 references remaining.
Allocating 133328 bytes for mem_19866 in space 'device' (currently allocated: 5907124 bytes).
Received block of 133328 bytes; now allocated: 6040452 bytes.

# Copy GPU to GPU
Shape: [33332]
Dst offset: 0
Dst strides: 1
Src offset: 0
Src strides: 1
## Flat copy

Event: copy_dev_to_dev

Unreferencing block mem_19867 (allocated as mem_19867) in space 'device': 2 references remaining.
Allocating 33332 bytes for mem_19867 in space 'device' (currently allocated: 6040452 bytes).
Received block of 33332 bytes; now allocated: 6073784 bytes.

# Copy GPU to GPU
Shape: [33332]
Dst offset: 0
Dst strides: 1
Src offset: 0
Src strides: 1
## Flat copy

Event: copy_dev_to_dev

Unreferencing block mem_19869 (allocated as mem_19869) in space 'device': 2 references remaining.
Allocating 133328 bytes for mem_19869 in space 'device' (currently allocated: 6073784 bytes).
Received block of 133332 bytes; now allocated: 6207116 bytes.

# Copy GPU to GPU
Shape: [33332]
Dst offset: 0
Dst strides: 1
Src offset: 0
Src strides: 1
## Flat copy

Event: copy_dev_to_dev

Unreferencing block mem_19872 (allocated as mem_19872) in space 'device': 2 references remaining.
Allocating 266656 bytes for mem_19872 in space 'device' (currently allocated: 6207116 bytes).
Received block of 266664 bytes; now allocated: 6473780 bytes.
Unreferencing block mem_19874 (allocated as mem_19874) in space 'device': 2 references remaining.
Allocating 266656 bytes for mem_19874 in space 'device' (currently allocated: 6473780 bytes).
Received block of 266664 bytes; now allocated: 6740444 bytes.
Unreferencing block mem_19876 (allocated as mem_19876) in space 'device': 2 references remaining.
Allocating 266656 bytes for mem_19876 in space 'device' (currently allocated: 6740444 bytes).
Received block of 266664 bytes; now allocated: 7007108 bytes.
Unreferencing block mem_19878 (allocated as mem_19878) in space 'device': 2 references remaining.
Allocating 266656 bytes for mem_19878 in space 'device' (currently allocated: 7007108 bytes).
Received block of 266664 bytes; now allocated: 7273772 bytes.
Event: main.segmap_19659
Kernel main.segmap_19659 with
  grid=(131,1,1)
  block=(256,1,1)
  shared memory=0

Unreferencing block mem_19872 (allocated as mem_19872) in space 'device': 1 references remaining.
Unreferencing block mem_19874 (allocated as mem_19874) in space 'device': 1 references remaining.
Unreferencing block mem_19876 (allocated as mem_19876) in space 'device': 1 references remaining.
Unreferencing block mem_19878 (allocated as mem_19878) in space 'device': 1 references remaining.
Unreferencing block mem_19864 (allocated as mem_19864) in space 'device': 1 references remaining.
Unreferencing block mem_19866 (allocated as mem_19866) in space 'device': 1 references remaining.
Unreferencing block mem_19867 (allocated as mem_19867) in space 'device': 1 references remaining.
Unreferencing block mem_19869 (allocated as mem_19869) in space 'device': 1 references remaining.
Unreferencing block mem_param_tmp_20406 (allocated as mem_19872) in space 'device': 0 references remaining.
266664 bytes freed (now allocated: 7007108 bytes)
Unreferencing block mem_param_tmp_20407 (allocated as mem_19874) in space 'device': 0 references remaining.
266664 bytes freed (now allocated: 6740444 bytes)
Unreferencing block mem_param_tmp_20408 (allocated as mem_19876) in space 'device': 0 references remaining.
266664 bytes freed (now allocated: 6473780 bytes)
Unreferencing block mem_param_tmp_20409 (allocated as mem_19878) in space 'device': 0 references remaining.
266664 bytes freed (now allocated: 6207116 bytes)
Unreferencing block mem_param_tmp_20410 (allocated as mem_19864) in space 'device': 0 references remaining.
33332 bytes freed (now allocated: 6173784 bytes)
Unreferencing block mem_param_tmp_20411 (allocated as mem_19866) in space 'device': 0 references remaining.
133328 bytes freed (now allocated: 6040456 bytes)
Unreferencing block mem_param_tmp_20412 (allocated as mem_19867) in space 'device': 0 references remaining.
33332 bytes freed (now allocated: 6007124 bytes)
Unreferencing block mem_param_tmp_20413 (allocated as mem_19869) in space 'device': 0 references remaining.
133328 bytes freed (now allocated: 5873796 bytes)
Unreferencing block mem_19864 (allocated as mem_19864) in space 'device': 2 references remaining.
Allocating 33332 bytes for mem_19864 in space 'device' (currently allocated: 5873796 bytes).
Received block of 33332 bytes; now allocated: 5907128 bytes.

# Copy GPU to GPU
Shape: [33332]
Dst offset: 0
Dst strides: 1
Src offset: 0
Src strides: 1
## Flat copy

Event: copy_dev_to_dev

Unreferencing block mem_19866 (allocated as mem_19866) in space 'device': 2 references remaining.
Allocating 133328 bytes for mem_19866 in space 'device' (currently allocated: 5907128 bytes).
Received block of 133328 bytes; now allocated: 6040456 bytes.

# Copy GPU to GPU
Shape: [33332]
Dst offset: 0
Dst strides: 1
Src offset: 0
Src strides: 1
## Flat copy

Event: copy_dev_to_dev

Unreferencing block mem_19867 (allocated as mem_19867) in space 'device': 2 references remaining.
Allocating 33332 bytes for mem_19867 in space 'device' (currently allocated: 6040456 bytes).
Received block of 33332 bytes; now allocated: 6073788 bytes.

# Copy GPU to GPU
Shape: [33332]
Dst offset: 0
Dst strides: 1
Src offset: 0
Src strides: 1
## Flat copy

Event: copy_dev_to_dev

Unreferencing block mem_19869 (allocated as mem_19869) in space 'device': 2 references remaining.
Allocating 133328 bytes for mem_19869 in space 'device' (currently allocated: 6073788 bytes).
Received block of 133328 bytes; now allocated: 6207116 bytes.

# Copy GPU to GPU
Shape: [33332]
Dst offset: 0
Dst strides: 1
Src offset: 0
Src strides: 1
## Flat copy

Event: copy_dev_to_dev

Unreferencing block mem_19872 (allocated as mem_19872) in space 'device': 2 references remaining.
Allocating 266656 bytes for mem_19872 in space 'device' (currently allocated: 6207116 bytes).
Received block of 266664 bytes; now allocated: 6473780 bytes.
Unreferencing block mem_19874 (allocated as mem_19874) in space 'device': 2 references remaining.
Allocating 266656 bytes for mem_19874 in space 'device' (currently allocated: 6473780 bytes).
Received block of 266664 bytes; now allocated: 6740444 bytes.
Unreferencing block mem_19876 (allocated as mem_19876) in space 'device': 2 references remaining.
Allocating 266656 bytes for mem_19876 in space 'device' (currently allocated: 6740444 bytes).
Received block of 266664 bytes; now allocated: 7007108 bytes.
Unreferencing block mem_19878 (allocated as mem_19878) in space 'device': 2 references remaining.
Allocating 266656 bytes for mem_19878 in space 'device' (currently allocated: 7007108 bytes).
Received block of 266664 bytes; now allocated: 7273772 bytes.
Event: main.segmap_19659
Kernel main.segmap_19659 with
  grid=(131,1,1)
  block=(256,1,1)
  shared memory=0

Unreferencing block mem_19872 (allocated as mem_19872) in space 'device': 1 references remaining.
Unreferencing block mem_19874 (allocated as mem_19874) in space 'device': 1 references remaining.
Unreferencing block mem_19876 (allocated as mem_19876) in space 'device': 1 references remaining.
Unreferencing block mem_19878 (allocated as mem_19878) in space 'device': 1 references remaining.
Unreferencing block mem_19864 (allocated as mem_19864) in space 'device': 1 references remaining.
Unreferencing block mem_19866 (allocated as mem_19866) in space 'device': 1 references remaining.
Unreferencing block mem_19867 (allocated as mem_19867) in space 'device': 1 references remaining.
Unreferencing block mem_19869 (allocated as mem_19869) in space 'device': 1 references remaining.
Unreferencing block mem_param_tmp_20406 (allocated as mem_19872) in space 'device': 0 references remaining.
266664 bytes freed (now allocated: 7007108 bytes)
Unreferencing block mem_param_tmp_20407 (allocated as mem_19874) in space 'device': 0 references remaining.
266664 bytes freed (now allocated: 6740444 bytes)
Unreferencing block mem_param_tmp_20408 (allocated as mem_19876) in space 'device': 0 references remaining.
266664 bytes freed (now allocated: 6473780 bytes)
Unreferencing block mem_param_tmp_20409 (allocated as mem_19878) in space 'device': 0 references remaining.
266664 bytes freed (now allocated: 6207116 bytes)
Unreferencing block mem_param_tmp_20410 (allocated as mem_19864) in space 'device': 0 references remaining.
33332 bytes freed (now allocated: 6173784 bytes)
Unreferencing block mem_param_tmp_20411 (allocated as mem_19866) in space 'device': 0 references remaining.
133328 bytes freed (now allocated: 6040456 bytes)
Unreferencing block mem_param_tmp_20412 (allocated as mem_19867) in space 'device': 0 references remaining.
33332 bytes freed (now allocated: 6007124 bytes)
Unreferencing block mem_param_tmp_20413 (allocated as mem_19869) in space 'device': 0 references remaining.
133332 bytes freed (now allocated: 5873792 bytes)
Unreferencing block mem_19864 (allocated as mem_19864) in space 'device': 2 references remaining.
Allocating 33332 bytes for mem_19864 in space 'device' (currently allocated: 5873792 bytes).
Received block of 33332 bytes; now allocated: 5907124 bytes.

# Copy GPU to GPU
Shape: [33332]
Dst offset: 0
Dst strides: 1
Src offset: 0
Src strides: 1
## Flat copy

Event: copy_dev_to_dev

Unreferencing block mem_19866 (allocated as mem_19866) in space 'device': 2 references remaining.
Allocating 133328 bytes for mem_19866 in space 'device' (currently allocated: 5907124 bytes).
Received block of 133328 bytes; now allocated: 6040452 bytes.

# Copy GPU to GPU
Shape: [33332]
Dst offset: 0
Dst strides: 1
Src offset: 0
Src strides: 1
## Flat copy

Event: copy_dev_to_dev

Unreferencing block mem_19867 (allocated as mem_19867) in space 'device': 2 references remaining.
Allocating 33332 bytes for mem_19867 in space 'device' (currently allocated: 6040452 bytes).
Received block of 33332 bytes; now allocated: 6073784 bytes.

# Copy GPU to GPU
Shape: [33332]
Dst offset: 0
Dst strides: 1
Src offset: 0
Src strides: 1
## Flat copy

Event: copy_dev_to_dev

Unreferencing block mem_19869 (allocated as mem_19869) in space 'device': 2 references remaining.
Allocating 133328 bytes for mem_19869 in space 'device' (currently allocated: 6073784 bytes).
Received block of 133332 bytes; now allocated: 6207116 bytes.

# Copy GPU to GPU
Shape: [33332]
Dst offset: 0
Dst strides: 1
Src offset: 0
Src strides: 1
## Flat copy

Event: copy_dev_to_dev

Unreferencing block mem_19872 (allocated as mem_19872) in space 'device': 2 references remaining.
Allocating 266656 bytes for mem_19872 in space 'device' (currently allocated: 6207116 bytes).
Received block of 266664 bytes; now allocated: 6473780 bytes.
Unreferencing block mem_19874 (allocated as mem_19874) in space 'device': 2 references remaining.
Allocating 266656 bytes for mem_19874 in space 'device' (currently allocated: 6473780 bytes).
Received block of 266664 bytes; now allocated: 6740444 bytes.
Unreferencing block mem_19876 (allocated as mem_19876) in space 'device': 2 references remaining.
Allocating 266656 bytes for mem_19876 in space 'device' (currently allocated: 6740444 bytes).
Received block of 266664 bytes; now allocated: 7007108 bytes.
Unreferencing block mem_19878 (allocated as mem_19878) in space 'device': 2 references remaining.
Allocating 266656 bytes for mem_19878 in space 'device' (currently allocated: 7007108 bytes).
Received block of 266664 bytes; now allocated: 7273772 bytes.
Event: main.segmap_19659
Kernel main.segmap_19659 with
  grid=(131,1,1)
  block=(256,1,1)
  shared memory=0

Unreferencing block mem_19872 (allocated as mem_19872) in space 'device': 1 references remaining.
Unreferencing block mem_19874 (allocated as mem_19874) in space 'device': 1 references remaining.
Unreferencing block mem_19876 (allocated as mem_19876) in space 'device': 1 references remaining.
Unreferencing block mem_19878 (allocated as mem_19878) in space 'device': 1 references remaining.
Unreferencing block mem_19864 (allocated as mem_19864) in space 'device': 1 references remaining.
Unreferencing block mem_19866 (allocated as mem_19866) in space 'device': 1 references remaining.
Unreferencing block mem_19867 (allocated as mem_19867) in space 'device': 1 references remaining.
Unreferencing block mem_19869 (allocated as mem_19869) in space 'device': 1 references remaining.
Unreferencing block mem_param_tmp_20406 (allocated as mem_19872) in space 'device': 0 references remaining.
266664 bytes freed (now allocated: 7007108 bytes)
Unreferencing block mem_param_tmp_20407 (allocated as mem_19874) in space 'device': 0 references remaining.
266664 bytes freed (now allocated: 6740444 bytes)
Unreferencing block mem_param_tmp_20408 (allocated as mem_19876) in space 'device': 0 references remaining.
266664 bytes freed (now allocated: 6473780 bytes)
Unreferencing block mem_param_tmp_20409 (allocated as mem_19878) in space 'device': 0 references remaining.
266664 bytes freed (now allocated: 6207116 bytes)
Unreferencing block mem_param_tmp_20410 (allocated as mem_19864) in space 'device': 0 references remaining.
33332 bytes freed (now allocated: 6173784 bytes)
Unreferencing block mem_param_tmp_20411 (allocated as mem_19866) in space 'device': 0 references remaining.
133328 bytes freed (now allocated: 6040456 bytes)
Unreferencing block mem_param_tmp_20412 (allocated as mem_19867) in space 'device': 0 references remaining.
33332 bytes freed (now allocated: 6007124 bytes)
Unreferencing block mem_param_tmp_20413 (allocated as mem_19869) in space 'device': 0 references remaining.
133328 bytes freed (now allocated: 5873796 bytes)
Unreferencing block mem_19864 (allocated as mem_19864) in space 'device': 2 references remaining.
Allocating 33332 bytes for mem_19864 in space 'device' (currently allocated: 5873796 bytes).
Received block of 33332 bytes; now allocated: 5907128 bytes.

# Copy GPU to GPU
Shape: [33332]
Dst offset: 0
Dst strides: 1
Src offset: 0
Src strides: 1
## Flat copy

Event: copy_dev_to_dev

Unreferencing block mem_19866 (allocated as mem_19866) in space 'device': 2 references remaining.
Allocating 133328 bytes for mem_19866 in space 'device' (currently allocated: 5907128 bytes).
Received block of 133328 bytes; now allocated: 6040456 bytes.

# Copy GPU to GPU
Shape: [33332]
Dst offset: 0
Dst strides: 1
Src offset: 0
Src strides: 1
## Flat copy

Event: copy_dev_to_dev

Unreferencing block mem_19867 (allocated as mem_19867) in space 'device': 2 references remaining.
Allocating 33332 bytes for mem_19867 in space 'device' (currently allocated: 6040456 bytes).
Received block of 33332 bytes; now allocated: 6073788 bytes.

# Copy GPU to GPU
Shape: [33332]
Dst offset: 0
Dst strides: 1
Src offset: 0
Src strides: 1
## Flat copy

Event: copy_dev_to_dev

Unreferencing block mem_19869 (allocated as mem_19869) in space 'device': 2 references remaining.
Allocating 133328 bytes for mem_19869 in space 'device' (currently allocated: 6073788 bytes).
Received block of 133328 bytes; now allocated: 6207116 bytes.

# Copy GPU to GPU
Shape: [33332]
Dst offset: 0
Dst strides: 1
Src offset: 0
Src strides: 1
## Flat copy

Event: copy_dev_to_dev

Unreferencing block mem_19872 (allocated as mem_19872) in space 'device': 2 references remaining.
Allocating 266656 bytes for mem_19872 in space 'device' (currently allocated: 6207116 bytes).
Received block of 266664 bytes; now allocated: 6473780 bytes.
Unreferencing block mem_19874 (allocated as mem_19874) in space 'device': 2 references remaining.
Allocating 266656 bytes for mem_19874 in space 'device' (currently allocated: 6473780 bytes).
Received block of 266664 bytes; now allocated: 6740444 bytes.
Unreferencing block mem_19876 (allocated as mem_19876) in space 'device': 2 references remaining.
Allocating 266656 bytes for mem_19876 in space 'device' (currently allocated: 6740444 bytes).
Received block of 266664 bytes; now allocated: 7007108 bytes.
Unreferencing block mem_19878 (allocated as mem_19878) in space 'device': 2 references remaining.
Allocating 266656 bytes for mem_19878 in space 'device' (currently allocated: 7007108 bytes).
Received block of 266664 bytes; now allocated: 7273772 bytes.
Event: main.segmap_19659
Kernel main.segmap_19659 with
  grid=(131,1,1)
  block=(256,1,1)
  shared memory=0

Unreferencing block mem_19872 (allocated as mem_19872) in space 'device': 1 references remaining.
Unreferencing block mem_19874 (allocated as mem_19874) in space 'device': 1 references remaining.
Unreferencing block mem_19876 (allocated as mem_19876) in space 'device': 1 references remaining.
Unreferencing block mem_19878 (allocated as mem_19878) in space 'device': 1 references remaining.
Unreferencing block mem_19864 (allocated as mem_19864) in space 'device': 1 references remaining.
Unreferencing block mem_19866 (allocated as mem_19866) in space 'device': 1 references remaining.
Unreferencing block mem_19867 (allocated as mem_19867) in space 'device': 1 references remaining.
Unreferencing block mem_19869 (allocated as mem_19869) in space 'device': 1 references remaining.
Unreferencing block mem_param_tmp_20406 (allocated as mem_19872) in space 'device': 0 references remaining.
266664 bytes freed (now allocated: 7007108 bytes)
Unreferencing block mem_param_tmp_20407 (allocated as mem_19874) in space 'device': 0 references remaining.
266664 bytes freed (now allocated: 6740444 bytes)
Unreferencing block mem_param_tmp_20408 (allocated as mem_19876) in space 'device': 0 references remaining.
266664 bytes freed (now allocated: 6473780 bytes)
Unreferencing block mem_param_tmp_20409 (allocated as mem_19878) in space 'device': 0 references remaining.
266664 bytes freed (now allocated: 6207116 bytes)
Unreferencing block mem_param_tmp_20410 (allocated as mem_19864) in space 'device': 0 references remaining.
33332 bytes freed (now allocated: 6173784 bytes)
Unreferencing block mem_param_tmp_20411 (allocated as mem_19866) in space 'device': 0 references remaining.
133328 bytes freed (now allocated: 6040456 bytes)
Unreferencing block mem_param_tmp_20412 (allocated as mem_19867) in space 'device': 0 references remaining.
33332 bytes freed (now allocated: 6007124 bytes)
Unreferencing block mem_param_tmp_20413 (allocated as mem_19869) in space 'device': 0 references remaining.
133332 bytes freed (now allocated: 5873792 bytes)
Unreferencing block mem_19864 (allocated as mem_19864) in space 'device': 2 references remaining.
Allocating 33332 bytes for mem_19864 in space 'device' (currently allocated: 5873792 bytes).
Received block of 33332 bytes; now allocated: 5907124 bytes.

# Copy GPU to GPU
Shape: [33332]
Dst offset: 0
Dst strides: 1
Src offset: 0
Src strides: 1
## Flat copy

Event: copy_dev_to_dev

Unreferencing block mem_19866 (allocated as mem_19866) in space 'device': 2 references remaining.
Allocating 133328 bytes for mem_19866 in space 'device' (currently allocated: 5907124 bytes).
Received block of 133328 bytes; now allocated: 6040452 bytes.

# Copy GPU to GPU
Shape: [33332]
Dst offset: 0
Dst strides: 1
Src offset: 0
Src strides: 1
## Flat copy

Event: copy_dev_to_dev

Unreferencing block mem_19867 (allocated as mem_19867) in space 'device': 2 references remaining.
Allocating 33332 bytes for mem_19867 in space 'device' (currently allocated: 6040452 bytes).
Received block of 33332 bytes; now allocated: 6073784 bytes.

# Copy GPU to GPU
Shape: [33332]
Dst offset: 0
Dst strides: 1
Src offset: 0
Src strides: 1
## Flat copy

Event: copy_dev_to_dev

Unreferencing block mem_19869 (allocated as mem_19869) in space 'device': 2 references remaining.
Allocating 133328 bytes for mem_19869 in space 'device' (currently allocated: 6073784 bytes).
Received block of 133332 bytes; now allocated: 6207116 bytes.

# Copy GPU to GPU
Shape: [33332]
Dst offset: 0
Dst strides: 1
Src offset: 0
Src strides: 1
## Flat copy

Event: copy_dev_to_dev

Unreferencing block mem_19872 (allocated as mem_19872) in space 'device': 2 references remaining.
Allocating 266656 bytes for mem_19872 in space 'device' (currently allocated: 6207116 bytes).
Received block of 266664 bytes; now allocated: 6473780 bytes.
Unreferencing block mem_19874 (allocated as mem_19874) in space 'device': 2 references remaining.
Allocating 266656 bytes for mem_19874 in space 'device' (currently allocated: 6473780 bytes).
Received block of 266664 bytes; now allocated: 6740444 bytes.
Unreferencing block mem_19876 (allocated as mem_19876) in space 'device': 2 references remaining.
Allocating 266656 bytes for mem_19876 in space 'device' (currently allocated: 6740444 bytes).
Received block of 266664 bytes; now allocated: 7007108 bytes.
Unreferencing block mem_19878 (allocated as mem_19878) in space 'device': 2 references remaining.
Allocating 266656 bytes for mem_19878 in space 'device' (currently allocated: 7007108 bytes).
Received block of 266664 bytes; now allocated: 7273772 bytes.
Event: main.segmap_19659
Kernel main.segmap_19659 with
  grid=(131,1,1)
  block=(256,1,1)
  shared memory=0

Unreferencing block mem_19872 (allocated as mem_19872) in space 'device': 1 references remaining.
Unreferencing block mem_19874 (allocated as mem_19874) in space 'device': 1 references remaining.
Unreferencing block mem_19876 (allocated as mem_19876) in space 'device': 1 references remaining.
Unreferencing block mem_19878 (allocated as mem_19878) in space 'device': 1 references remaining.
Unreferencing block mem_19864 (allocated as mem_19864) in space 'device': 1 references remaining.
Unreferencing block mem_19866 (allocated as mem_19866) in space 'device': 1 references remaining.
Unreferencing block mem_19867 (allocated as mem_19867) in space 'device': 1 references remaining.
Unreferencing block mem_19869 (allocated as mem_19869) in space 'device': 1 references remaining.
Unreferencing block mem_param_tmp_20406 (allocated as mem_19872) in space 'device': 0 references remaining.
266664 bytes freed (now allocated: 7007108 bytes)
Unreferencing block mem_param_tmp_20407 (allocated as mem_19874) in space 'device': 0 references remaining.
266664 bytes freed (now allocated: 6740444 bytes)
Unreferencing block mem_param_tmp_20408 (allocated as mem_19876) in space 'device': 0 references remaining.
266664 bytes freed (now allocated: 6473780 bytes)
Unreferencing block mem_param_tmp_20409 (allocated as mem_19878) in space 'device': 0 references remaining.
266664 bytes freed (now allocated: 6207116 bytes)
Unreferencing block mem_param_tmp_20410 (allocated as mem_19864) in space 'device': 0 references remaining.
33332 bytes freed (now allocated: 6173784 bytes)
Unreferencing block mem_param_tmp_20411 (allocated as mem_19866) in space 'device': 0 references remaining.
133328 bytes freed (now allocated: 6040456 bytes)
Unreferencing block mem_param_tmp_20412 (allocated as mem_19867) in space 'device': 0 references remaining.
33332 bytes freed (now allocated: 6007124 bytes)
Unreferencing block mem_param_tmp_20413 (allocated as mem_19869) in space 'device': 0 references remaining.
133328 bytes freed (now allocated: 5873796 bytes)
Unreferencing block mem_19864 (allocated as mem_19864) in space 'device': 2 references remaining.
Allocating 33332 bytes for mem_19864 in space 'device' (currently allocated: 5873796 bytes).
Received block of 33332 bytes; now allocated: 5907128 bytes.

# Copy GPU to GPU
Shape: [33332]
Dst offset: 0
Dst strides: 1
Src offset: 0
Src strides: 1
## Flat copy

Event: copy_dev_to_dev

Unreferencing block mem_19866 (allocated as mem_19866) in space 'device': 2 references remaining.
Allocating 133328 bytes for mem_19866 in space 'device' (currently allocated: 5907128 bytes).
Received block of 133328 bytes; now allocated: 6040456 bytes.

# Copy GPU to GPU
Shape: [33332]
Dst offset: 0
Dst strides: 1
Src offset: 0
Src strides: 1
## Flat copy

Event: copy_dev_to_dev

Unreferencing block mem_19867 (allocated as mem_19867) in space 'device': 2 references remaining.
Allocating 33332 bytes for mem_19867 in space 'device' (currently allocated: 6040456 bytes).
Received block of 33332 bytes; now allocated: 6073788 bytes.

# Copy GPU to GPU
Shape: [33332]
Dst offset: 0
Dst strides: 1
Src offset: 0
Src strides: 1
## Flat copy

Event: copy_dev_to_dev

Unreferencing block mem_19869 (allocated as mem_19869) in space 'device': 2 references remaining.
Allocating 133328 bytes for mem_19869 in space 'device' (currently allocated: 6073788 bytes).
Received block of 133328 bytes; now allocated: 6207116 bytes.

# Copy GPU to GPU
Shape: [33332]
Dst offset: 0
Dst strides: 1
Src offset: 0
Src strides: 1
## Flat copy

Event: copy_dev_to_dev

Unreferencing block mem_19872 (allocated as mem_19872) in space 'device': 2 references remaining.
Allocating 266656 bytes for mem_19872 in space 'device' (currently allocated: 6207116 bytes).
Received block of 266664 bytes; now allocated: 6473780 bytes.
Unreferencing block mem_19874 (allocated as mem_19874) in space 'device': 2 references remaining.
Allocating 266656 bytes for mem_19874 in space 'device' (currently allocated: 6473780 bytes).
Received block of 266664 bytes; now allocated: 6740444 bytes.
Unreferencing block mem_19876 (allocated as mem_19876) in space 'device': 2 references remaining.
Allocating 266656 bytes for mem_19876 in space 'device' (currently allocated: 6740444 bytes).
Received block of 266664 bytes; now allocated: 7007108 bytes.
Unreferencing block mem_19878 (allocated as mem_19878) in space 'device': 2 references remaining.
Allocating 266656 bytes for mem_19878 in space 'device' (currently allocated: 7007108 bytes).
Received block of 266664 bytes; now allocated: 7273772 bytes.
Event: main.segmap_19659
Kernel main.segmap_19659 with
  grid=(131,1,1)
  block=(256,1,1)
  shared memory=0

Unreferencing block mem_19872 (allocated as mem_19872) in space 'device': 1 references remaining.
Unreferencing block mem_19874 (allocated as mem_19874) in space 'device': 1 references remaining.
Unreferencing block mem_19876 (allocated as mem_19876) in space 'device': 1 references remaining.
Unreferencing block mem_19878 (allocated as mem_19878) in space 'device': 1 references remaining.
Unreferencing block mem_19864 (allocated as mem_19864) in space 'device': 1 references remaining.
Unreferencing block mem_19866 (allocated as mem_19866) in space 'device': 1 references remaining.
Unreferencing block mem_19867 (allocated as mem_19867) in space 'device': 1 references remaining.
Unreferencing block mem_19869 (allocated as mem_19869) in space 'device': 1 references remaining.
Unreferencing block mem_param_tmp_20406 (allocated as mem_19872) in space 'device': 0 references remaining.
266664 bytes freed (now allocated: 7007108 bytes)
Unreferencing block mem_param_tmp_20407 (allocated as mem_19874) in space 'device': 0 references remaining.
266664 bytes freed (now allocated: 6740444 bytes)
Unreferencing block mem_param_tmp_20408 (allocated as mem_19876) in space 'device': 0 references remaining.
266664 bytes freed (now allocated: 6473780 bytes)
Unreferencing block mem_param_tmp_20409 (allocated as mem_19878) in space 'device': 0 references remaining.
266664 bytes freed (now allocated: 6207116 bytes)
Unreferencing block mem_param_tmp_20410 (allocated as mem_19864) in space 'device': 0 references remaining.
33332 bytes freed (now allocated: 6173784 bytes)
Unreferencing block mem_param_tmp_20411 (allocated as mem_19866) in space 'device': 0 references remaining.
133328 bytes freed (now allocated: 6040456 bytes)
Unreferencing block mem_param_tmp_20412 (allocated as mem_19867) in space 'device': 0 references remaining.
33332 bytes freed (now allocated: 6007124 bytes)
Unreferencing block mem_param_tmp_20413 (allocated as mem_19869) in space 'device': 0 references remaining.
133332 bytes freed (now allocated: 5873792 bytes)
Unreferencing block mem_19864 (allocated as mem_19864) in space 'device': 2 references remaining.
Allocating 33332 bytes for mem_19864 in space 'device' (currently allocated: 5873792 bytes).
Received block of 33332 bytes; now allocated: 5907124 bytes.

# Copy GPU to GPU
Shape: [33332]
Dst offset: 0
Dst strides: 1
Src offset: 0
Src strides: 1
## Flat copy

Event: copy_dev_to_dev

Unreferencing block mem_19866 (allocated as mem_19866) in space 'device': 2 references remaining.
Allocating 133328 bytes for mem_19866 in space 'device' (currently allocated: 5907124 bytes).
Received block of 133328 bytes; now allocated: 6040452 bytes.

# Copy GPU to GPU
Shape: [33332]
Dst offset: 0
Dst strides: 1
Src offset: 0
Src strides: 1
## Flat copy

Event: copy_dev_to_dev

Unreferencing block mem_19867 (allocated as mem_19867) in space 'device': 2 references remaining.
Allocating 33332 bytes for mem_19867 in space 'device' (currently allocated: 6040452 bytes).
Received block of 33332 bytes; now allocated: 6073784 bytes.

# Copy GPU to GPU
Shape: [33332]
Dst offset: 0
Dst strides: 1
Src offset: 0
Src strides: 1
## Flat copy

Event: copy_dev_to_dev

Unreferencing block mem_19869 (allocated as mem_19869) in space 'device': 2 references remaining.
Allocating 133328 bytes for mem_19869 in space 'device' (currently allocated: 6073784 bytes).
Received block of 133332 bytes; now allocated: 6207116 bytes.

# Copy GPU to GPU
Shape: [33332]
Dst offset: 0
Dst strides: 1
Src offset: 0
Src strides: 1
## Flat copy

Event: copy_dev_to_dev

Unreferencing block mem_19872 (allocated as mem_19872) in space 'device': 2 references remaining.
Allocating 266656 bytes for mem_19872 in space 'device' (currently allocated: 6207116 bytes).
Received block of 266664 bytes; now allocated: 6473780 bytes.
Unreferencing block mem_19874 (allocated as mem_19874) in space 'device': 2 references remaining.
Allocating 266656 bytes for mem_19874 in space 'device' (currently allocated: 6473780 bytes).
Received block of 266664 bytes; now allocated: 6740444 bytes.
Unreferencing block mem_19876 (allocated as mem_19876) in space 'device': 2 references remaining.
Allocating 266656 bytes for mem_19876 in space 'device' (currently allocated: 6740444 bytes).
Received block of 266664 bytes; now allocated: 7007108 bytes.
Unreferencing block mem_19878 (allocated as mem_19878) in space 'device': 2 references remaining.
Allocating 266656 bytes for mem_19878 in space 'device' (currently allocated: 7007108 bytes).
Received block of 266664 bytes; now allocated: 7273772 bytes.
Event: main.segmap_19659
Kernel main.segmap_19659 with
  grid=(131,1,1)
  block=(256,1,1)
  shared memory=0

Unreferencing block mem_19872 (allocated as mem_19872) in space 'device': 1 references remaining.
Unreferencing block mem_19874 (allocated as mem_19874) in space 'device': 1 references remaining.
Unreferencing block mem_19876 (allocated as mem_19876) in space 'device': 1 references remaining.
Unreferencing block mem_19878 (allocated as mem_19878) in space 'device': 1 references remaining.
Unreferencing block mem_19864 (allocated as mem_19864) in space 'device': 1 references remaining.
Unreferencing block mem_19866 (allocated as mem_19866) in space 'device': 1 references remaining.
Unreferencing block mem_19867 (allocated as mem_19867) in space 'device': 1 references remaining.
Unreferencing block mem_19869 (allocated as mem_19869) in space 'device': 1 references remaining.
Unreferencing block mem_param_tmp_20406 (allocated as mem_19872) in space 'device': 0 references remaining.
266664 bytes freed (now allocated: 7007108 bytes)
Unreferencing block mem_param_tmp_20407 (allocated as mem_19874) in space 'device': 0 references remaining.
266664 bytes freed (now allocated: 6740444 bytes)
Unreferencing block mem_param_tmp_20408 (allocated as mem_19876) in space 'device': 0 references remaining.
266664 bytes freed (now allocated: 6473780 bytes)
Unreferencing block mem_param_tmp_20409 (allocated as mem_19878) in space 'device': 0 references remaining.
266664 bytes freed (now allocated: 6207116 bytes)
Unreferencing block mem_param_tmp_20410 (allocated as mem_19864) in space 'device': 0 references remaining.
33332 bytes freed (now allocated: 6173784 bytes)
Unreferencing block mem_param_tmp_20411 (allocated as mem_19866) in space 'device': 0 references remaining.
133328 bytes freed (now allocated: 6040456 bytes)
Unreferencing block mem_param_tmp_20412 (allocated as mem_19867) in space 'device': 0 references remaining.
33332 bytes freed (now allocated: 6007124 bytes)
Unreferencing block mem_param_tmp_20413 (allocated as mem_19869) in space 'device': 0 references remaining.
133328 bytes freed (now allocated: 5873796 bytes)
Unreferencing block mem_19864 (allocated as mem_19864) in space 'device': 2 references remaining.
Allocating 33332 bytes for mem_19864 in space 'device' (currently allocated: 5873796 bytes).
Received block of 33332 bytes; now allocated: 5907128 bytes.

# Copy GPU to GPU
Shape: [33332]
Dst offset: 0
Dst strides: 1
Src offset: 0
Src strides: 1
## Flat copy

Event: copy_dev_to_dev

Unreferencing block mem_19866 (allocated as mem_19866) in space 'device': 2 references remaining.
Allocating 133328 bytes for mem_19866 in space 'device' (currently allocated: 5907128 bytes).
Received block of 133328 bytes; now allocated: 6040456 bytes.

# Copy GPU to GPU
Shape: [33332]
Dst offset: 0
Dst strides: 1
Src offset: 0
Src strides: 1
## Flat copy

Event: copy_dev_to_dev

Unreferencing block mem_19867 (allocated as mem_19867) in space 'device': 2 references remaining.
Allocating 33332 bytes for mem_19867 in space 'device' (currently allocated: 6040456 bytes).
Received block of 33332 bytes; now allocated: 6073788 bytes.

# Copy GPU to GPU
Shape: [33332]
Dst offset: 0
Dst strides: 1
Src offset: 0
Src strides: 1
## Flat copy

Event: copy_dev_to_dev

Unreferencing block mem_19869 (allocated as mem_19869) in space 'device': 2 references remaining.
Allocating 133328 bytes for mem_19869 in space 'device' (currently allocated: 6073788 bytes).
Received block of 133328 bytes; now allocated: 6207116 bytes.

# Copy GPU to GPU
Shape: [33332]
Dst offset: 0
Dst strides: 1
Src offset: 0
Src strides: 1
## Flat copy

Event: copy_dev_to_dev

Unreferencing block mem_19872 (allocated as mem_19872) in space 'device': 2 references remaining.
Allocating 266656 bytes for mem_19872 in space 'device' (currently allocated: 6207116 bytes).
Received block of 266664 bytes; now allocated: 6473780 bytes.
Unreferencing block mem_19874 (allocated as mem_19874) in space 'device': 2 references remaining.
Allocating 266656 bytes for mem_19874 in space 'device' (currently allocated: 6473780 bytes).
Received block of 266664 bytes; now allocated: 6740444 bytes.
Unreferencing block mem_19876 (allocated as mem_19876) in space 'device': 2 references remaining.
Allocating 266656 bytes for mem_19876 in space 'device' (currently allocated: 6740444 bytes).
Received block of 266664 bytes; now allocated: 7007108 bytes.
Unreferencing block mem_19878 (allocated as mem_19878) in space 'device': 2 references remaining.
Allocating 266656 bytes for mem_19878 in space 'device' (currently allocated: 7007108 bytes).
Received block of 266664 bytes; now allocated: 7273772 bytes.
Event: main.segmap_19659
Kernel main.segmap_19659 with
  grid=(131,1,1)
  block=(256,1,1)
  shared memory=0

Unreferencing block mem_19872 (allocated as mem_19872) in space 'device': 1 references remaining.
Unreferencing block mem_19874 (allocated as mem_19874) in space 'device': 1 references remaining.
Unreferencing block mem_19876 (allocated as mem_19876) in space 'device': 1 references remaining.
Unreferencing block mem_19878 (allocated as mem_19878) in space 'device': 1 references remaining.
Unreferencing block mem_19864 (allocated as mem_19864) in space 'device': 1 references remaining.
Unreferencing block mem_19866 (allocated as mem_19866) in space 'device': 1 references remaining.
Unreferencing block mem_19867 (allocated as mem_19867) in space 'device': 1 references remaining.
Unreferencing block mem_19869 (allocated as mem_19869) in space 'device': 1 references remaining.
Unreferencing block mem_param_tmp_20406 (allocated as mem_19872) in space 'device': 0 references remaining.
266664 bytes freed (now allocated: 7007108 bytes)
Unreferencing block mem_param_tmp_20407 (allocated as mem_19874) in space 'device': 0 references remaining.
266664 bytes freed (now allocated: 6740444 bytes)
Unreferencing block mem_param_tmp_20408 (allocated as mem_19876) in space 'device': 0 references remaining.
266664 bytes freed (now allocated: 6473780 bytes)
Unreferencing block mem_param_tmp_20409 (allocated as mem_19878) in space 'device': 0 references remaining.
266664 bytes freed (now allocated: 6207116 bytes)
Unreferencing block mem_param_tmp_20410 (allocated as mem_19864) in space 'device': 0 references remaining.
33332 bytes freed (now allocated: 6173784 bytes)
Unreferencing block mem_param_tmp_20411 (allocated as mem_19866) in space 'device': 0 references remaining.
133328 bytes freed (now allocated: 6040456 bytes)
Unreferencing block mem_param_tmp_20412 (allocated as mem_19867) in space 'device': 0 references remaining.
33332 bytes freed (now allocated: 6007124 bytes)
Unreferencing block mem_param_tmp_20413 (allocated as mem_19869) in space 'device': 0 references remaining.
133332 bytes freed (now allocated: 5873792 bytes)
Unreferencing block mem_19775 (allocated as mem_19775) in space 'device': 0 references remaining.
266656 bytes freed (now allocated: 5607136 bytes)
Unreferencing block mem_19830 (allocated as mem_19830) in space 'device': 0 references remaining.
33332 bytes freed (now allocated: 5573804 bytes)
Unreferencing block mem_19832 (allocated as mem_19832) in space 'device': 0 references remaining.
133328 bytes freed (now allocated: 5440476 bytes)
Unreferencing block mem_19833 (allocated as mem_19833) in space 'device': 0 references remaining.
33332 bytes freed (now allocated: 5407144 bytes)
Unreferencing block mem_19835 (allocated as mem_19835) in space 'device': 0 references remaining.
133328 bytes freed (now allocated: 5273816 bytes)
Event: main.segmap_19697
Kernel main.segmap_19697 with
  grid=(131,1,1)
  block=(256,1,1)
  shared memory=0

Unreferencing block mem_19837 (allocated as mem_19837) in space 'device': 0 references remaining.
266656 bytes freed (now allocated: 5007160 bytes)
Unreferencing block mem_19839 (allocated as mem_19839) in space 'device': 0 references remaining.
266656 bytes freed (now allocated: 4740504 bytes)
Allocating 4 bytes for mem_19905 in space 'device' (currently allocated: 4740504 bytes).
Received block of 8 bytes; now allocated: 4740512 bytes.
Allocating 524 bytes for segred_tmp_mem_20447 in space 'device' (currently allocated: 4740512 bytes).
Received block of 524 bytes; now allocated: 4741036 bytes.
Event: main.segred_nonseg_19713
Kernel main.segred_nonseg_19713 with
  grid=(131,1,1)
  block=(256,1,1)
  shared memory=1032

Unreferencing block mem_19779 (allocated as mem_19779) in space 'device': 0 references remaining.
133328 bytes freed (now allocated: 4607708 bytes)
Unreferencing block mem_19822 (allocated as mem_19822) in space 'device': 0 references remaining.
266664 bytes freed (now allocated: 4341044 bytes)
Unreferencing block mem_19824 (allocated as mem_19824) in space 'device': 0 references remaining.
266664 bytes freed (now allocated: 4074380 bytes)
Unreferencing block mem_19826 (allocated as mem_19826) in space 'device': 0 references remaining.
266664 bytes freed (now allocated: 3807716 bytes)
Unreferencing block mem_19828 (allocated as mem_19828) in space 'device': 0 references remaining.
266664 bytes freed (now allocated: 3541052 bytes)
Unreferencing block ext_mem_19895 (allocated as mem_19869) in space 'device': 3 references remaining.
Unreferencing block ext_mem_19896 (allocated as mem_19867) in space 'device': 3 references remaining.
Unreferencing block ext_mem_19897 (allocated as mem_19866) in space 'device': 3 references remaining.
Unreferencing block ext_mem_19898 (allocated as mem_19864) in space 'device': 3 references remaining.
Unreferencing block ext_mem_19899 (allocated as mem_19878) in space 'device': 3 references remaining.
Unreferencing block ext_mem_19900 (allocated as mem_19876) in space 'device': 3 references remaining.
Unreferencing block ext_mem_19901 (allocated as mem_19874) in space 'device': 3 references remaining.
Unreferencing block ext_mem_19902 (allocated as mem_19872) in space 'device': 3 references remaining.
Event: copy_scalar_from_dev

Unreferencing block mem_19905 (allocated as mem_19905) in space 'device': 0 references remaining.
8 bytes freed (now allocated: 3541044 bytes)
Unreferencing block segred_tmp_mem_20447 (allocated as segred_tmp_mem_20447) in space 'device': 0 references remaining.
524 bytes freed (now allocated: 3540520 bytes)
Unreferencing block mem_param_tmp_20413 (allocated as mem_19869) in space 'device': 2 references remaining.
Unreferencing block mem_param_tmp_20412 (allocated as mem_19867) in space 'device': 2 references remaining.
Unreferencing block mem_param_tmp_20411 (allocated as mem_19866) in space 'device': 2 references remaining.
Unreferencing block mem_param_tmp_20410 (allocated as mem_19864) in space 'device': 2 references remaining.
Unreferencing block mem_param_tmp_20409 (allocated as mem_19878) in space 'device': 2 references remaining.
Unreferencing block mem_param_tmp_20408 (allocated as mem_19876) in space 'device': 2 references remaining.
Unreferencing block mem_param_tmp_20407 (allocated as mem_19874) in space 'device': 2 references remaining.
Unreferencing block mem_param_tmp_20406 (allocated as mem_19872) in space 'device': 2 references remaining.
Unreferencing block mem_19878 (allocated as mem_19878) in space 'device': 1 references remaining.
Unreferencing block mem_19876 (allocated as mem_19876) in space 'device': 1 references remaining.
Unreferencing block mem_19874 (allocated as mem_19874) in space 'device': 1 references remaining.
Unreferencing block mem_19872 (allocated as mem_19872) in space 'device': 1 references remaining.
Unreferencing block mem_19869 (allocated as mem_19869) in space 'device': 1 references remaining.
Unreferencing block mem_19867 (allocated as mem_19867) in space 'device': 1 references remaining.
Unreferencing block mem_19866 (allocated as mem_19866) in space 'device': 1 references remaining.
Unreferencing block mem_19864 (allocated as mem_19864) in space 'device': 1 references remaining.
Unreferencing block mem_param_19863 (allocated as mem_19869) in space 'device': 0 references remaining.
133328 bytes freed (now allocated: 3407192 bytes)
Unreferencing block mem_param_19860 (allocated as mem_19867) in space 'device': 0 references remaining.
33332 bytes freed (now allocated: 3373860 bytes)
Unreferencing block mem_param_19857 (allocated as mem_19866) in space 'device': 0 references remaining.
133328 bytes freed (now allocated: 3240532 bytes)
Unreferencing block mem_param_19854 (allocated as mem_19864) in space 'device': 0 references remaining.
33332 bytes freed (now allocated: 3207200 bytes)
Unreferencing block mem_param_19851 (allocated as mem_19878) in space 'device': 0 references remaining.
266664 bytes freed (now allocated: 2940536 bytes)
Unreferencing block mem_param_19848 (allocated as mem_19876) in space 'device': 0 references remaining.
266664 bytes freed (now allocated: 2673872 bytes)
Unreferencing block mem_param_19845 (allocated as mem_19874) in space 'device': 0 references remaining.
266664 bytes freed (now allocated: 2407208 bytes)
Unreferencing block mem_param_19842 (allocated as mem_19872) in space 'device': 0 references remaining.
266664 bytes freed (now allocated: 2140544 bytes)
Unreferencing block mem_param_tmp_20086 (allocated as mem_19805) in space 'device': 2 references remaining.
Unreferencing block mem_param_tmp_20085 (allocated as mem_19807) in space 'device': 3 references remaining.
Unreferencing block mem_19807 (allocated as mem_19807) in space 'device': 2 references remaining.
Unreferencing block mem_19805 (allocated as mem_19805) in space 'device': 1 references remaining.
Unreferencing block incprefixes_mem_20132 (allocated as incprefixes_mem_20132) in space 'device': 0 references remaining.
352 bytes freed (now allocated: 2140192 bytes)
Unreferencing block aggregates_mem_20130 (allocated as aggregates_mem_20130) in space 'device': 0 references remaining.
352 bytes freed (now allocated: 2139840 bytes)
Unreferencing block incprefixes_mem_20128 (allocated as incprefixes_mem_20128) in space 'device': 0 references remaining.
352 bytes freed (now allocated: 2139488 bytes)
Unreferencing block aggregates_mem_20126 (allocated as aggregates_mem_20126) in space 'device': 0 references remaining.
352 bytes freed (now allocated: 2139136 bytes)
Unreferencing block incprefixes_mem_20124 (allocated as incprefixes_mem_20124) in space 'device': 0 references remaining.
352 bytes freed (now allocated: 2138784 bytes)
Unreferencing block aggregates_mem_20122 (allocated as aggregates_mem_20122) in space 'device': 0 references remaining.
352 bytes freed (now allocated: 2138432 bytes)
Unreferencing block incprefixes_mem_20120 (allocated as incprefixes_mem_20120) in space 'device': 0 references remaining.
352 bytes freed (now allocated: 2138080 bytes)
Unreferencing block aggregates_mem_20118 (allocated as aggregates_mem_20118) in space 'device': 0 references remaining.
352 bytes freed (now allocated: 2137728 bytes)
Unreferencing block status_flags_mem_20096 (allocated as status_flags_mem_20096) in space 'device': 0 references remaining.
44 bytes freed (now allocated: 2137684 bytes)
Unreferencing block mem_param_19792 (allocated as mem_19805) in space 'device': 0 references remaining.
266664 bytes freed (now allocated: 1871020 bytes)
Unreferencing block mem_param_19789 (allocated as mem_19807) in space 'device': 1 references remaining.
Unreferencing block ext_mem_19817 (allocated as mem_19807) in space 'device': 0 references remaining.
266664 bytes freed (now allocated: 1604356 bytes)
Unreferencing block segred_tmp_mem_19950 (allocated as segred_tmp_mem_19950) in space 'device': 0 references remaining.
1048 bytes freed (now allocated: 1603308 bytes)
Unreferencing block segred_tmp_mem_19948 (allocated as segred_tmp_mem_19948) in space 'device': 0 references remaining.
1048 bytes freed (now allocated: 1602260 bytes)
Unreferencing block segred_tmp_mem_19946 (allocated as segred_tmp_mem_19946) in space 'device': 0 references remaining.
1048 bytes freed (now allocated: 1601212 bytes)
Unreferencing block segred_tmp_mem_19944 (allocated as segred_tmp_mem_19944) in space 'device': 0 references remaining.
1048 bytes freed (now allocated: 1600164 bytes)
runtime: 152325
